[114856:112576:0922/101707.733:WARNING:chrome_main_delegate.cc(745)] This is Chrome version 128.0.6613.138 (not a warning)
[114856:123188:0922/101708.258:ERROR:google_update_settings.cc(265)] Failed opening key Software\Chromium to set usagestats; result: 5
[114856:112576:0922/101708.548:WARNING:account_consistency_mode_manager.cc(77)] Desktop Identity Consistency cannot be enabled as no OAuth client ID and client secret have been configured.
[114856:118272:0922/101722.850:WARNING:leveldb_database.cc(141)] Unable to open C:\Users\Damon\OneDrive - ADvTECH Ltd\Documents\GitHub\FPSGame\GADE7222_POE 5.7 5.7 5.7\Saved\webcache_6613\Default\shared_proto_db\metadata: IO error: C:\Users\Damon\OneDrive - ADvTECH Ltd\Documents\GitHub\FPSGame\GADE7222_POE 5.7 5.7 5.7\Saved\webcache_6613\Default\shared_proto_db\metadata/MANIFEST-000001: Unable to create sequential file (ChromeMethodBFE: 7::NewSequentialFile::1)
[114856:118272:0922/101722.860:WARNING:leveldb_database.cc(141)] Unable to open C:\Users\Damon\OneDrive - ADvTECH Ltd\Documents\GitHub\FPSGame\GADE7222_POE 5.7 5.7 5.7\Saved\webcache_6613\Default\shared_proto_db\metadata: IO error: C:\Users\Damon\OneDrive - ADvTECH Ltd\Documents\GitHub\FPSGame\GADE7222_POE 5.7 5.7 5.7\Saved\webcache_6613\Default\shared_proto_db\metadata/MANIFEST-000001: Unable to create sequential file (ChromeMethodBFE: 7::NewSequentialFile::1)
[114856:118272:0922/101722.868:WARNING:leveldb_database.cc(141)] Unable to open C:\Users\Damon\OneDrive - ADvTECH Ltd\Documents\GitHub\FPSGame\GADE7222_POE 5.7 5.7 5.7\Saved\webcache_6613\Default\shared_proto_db\metadata: IO error: C:\Users\Damon\OneDrive - ADvTECH Ltd\Documents\GitHub\FPSGame\GADE7222_POE 5.7 5.7 5.7\Saved\webcache_6613\Default\shared_proto_db\metadata/MANIFEST-000001: Unable to create sequential file (ChromeMethodBFE: 7::NewSequentialFile::1)
[114856:118272:0922/101722.875:WARNING:leveldb_database.cc(141)] Unable to open C:\Users\Damon\OneDrive - ADvTECH Ltd\Documents\GitHub\FPSGame\GADE7222_POE 5.7 5.7 5.7\Saved\webcache_6613\Default\shared_proto_db\metadata: IO error: C:\Users\Damon\OneDrive - ADvTECH Ltd\Documents\GitHub\FPSGame\GADE7222_POE 5.7 5.7 5.7\Saved\webcache_6613\Default\shared_proto_db\metadata/MANIFEST-000001: Unable to create sequential file (ChromeMethodBFE: 7::NewSequentialFile::1)
[114856:112576:0922/101727.631:WARNING:page_discarding_helper.cc(138)] Discarding multiple pages with target (kb): 0
[114856:118272:0922/101730.525:WARNING:value_store_frontend.cc(47)] Reading ahfgeienlihckogmohjhadlkjgocpleb.alarms from  failed: IO error: .../MANIFEST-000001: Unable to create sequential file (ChromeMethodBFE: 7::NewSequentialFile::1)
[114856:118272:0922/101730.530:WARNING:value_store_frontend.cc(47)] Reading mhjfbmdgcfjbbpaeojofohoefgiehjai.alarms from  failed: IO error: .../MANIFEST-000001: Unable to create sequential file (ChromeMethodBFE: 7::NewSequentialFile::1)
[114856:112576:0922/101734.020:ERROR:browser_info_manager.cc(781)] Timeout of new browser info response for frame 6-498AB849F4DCEDA7201EDA7367B2F281 (has_rfh=1)
[115472:123352:0922/101734.084:WARNING:frame_impl.cc(430)] virtual CefFrameImpl::SendProcessMessage sent to detached frame 5-068B1A4438EFE11D7BADFC494907CFBF will be ignored
[114856:112576:0922/101745.587:WARNING:page_discarding_helper.cc(138)] Discarding multiple pages with target (kb): 0
[114856:112576:0922/101750.671:WARNING:page_discarding_helper.cc(138)] Discarding multiple pages with target (kb): 0
[109840:104836:0922/101751.542:WARNING:frame_impl.cc(430)] virtual CefFrameImpl::SendProcessMessage sent to detached frame 8-BBACD5CF43A25164D9634CD42AB13AAF will be ignored
[114856:112576:0922/101841.701:WARNING:page_discarding_helper.cc(138)] Discarding multiple pages with target (kb): 0
[114856:112576:0922/101846.703:WARNING:page_discarding_helper.cc(138)] Discarding multiple pages with target (kb): 0
[114856:112576:0922/102243.055:WARNING:page_discarding_helper.cc(138)] Discarding multiple pages with target (kb): 0
[114856:112576:0922/102303.064:WARNING:page_discarding_helper.cc(138)] Discarding multiple pages with target (kb): 0
[114856:112576:0922/102308.064:WARNING:page_discarding_helper.cc(138)] Discarding multiple pages with target (kb): 0
[114856:112576:0922/102313.065:WARNING:page_discarding_helper.cc(138)] Discarding multiple pages with target (kb): 0
[114856:112576:0922/102318.072:WARNING:page_discarding_helper.cc(138)] Discarding multiple pages with target (kb): 0
[114856:112576:0922/102323.134:WARNING:page_discarding_helper.cc(138)] Discarding multiple pages with target (kb): 0
[114856:112576:0922/102343.238:WARNING:page_discarding_helper.cc(138)] Discarding multiple pages with target (kb): 0
[114856:112576:0922/102348.234:WARNING:page_discarding_helper.cc(138)] Discarding multiple pages with target (kb): 0
[114856:112576:0922/102358.242:WARNING:page_discarding_helper.cc(138)] Discarding multiple pages with target (kb): 0
[114856:112576:0922/102635.954:WARNING:page_discarding_helper.cc(138)] Discarding multiple pages with target (kb): 0
[114856:112576:0922/102826.501:WARNING:page_discarding_helper.cc(138)] Discarding multiple pages with target (kb): 0
[114856:112576:0922/102831.501:WARNING:page_discarding_helper.cc(138)] Discarding multiple pages with target (kb): 0
[114856:112576:0922/102952.975:WARNING:page_discarding_helper.cc(138)] Discarding multiple pages with target (kb): 0
[114856:112576:0922/102958.035:WARNING:page_discarding_helper.cc(138)] Discarding multiple pages with target (kb): 0
[114856:112576:0922/103003.043:WARNING:page_discarding_helper.cc(138)] Discarding multiple pages with target (kb): 0
[114856:112576:0922/103008.082:WARNING:page_discarding_helper.cc(138)] Discarding multiple pages with target (kb): 0
[114856:112576:0922/103013.131:WARNING:page_discarding_helper.cc(138)] Discarding multiple pages with target (kb): 0
[114856:112576:0922/103018.177:WARNING:page_discarding_helper.cc(138)] Discarding multiple pages with target (kb): 0
[114856:112576:0922/103023.203:WARNING:page_discarding_helper.cc(138)] Discarding multiple pages with target (kb): 0
[114856:112576:0922/103028.213:WARNING:page_discarding_helper.cc(138)] Discarding multiple pages with target (kb): 0
[114856:112576:0922/103033.260:WARNING:page_discarding_helper.cc(138)] Discarding multiple pages with target (kb): 0
[114856:112576:0922/103313.787:WARNING:page_discarding_helper.cc(138)] Discarding multiple pages with target (kb): 0
[114856:112576:0922/103318.787:WARNING:page_discarding_helper.cc(138)] Discarding multiple pages with target (kb): 0
[114856:112576:0922/103323.802:WARNING:page_discarding_helper.cc(138)] Discarding multiple pages with target (kb): 0
[114856:112576:0922/103328.804:WARNING:page_discarding_helper.cc(138)] Discarding multiple pages with target (kb): 0
[114856:112576:0922/103333.802:WARNING:page_discarding_helper.cc(138)] Discarding multiple pages with target (kb): 0
[114856:112576:0922/103338.804:WARNING:page_discarding_helper.cc(138)] Discarding multiple pages with target (kb): 0
[114856:112576:0922/103343.812:WARNING:page_discarding_helper.cc(138)] Discarding multiple pages with target (kb): 0
[114856:112576:0922/103348.816:WARNING:page_discarding_helper.cc(138)] Discarding multiple pages with target (kb): 0
[114856:112576:0922/103639.627:WARNING:page_discarding_helper.cc(138)] Discarding multiple pages with target (kb): 0
[114856:112576:0922/103644.645:WARNING:page_discarding_helper.cc(138)] Discarding multiple pages with target (kb): 0
[114856:112576:0922/103649.655:WARNING:page_discarding_helper.cc(138)] Discarding multiple pages with target (kb): 0
[114856:112576:0922/103654.702:WARNING:page_discarding_helper.cc(138)] Discarding multiple pages with target (kb): 0
[114856:112576:0922/103659.750:WARNING:page_discarding_helper.cc(138)] Discarding multiple pages with target (kb): 0
[114856:112576:0922/103704.800:WARNING:page_discarding_helper.cc(138)] Discarding multiple pages with target (kb): 0
[114856:112576:0922/103709.854:WARNING:page_discarding_helper.cc(138)] Discarding multiple pages with target (kb): 0
[114856:112576:0922/103714.897:WARNING:page_discarding_helper.cc(138)] Discarding multiple pages with target (kb): 0
[114856:112576:0922/103719.916:WARNING:page_discarding_helper.cc(138)] Discarding multiple pages with target (kb): 0
[114856:112576:0922/103724.965:WARNING:page_discarding_helper.cc(138)] Discarding multiple pages with target (kb): 0
[114856:112576:0922/103729.967:WARNING:page_discarding_helper.cc(138)] Discarding multiple pages with target (kb): 0
[114856:112576:0922/103735.020:WARNING:page_discarding_helper.cc(138)] Discarding multiple pages with target (kb): 0
[114856:112576:0922/103740.068:WARNING:page_discarding_helper.cc(138)] Discarding multiple pages with target (kb): 0
[114856:112576:0922/103745.069:WARNING:page_discarding_helper.cc(138)] Discarding multiple pages with target (kb): 0
[114856:112576:0922/103750.077:WARNING:page_discarding_helper.cc(138)] Discarding multiple pages with target (kb): 0
[114856:112576:0922/103755.077:WARNING:page_discarding_helper.cc(138)] Discarding multiple pages with target (kb): 0
[114856:112576:0922/103800.101:WARNING:page_discarding_helper.cc(138)] Discarding multiple pages with target (kb): 0
[114856:112576:0922/103805.139:WARNING:page_discarding_helper.cc(138)] Discarding multiple pages with target (kb): 0
[114856:112576:0922/103810.180:WARNING:page_discarding_helper.cc(138)] Discarding multiple pages with target (kb): 0
[114856:112576:0922/103815.221:WARNING:page_discarding_helper.cc(138)] Discarding multiple pages with target (kb): 0
[114856:112576:0922/103820.234:WARNING:page_discarding_helper.cc(138)] Discarding multiple pages with target (kb): 0
[114856:112576:0922/103825.278:WARNING:page_discarding_helper.cc(138)] Discarding multiple pages with target (kb): 0
[114856:112576:0922/103830.301:WARNING:page_discarding_helper.cc(138)] Discarding multiple pages with target (kb): 0
[114856:112576:0922/103835.304:WARNING:page_discarding_helper.cc(138)] Discarding multiple pages with target (kb): 0
[114856:112576:0922/103840.332:WARNING:page_discarding_helper.cc(138)] Discarding multiple pages with target (kb): 0
[114856:112576:0922/103845.338:WARNING:page_discarding_helper.cc(138)] Discarding multiple pages with target (kb): 0
[114856:112576:0922/103850.338:WARNING:page_discarding_helper.cc(138)] Discarding multiple pages with target (kb): 0
[114856:112576:0922/103900.412:WARNING:page_discarding_helper.cc(138)] Discarding multiple pages with target (kb): 0
[114856:112576:0922/103925.599:WARNING:page_discarding_helper.cc(138)] Discarding multiple pages with target (kb): 0
[114856:112576:0922/103935.614:WARNING:page_discarding_helper.cc(138)] Discarding multiple pages with target (kb): 0
[114856:112576:0922/103940.616:WARNING:page_discarding_helper.cc(138)] Discarding multiple pages with target (kb): 0
[114856:112576:0922/104200.999:WARNING:page_discarding_helper.cc(138)] Discarding multiple pages with target (kb): 0
[114856:112576:0922/104211.031:WARNING:page_discarding_helper.cc(138)] Discarding multiple pages with target (kb): 0
[114856:112576:0922/104216.033:WARNING:page_discarding_helper.cc(138)] Discarding multiple pages with target (kb): 0
[114856:112576:0922/104221.060:WARNING:page_discarding_helper.cc(138)] Discarding multiple pages with target (kb): 0
[114856:112576:0922/104226.065:WARNING:page_discarding_helper.cc(138)] Discarding multiple pages with target (kb): 0
[114856:112576:0922/104231.077:WARNING:page_discarding_helper.cc(138)] Discarding multiple pages with target (kb): 0
[114856:112576:0922/104236.080:WARNING:page_discarding_helper.cc(138)] Discarding multiple pages with target (kb): 0
[114856:112576:0922/104241.085:WARNING:page_discarding_helper.cc(138)] Discarding multiple pages with target (kb): 0
[114856:112576:0922/104246.090:WARNING:page_discarding_helper.cc(138)] Discarding multiple pages with target (kb): 0
[114856:112576:0922/104251.090:WARNING:page_discarding_helper.cc(138)] Discarding multiple pages with target (kb): 0
[114856:112576:0922/104256.089:WARNING:page_discarding_helper.cc(138)] Discarding multiple pages with target (kb): 0
[114856:112576:0922/104301.101:WARNING:page_discarding_helper.cc(138)] Discarding multiple pages with target (kb): 0
[114856:112576:0922/104306.105:WARNING:page_discarding_helper.cc(138)] Discarding multiple pages with target (kb): 0
[114856:112576:0922/104311.111:WARNING:page_discarding_helper.cc(138)] Discarding multiple pages with target (kb): 0
[114856:112576:0922/104316.111:WARNING:page_discarding_helper.cc(138)] Discarding multiple pages with target (kb): 0
[114856:112576:0922/104321.113:WARNING:page_discarding_helper.cc(138)] Discarding multiple pages with target (kb): 0
[114856:112576:0922/104326.124:WARNING:page_discarding_helper.cc(138)] Discarding multiple pages with target (kb): 0
[114856:112576:0922/104331.178:WARNING:page_discarding_helper.cc(138)] Discarding multiple pages with target (kb): 0
[114856:112576:0922/104336.184:WARNING:page_discarding_helper.cc(138)] Discarding multiple pages with target (kb): 0
[114856:112576:0922/104341.200:WARNING:page_discarding_helper.cc(138)] Discarding multiple pages with target (kb): 0
[114856:112576:0922/104346.256:WARNING:page_discarding_helper.cc(138)] Discarding multiple pages with target (kb): 0
[114856:112576:0922/104351.272:WARNING:page_discarding_helper.cc(138)] Discarding multiple pages with target (kb): 0
[114856:112576:0922/104636.807:WARNING:page_discarding_helper.cc(138)] Discarding multiple pages with target (kb): 0
[114856:112576:0922/104646.859:WARNING:page_discarding_helper.cc(138)] Discarding multiple pages with target (kb): 0
[114856:112576:0922/104651.882:WARNING:page_discarding_helper.cc(138)] Discarding multiple pages with target (kb): 0
[114856:112576:0922/104656.942:WARNING:page_discarding_helper.cc(138)] Discarding multiple pages with target (kb): 0
[114856:112576:0922/104701.977:WARNING:page_discarding_helper.cc(138)] Discarding multiple pages with target (kb): 0
[114856:112576:0922/104706.979:WARNING:page_discarding_helper.cc(138)] Discarding multiple pages with target (kb): 0
[114856:112576:0922/104711.985:WARNING:page_discarding_helper.cc(138)] Discarding multiple pages with target (kb): 0
[114856:112576:0922/104717.004:WARNING:page_discarding_helper.cc(138)] Discarding multiple pages with target (kb): 0
[114856:112576:0922/104722.006:WARNING:page_discarding_helper.cc(138)] Discarding multiple pages with target (kb): 0
[114856:112576:0922/104727.046:WARNING:page_discarding_helper.cc(138)] Discarding multiple pages with target (kb): 0
[114856:112576:0922/104732.089:WARNING:page_discarding_helper.cc(138)] Discarding multiple pages with target (kb): 0
[114856:112576:0922/104737.090:WARNING:page_discarding_helper.cc(138)] Discarding multiple pages with target (kb): 0
[114856:112576:0922/104742.092:WARNING:page_discarding_helper.cc(138)] Discarding multiple pages with target (kb): 0
[114856:112576:0922/104747.095:WARNING:page_discarding_helper.cc(138)] Discarding multiple pages with target (kb): 0
[114856:112576:0922/104752.096:WARNING:page_discarding_helper.cc(138)] Discarding multiple pages with target (kb): 0
[114856:112576:0922/104757.098:WARNING:page_discarding_helper.cc(138)] Discarding multiple pages with target (kb): 0
[114856:112576:0922/104802.132:WARNING:page_discarding_helper.cc(138)] Discarding multiple pages with target (kb): 0
[114856:112576:0922/104807.178:WARNING:page_discarding_helper.cc(138)] Discarding multiple pages with target (kb): 0
[114856:112576:0922/105114.587:WARNING:page_discarding_helper.cc(138)] Discarding multiple pages with target (kb): 0
[114856:112576:0922/105119.579:WARNING:page_discarding_helper.cc(138)] Discarding multiple pages with target (kb): 0
[114856:112576:0922/105124.590:WARNING:page_discarding_helper.cc(138)] Discarding multiple pages with target (kb): 0
[114856:112576:0922/105129.591:WARNING:page_discarding_helper.cc(138)] Discarding multiple pages with target (kb): 0
[114856:112576:0922/105134.590:WARNING:page_discarding_helper.cc(138)] Discarding multiple pages with target (kb): 0
[114856:112576:0922/105139.601:WARNING:page_discarding_helper.cc(138)] Discarding multiple pages with target (kb): 0
[114856:112576:0922/105144.601:WARNING:page_discarding_helper.cc(138)] Discarding multiple pages with target (kb): 0
[114856:112576:0922/105149.602:WARNING:page_discarding_helper.cc(138)] Discarding multiple pages with target (kb): 0
[114856:112576:0922/105154.602:WARNING:page_discarding_helper.cc(138)] Discarding multiple pages with target (kb): 0
[114856:112576:0922/105159.602:WARNING:page_discarding_helper.cc(138)] Discarding multiple pages with target (kb): 0
[114856:112576:0922/105204.610:WARNING:page_discarding_helper.cc(138)] Discarding multiple pages with target (kb): 0
[114856:112576:0922/105209.619:WARNING:page_discarding_helper.cc(138)] Discarding multiple pages with target (kb): 0
[114856:112576:0922/105214.619:WARNING:page_discarding_helper.cc(138)] Discarding multiple pages with target (kb): 0
[114856:112576:0922/105219.628:WARNING:page_discarding_helper.cc(138)] Discarding multiple pages with target (kb): 0
[114856:112576:0922/105224.633:WARNING:page_discarding_helper.cc(138)] Discarding multiple pages with target (kb): 0
[114856:112576:0922/105229.634:WARNING:page_discarding_helper.cc(138)] Discarding multiple pages with target (kb): 0
[114856:112576:0922/105244.651:WARNING:page_discarding_helper.cc(138)] Discarding multiple pages with target (kb): 0
[114856:112576:0922/105254.651:WARNING:page_discarding_helper.cc(138)] Discarding multiple pages with target (kb): 0
[114856:112576:0922/105259.653:WARNING:page_discarding_helper.cc(138)] Discarding multiple pages with target (kb): 0
[114856:112576:0922/105304.670:WARNING:page_discarding_helper.cc(138)] Discarding multiple pages with target (kb): 0
[114856:112576:0922/105309.671:WARNING:page_discarding_helper.cc(138)] Discarding multiple pages with target (kb): 0
[114856:112576:0922/105314.671:WARNING:page_discarding_helper.cc(138)] Discarding multiple pages with target (kb): 0
[114856:112576:0922/105319.670:WARNING:page_discarding_helper.cc(138)] Discarding multiple pages with target (kb): 0
[114856:112576:0922/105324.671:WARNING:page_discarding_helper.cc(138)] Discarding multiple pages with target (kb): 0
[114856:112576:0922/105329.688:WARNING:page_discarding_helper.cc(138)] Discarding multiple pages with target (kb): 0
[114856:112576:0922/105334.689:WARNING:page_discarding_helper.cc(138)] Discarding multiple pages with target (kb): 0
[114856:112576:0922/105339.690:WARNING:page_discarding_helper.cc(138)] Discarding multiple pages with target (kb): 0
[114856:112576:0922/105344.701:WARNING:page_discarding_helper.cc(138)] Discarding multiple pages with target (kb): 0
[114856:112576:0922/105349.701:WARNING:page_discarding_helper.cc(138)] Discarding multiple pages with target (kb): 0
[114856:112576:0922/105354.749:WARNING:page_discarding_helper.cc(138)] Discarding multiple pages with target (kb): 0
[114856:112576:0922/105404.768:WARNING:page_discarding_helper.cc(138)] Discarding multiple pages with target (kb): 0
[114856:112576:0922/105409.786:WARNING:page_discarding_helper.cc(138)] Discarding multiple pages with target (kb): 0
[114856:112576:0922/105414.785:WARNING:page_discarding_helper.cc(138)] Discarding multiple pages with target (kb): 0
[114856:112576:0922/105419.786:WARNING:page_discarding_helper.cc(138)] Discarding multiple pages with target (kb): 0
[114856:112576:0922/105424.795:WARNING:page_discarding_helper.cc(138)] Discarding multiple pages with target (kb): 0
[114856:112576:0922/105429.800:WARNING:page_discarding_helper.cc(138)] Discarding multiple pages with target (kb): 0
[114856:112576:0922/105434.802:WARNING:page_discarding_helper.cc(138)] Discarding multiple pages with target (kb): 0
[114856:112576:0922/105439.801:WARNING:page_discarding_helper.cc(138)] Discarding multiple pages with target (kb): 0
[114856:112576:0922/105444.809:WARNING:page_discarding_helper.cc(138)] Discarding multiple pages with target (kb): 0
[114856:112576:0922/105449.810:WARNING:page_discarding_helper.cc(138)] Discarding multiple pages with target (kb): 0
[114856:112576:0922/105454.810:WARNING:page_discarding_helper.cc(138)] Discarding multiple pages with target (kb): 0
[114856:112576:0922/105459.810:WARNING:page_discarding_helper.cc(138)] Discarding multiple pages with target (kb): 0
[114856:112576:0922/105504.834:WARNING:page_discarding_helper.cc(138)] Discarding multiple pages with target (kb): 0
[114856:112576:0922/105509.832:WARNING:page_discarding_helper.cc(138)] Discarding multiple pages with target (kb): 0
[114856:112576:0922/105514.833:WARNING:page_discarding_helper.cc(138)] Discarding multiple pages with target (kb): 0
[114856:112576:0922/105519.832:WARNING:page_discarding_helper.cc(138)] Discarding multiple pages with target (kb): 0
[114856:112576:0922/105524.832:WARNING:page_discarding_helper.cc(138)] Discarding multiple pages with target (kb): 0
[114856:112576:0922/105529.833:WARNING:page_discarding_helper.cc(138)] Discarding multiple pages with target (kb): 0
[114856:112576:0922/105534.843:WARNING:page_discarding_helper.cc(138)] Discarding multiple pages with target (kb): 0
[114856:112576:0922/105550.308:WARNING:page_discarding_helper.cc(138)] Discarding multiple pages with target (kb): 0
[114856:112576:0922/105605.052:WARNING:page_discarding_helper.cc(138)] Discarding multiple pages with target (kb): 0
[114856:112576:0922/105610.066:WARNING:page_discarding_helper.cc(138)] Discarding multiple pages with target (kb): 0
[114856:112576:0922/105700.181:WARNING:page_discarding_helper.cc(138)] Discarding multiple pages with target (kb): 0
[114856:112576:0922/105705.180:WARNING:page_discarding_helper.cc(138)] Discarding multiple pages with target (kb): 0
[114856:112576:0922/105710.226:WARNING:page_discarding_helper.cc(138)] Discarding multiple pages with target (kb): 0
[114856:112576:0922/105716.257:WARNING:page_discarding_helper.cc(138)] Discarding multiple pages with target (kb): 0
[114856:112576:0922/105721.218:WARNING:page_discarding_helper.cc(138)] Discarding multiple pages with target (kb): 0
[114856:112576:0922/105726.252:WARNING:page_discarding_helper.cc(138)] Discarding multiple pages with target (kb): 0
[114856:112576:0922/105731.261:WARNING:page_discarding_helper.cc(138)] Discarding multiple pages with target (kb): 0
[114856:112576:0922/105736.278:WARNING:page_discarding_helper.cc(138)] Discarding multiple pages with target (kb): 0
[114856:112576:0922/105741.278:WARNING:page_discarding_helper.cc(138)] Discarding multiple pages with target (kb): 0
[114856:112576:0922/105746.294:WARNING:page_discarding_helper.cc(138)] Discarding multiple pages with target (kb): 0
[114856:112576:0922/105751.321:WARNING:page_discarding_helper.cc(138)] Discarding multiple pages with target (kb): 0
[114856:112576:0922/105756.375:WARNING:page_discarding_helper.cc(138)] Discarding multiple pages with target (kb): 0
[114856:112576:0922/105801.395:WARNING:page_discarding_helper.cc(138)] Discarding multiple pages with target (kb): 0
[114856:112576:0922/105807.828:WARNING:page_discarding_helper.cc(138)] Discarding multiple pages with target (kb): 0
[114856:112576:0922/105812.666:WARNING:page_discarding_helper.cc(138)] Discarding multiple pages with target (kb): 0
[114856:112576:0922/105817.697:WARNING:page_discarding_helper.cc(138)] Discarding multiple pages with target (kb): 0
[114856:112576:0922/105822.897:WARNING:page_discarding_helper.cc(138)] Discarding multiple pages with target (kb): 0
[114856:112576:0922/105827.907:WARNING:page_discarding_helper.cc(138)] Discarding multiple pages with target (kb): 0
[114856:112576:0922/105832.963:WARNING:page_discarding_helper.cc(138)] Discarding multiple pages with target (kb): 0
[114856:112576:0922/105837.981:WARNING:page_discarding_helper.cc(138)] Discarding multiple pages with target (kb): 0
[114856:112576:0922/105842.984:WARNING:page_discarding_helper.cc(138)] Discarding multiple pages with target (kb): 0
[114856:112576:0922/105848.012:WARNING:page_discarding_helper.cc(138)] Discarding multiple pages with target (kb): 0
[114856:112576:0922/105853.052:WARNING:page_discarding_helper.cc(138)] Discarding multiple pages with target (kb): 0
[114856:112576:0922/105858.061:WARNING:page_discarding_helper.cc(138)] Discarding multiple pages with target (kb): 0
[114856:112576:0922/105903.062:WARNING:page_discarding_helper.cc(138)] Discarding multiple pages with target (kb): 0
[114856:112576:0922/105908.062:WARNING:page_discarding_helper.cc(138)] Discarding multiple pages with target (kb): 0
[114856:112576:0922/105913.075:WARNING:page_discarding_helper.cc(138)] Discarding multiple pages with target (kb): 0
[114856:112576:0922/105928.520:WARNING:page_discarding_helper.cc(138)] Discarding multiple pages with target (kb): 0
[114856:112576:0922/105943.587:WARNING:page_discarding_helper.cc(138)] Discarding multiple pages with target (kb): 0
[114856:112576:0922/105948.601:WARNING:page_discarding_helper.cc(138)] Discarding multiple pages with target (kb): 0
[114856:112576:0922/105953.644:WARNING:page_discarding_helper.cc(138)] Discarding multiple pages with target (kb): 0
[114856:112576:0922/105958.650:WARNING:page_discarding_helper.cc(138)] Discarding multiple pages with target (kb): 0
[114856:112576:0922/110004.776:WARNING:page_discarding_helper.cc(138)] Discarding multiple pages with target (kb): 0
[114856:112576:0922/110009.785:WARNING:page_discarding_helper.cc(138)] Discarding multiple pages with target (kb): 0
[114856:112576:0922/110014.811:WARNING:page_discarding_helper.cc(138)] Discarding multiple pages with target (kb): 0
[114856:112576:0922/110019.850:WARNING:page_discarding_helper.cc(138)] Discarding multiple pages with target (kb): 0
[114856:112576:0922/110024.852:WARNING:page_discarding_helper.cc(138)] Discarding multiple pages with target (kb): 0
[114856:112576:0922/110029.854:WARNING:page_discarding_helper.cc(138)] Discarding multiple pages with target (kb): 0
[114856:112576:0922/110034.857:WARNING:page_discarding_helper.cc(138)] Discarding multiple pages with target (kb): 0
[114856:112576:0922/110039.858:WARNING:page_discarding_helper.cc(138)] Discarding multiple pages with target (kb): 0
[114856:112576:0922/110044.888:WARNING:page_discarding_helper.cc(138)] Discarding multiple pages with target (kb): 0
[114856:112576:0922/110049.887:WARNING:page_discarding_helper.cc(138)] Discarding multiple pages with target (kb): 0
[114856:112576:0922/110054.940:WARNING:page_discarding_helper.cc(138)] Discarding multiple pages with target (kb): 0
[114856:112576:0922/110059.945:WARNING:page_discarding_helper.cc(138)] Discarding multiple pages with target (kb): 0
[114856:112576:0922/110104.955:WARNING:page_discarding_helper.cc(138)] Discarding multiple pages with target (kb): 0
[114856:112576:0922/110109.958:WARNING:page_discarding_helper.cc(138)] Discarding multiple pages with target (kb): 0
[114856:112576:0922/110114.961:WARNING:page_discarding_helper.cc(138)] Discarding multiple pages with target (kb): 0
[114856:112576:0922/110120.978:WARNING:page_discarding_helper.cc(138)] Discarding multiple pages with target (kb): 0
[114856:112576:0922/110131.039:WARNING:page_discarding_helper.cc(138)] Discarding multiple pages with target (kb): 0
[114856:112576:0922/110151.078:WARNING:page_discarding_helper.cc(138)] Discarding multiple pages with target (kb): 0
[114856:112576:0922/110201.144:WARNING:page_discarding_helper.cc(138)] Discarding multiple pages with target (kb): 0
[114856:112576:0922/110206.152:WARNING:page_discarding_helper.cc(138)] Discarding multiple pages with target (kb): 0
[114856:112576:0922/110212.090:WARNING:page_discarding_helper.cc(138)] Discarding multiple pages with target (kb): 0
[114856:112576:0922/110217.116:WARNING:page_discarding_helper.cc(138)] Discarding multiple pages with target (kb): 0
[114856:112576:0922/110222.154:WARNING:page_discarding_helper.cc(138)] Discarding multiple pages with target (kb): 0
[114856:112576:0922/110227.209:WARNING:page_discarding_helper.cc(138)] Discarding multiple pages with target (kb): 0
[114856:112576:0922/110232.209:WARNING:page_discarding_helper.cc(138)] Discarding multiple pages with target (kb): 0
[114856:112576:0922/110237.236:WARNING:page_discarding_helper.cc(138)] Discarding multiple pages with target (kb): 0
[114856:112576:0922/110305.610:WARNING:page_discarding_helper.cc(138)] Discarding multiple pages with target (kb): 0
[114856:112576:0922/110439.058:WARNING:page_discarding_helper.cc(138)] Discarding multiple pages with target (kb): 0
[114856:112576:0922/110444.055:WARNING:page_discarding_helper.cc(138)] Discarding multiple pages with target (kb): 0
[114856:112576:0922/110459.061:WARNING:page_discarding_helper.cc(138)] Discarding multiple pages with target (kb): 0
[114856:112576:0922/110504.079:WARNING:page_discarding_helper.cc(138)] Discarding multiple pages with target (kb): 0
[114856:112576:0922/110509.135:WARNING:page_discarding_helper.cc(138)] Discarding multiple pages with target (kb): 0
[114856:112576:0922/110514.136:WARNING:page_discarding_helper.cc(138)] Discarding multiple pages with target (kb): 0
[114856:112576:0922/110519.144:WARNING:page_discarding_helper.cc(138)] Discarding multiple pages with target (kb): 0
[114856:112576:0922/110524.164:WARNING:page_discarding_helper.cc(138)] Discarding multiple pages with target (kb): 0
[114856:112576:0922/110529.218:WARNING:page_discarding_helper.cc(138)] Discarding multiple pages with target (kb): 0
[114856:112576:0922/110534.224:WARNING:page_discarding_helper.cc(138)] Discarding multiple pages with target (kb): 0
[114856:112576:0922/110539.233:WARNING:page_discarding_helper.cc(138)] Discarding multiple pages with target (kb): 0
[114856:112576:0922/110544.238:WARNING:page_discarding_helper.cc(138)] Discarding multiple pages with target (kb): 0
[114856:112576:0922/110549.254:WARNING:page_discarding_helper.cc(138)] Discarding multiple pages with target (kb): 0
[114856:112576:0922/110554.254:WARNING:page_discarding_helper.cc(138)] Discarding multiple pages with target (kb): 0
[114856:112576:0922/110559.300:WARNING:page_discarding_helper.cc(138)] Discarding multiple pages with target (kb): 0
[114856:112576:0922/110604.312:WARNING:page_discarding_helper.cc(138)] Discarding multiple pages with target (kb): 0
[114856:112576:0922/110820.155:WARNING:page_discarding_helper.cc(138)] Discarding multiple pages with target (kb): 0
[114856:112576:0922/110825.155:WARNING:page_discarding_helper.cc(138)] Discarding multiple pages with target (kb): 0
[114856:112576:0922/111005.712:WARNING:page_discarding_helper.cc(138)] Discarding multiple pages with target (kb): 0
[114856:112576:0922/111010.769:WARNING:page_discarding_helper.cc(138)] Discarding multiple pages with target (kb): 0
[114856:112576:0922/111020.808:WARNING:page_discarding_helper.cc(138)] Discarding multiple pages with target (kb): 0
[114856:112576:0922/111101.269:WARNING:page_discarding_helper.cc(138)] Discarding multiple pages with target (kb): 0
[114856:112576:0922/111116.350:WARNING:page_discarding_helper.cc(138)] Discarding multiple pages with target (kb): 0
[114856:112576:0922/111121.374:WARNING:page_discarding_helper.cc(138)] Discarding multiple pages with target (kb): 0
[114856:112576:0922/111141.471:WARNING:page_discarding_helper.cc(138)] Discarding multiple pages with target (kb): 0
[114856:112576:0922/111146.509:WARNING:page_discarding_helper.cc(138)] Discarding multiple pages with target (kb): 0
[114856:112576:0922/111151.517:WARNING:page_discarding_helper.cc(138)] Discarding multiple pages with target (kb): 0
[114856:112576:0922/111201.528:WARNING:page_discarding_helper.cc(138)] Discarding multiple pages with target (kb): 0
[114856:112576:0922/111342.545:WARNING:page_discarding_helper.cc(138)] Discarding multiple pages with target (kb): 0
[114856:112576:0922/111608.284:WARNING:page_discarding_helper.cc(138)] Discarding multiple pages with target (kb): 0
[114856:112576:0922/111613.285:WARNING:page_discarding_helper.cc(138)] Discarding multiple pages with target (kb): 0
[114856:112576:0922/111618.336:WARNING:page_discarding_helper.cc(138)] Discarding multiple pages with target (kb): 0
[114856:112576:0922/111623.363:WARNING:page_discarding_helper.cc(138)] Discarding multiple pages with target (kb): 0
[114856:112576:0922/111628.400:WARNING:page_discarding_helper.cc(138)] Discarding multiple pages with target (kb): 0
[114856:112576:0922/111633.404:WARNING:page_discarding_helper.cc(138)] Discarding multiple pages with target (kb): 0
[114856:112576:0922/111638.411:WARNING:page_discarding_helper.cc(138)] Discarding multiple pages with target (kb): 0
[114856:112576:0922/111643.455:WARNING:page_discarding_helper.cc(138)] Discarding multiple pages with target (kb): 0
[114856:112576:0922/111648.478:WARNING:page_discarding_helper.cc(138)] Discarding multiple pages with target (kb): 0
[114856:112576:0922/111653.489:WARNING:page_discarding_helper.cc(138)] Discarding multiple pages with target (kb): 0
[114856:112576:0922/111658.489:WARNING:page_discarding_helper.cc(138)] Discarding multiple pages with target (kb): 0
[114856:112576:0922/111703.505:WARNING:page_discarding_helper.cc(138)] Discarding multiple pages with target (kb): 0
[114856:112576:0922/111708.523:WARNING:page_discarding_helper.cc(138)] Discarding multiple pages with target (kb): 0
[114856:112576:0922/111713.540:WARNING:page_discarding_helper.cc(138)] Discarding multiple pages with target (kb): 0
[114856:112576:0922/111718.591:WARNING:page_discarding_helper.cc(138)] Discarding multiple pages with target (kb): 0
[114856:112576:0922/111723.611:WARNING:page_discarding_helper.cc(138)] Discarding multiple pages with target (kb): 0
[114856:112576:0922/111728.635:WARNING:page_discarding_helper.cc(138)] Discarding multiple pages with target (kb): 0
[114856:112576:0922/111733.634:WARNING:page_discarding_helper.cc(138)] Discarding multiple pages with target (kb): 0
[114856:112576:0922/111738.642:WARNING:page_discarding_helper.cc(138)] Discarding multiple pages with target (kb): 0
[114856:112576:0922/111743.646:WARNING:page_discarding_helper.cc(138)] Discarding multiple pages with target (kb): 0
[114856:112576:0922/111748.645:WARNING:page_discarding_helper.cc(138)] Discarding multiple pages with target (kb): 0
[114856:112576:0922/111753.646:WARNING:page_discarding_helper.cc(138)] Discarding multiple pages with target (kb): 0
[114856:112576:0922/111758.654:WARNING:page_discarding_helper.cc(138)] Discarding multiple pages with target (kb): 0
[114856:112576:0922/111803.654:WARNING:page_discarding_helper.cc(138)] Discarding multiple pages with target (kb): 0
[114856:112576:0922/111808.660:WARNING:page_discarding_helper.cc(138)] Discarding multiple pages with target (kb): 0
[114856:112576:0922/111813.660:WARNING:page_discarding_helper.cc(138)] Discarding multiple pages with target (kb): 0
[114856:112576:0922/111818.690:WARNING:page_discarding_helper.cc(138)] Discarding multiple pages with target (kb): 0
[114856:112576:0922/111823.691:WARNING:page_discarding_helper.cc(138)] Discarding multiple pages with target (kb): 0
[114856:112576:0922/111828.744:WARNING:page_discarding_helper.cc(138)] Discarding multiple pages with target (kb): 0
[114856:112576:0922/111833.775:WARNING:page_discarding_helper.cc(138)] Discarding multiple pages with target (kb): 0
[114856:112576:0922/111838.824:WARNING:page_discarding_helper.cc(138)] Discarding multiple pages with target (kb): 0
[114856:112576:0922/111843.869:WARNING:page_discarding_helper.cc(138)] Discarding multiple pages with target (kb): 0
[114856:112576:0922/111848.909:WARNING:page_discarding_helper.cc(138)] Discarding multiple pages with target (kb): 0
[114856:112576:0922/111853.945:WARNING:page_discarding_helper.cc(138)] Discarding multiple pages with target (kb): 0
[114856:112576:0922/111858.958:WARNING:page_discarding_helper.cc(138)] Discarding multiple pages with target (kb): 0
[114856:112576:0922/112045.280:WARNING:page_discarding_helper.cc(138)] Discarding multiple pages with target (kb): 0
[114856:112576:0922/112100.144:WARNING:page_discarding_helper.cc(138)] Discarding multiple pages with target (kb): 0
[114856:112576:0922/112105.175:WARNING:page_discarding_helper.cc(138)] Discarding multiple pages with target (kb): 0
[114856:112576:0922/112306.091:WARNING:page_discarding_helper.cc(138)] Discarding multiple pages with target (kb): 0
[114856:112576:0922/112331.157:WARNING:page_discarding_helper.cc(138)] Discarding multiple pages with target (kb): 0
[114856:112576:0922/112351.239:WARNING:page_discarding_helper.cc(138)] Discarding multiple pages with target (kb): 0
[114856:112576:0922/112356.255:WARNING:page_discarding_helper.cc(138)] Discarding multiple pages with target (kb): 0
[114856:112576:0922/112401.262:WARNING:page_discarding_helper.cc(138)] Discarding multiple pages with target (kb): 0
[114856:112576:0922/112406.279:WARNING:page_discarding_helper.cc(138)] Discarding multiple pages with target (kb): 0
[114856:112576:0922/112712.682:WARNING:page_discarding_helper.cc(138)] Discarding multiple pages with target (kb): 0
[114856:112576:0922/112717.724:WARNING:page_discarding_helper.cc(138)] Discarding multiple pages with target (kb): 0
[114856:112576:0922/112722.726:WARNING:page_discarding_helper.cc(138)] Discarding multiple pages with target (kb): 0
[114856:112576:0922/112727.735:WARNING:page_discarding_helper.cc(138)] Discarding multiple pages with target (kb): 0
[114856:112576:0922/112732.736:WARNING:page_discarding_helper.cc(138)] Discarding multiple pages with target (kb): 0
[114856:112576:0922/113153.807:WARNING:page_discarding_helper.cc(138)] Discarding multiple pages with target (kb): 0
[114856:112576:0922/113213.840:WARNING:page_discarding_helper.cc(138)] Discarding multiple pages with target (kb): 0
[114856:112576:0922/113218.867:WARNING:page_discarding_helper.cc(138)] Discarding multiple pages with target (kb): 0
[114856:112576:0922/113223.908:WARNING:page_discarding_helper.cc(138)] Discarding multiple pages with target (kb): 0
[114856:112576:0922/113228.909:WARNING:page_discarding_helper.cc(138)] Discarding multiple pages with target (kb): 0
[114856:112576:0922/113233.910:WARNING:page_discarding_helper.cc(138)] Discarding multiple pages with target (kb): 0
[114856:112576:0922/113238.921:WARNING:page_discarding_helper.cc(138)] Discarding multiple pages with target (kb): 0
[114856:112576:0922/113243.957:WARNING:page_discarding_helper.cc(138)] Discarding multiple pages with target (kb): 0
[114856:112576:0922/113249.000:WARNING:page_discarding_helper.cc(138)] Discarding multiple pages with target (kb): 0
[114856:112576:0922/113254.001:WARNING:page_discarding_helper.cc(138)] Discarding multiple pages with target (kb): 0
[114856:112576:0922/113259.016:WARNING:page_discarding_helper.cc(138)] Discarding multiple pages with target (kb): 0
[114856:112576:0922/113304.056:WARNING:page_discarding_helper.cc(138)] Discarding multiple pages with target (kb): 0
[114856:112576:0922/113309.071:WARNING:page_discarding_helper.cc(138)] Discarding multiple pages with target (kb): 0
[114856:112576:0922/113314.090:WARNING:page_discarding_helper.cc(138)] Discarding multiple pages with target (kb): 0
[114856:112576:0922/113319.089:WARNING:page_discarding_helper.cc(138)] Discarding multiple pages with target (kb): 0
[114856:112576:0922/113324.113:WARNING:page_discarding_helper.cc(138)] Discarding multiple pages with target (kb): 0
[114856:112576:0922/113329.114:WARNING:page_discarding_helper.cc(138)] Discarding multiple pages with target (kb): 0
[114856:112576:0922/113334.119:WARNING:page_discarding_helper.cc(138)] Discarding multiple pages with target (kb): 0
[114856:112576:0922/113339.119:WARNING:page_discarding_helper.cc(138)] Discarding multiple pages with target (kb): 0
[114856:112576:0922/113344.119:WARNING:page_discarding_helper.cc(138)] Discarding multiple pages with target (kb): 0
[114856:112576:0922/113349.118:WARNING:page_discarding_helper.cc(138)] Discarding multiple pages with target (kb): 0
[114856:112576:0922/113354.135:WARNING:page_discarding_helper.cc(138)] Discarding multiple pages with target (kb): 0
[114856:112576:0922/113359.139:WARNING:page_discarding_helper.cc(138)] Discarding multiple pages with target (kb): 0
[114856:112576:0922/113424.297:WARNING:page_discarding_helper.cc(138)] Discarding multiple pages with target (kb): 0
[114856:112576:0922/113429.329:WARNING:page_discarding_helper.cc(138)] Discarding multiple pages with target (kb): 0
[114856:112576:0922/113434.329:WARNING:page_discarding_helper.cc(138)] Discarding multiple pages with target (kb): 0
[114856:112576:0922/113439.335:WARNING:page_discarding_helper.cc(138)] Discarding multiple pages with target (kb): 0
[114856:112576:0922/113444.340:WARNING:page_discarding_helper.cc(138)] Discarding multiple pages with target (kb): 0
[114856:112576:0922/113449.341:WARNING:page_discarding_helper.cc(138)] Discarding multiple pages with target (kb): 0
[114856:112576:0922/113454.348:WARNING:page_discarding_helper.cc(138)] Discarding multiple pages with target (kb): 0
[114856:112576:0922/113459.354:WARNING:page_discarding_helper.cc(138)] Discarding multiple pages with target (kb): 0
[114856:112576:0922/113800.211:WARNING:page_discarding_helper.cc(138)] Discarding multiple pages with target (kb): 0
[114856:112576:0922/113805.233:WARNING:page_discarding_helper.cc(138)] Discarding multiple pages with target (kb): 0
[114856:112576:0922/113810.250:WARNING:page_discarding_helper.cc(138)] Discarding multiple pages with target (kb): 0
[114856:112576:0922/113815.265:WARNING:page_discarding_helper.cc(138)] Discarding multiple pages with target (kb): 0
[114856:112576:0922/113825.341:WARNING:page_discarding_helper.cc(138)] Discarding multiple pages with target (kb): 0
[114856:112576:0922/113830.353:WARNING:page_discarding_helper.cc(138)] Discarding multiple pages with target (kb): 0
[114856:112576:0922/113835.381:WARNING:page_discarding_helper.cc(138)] Discarding multiple pages with target (kb): 0
[114856:112576:0922/113840.386:WARNING:page_discarding_helper.cc(138)] Discarding multiple pages with target (kb): 0
[114856:112576:0922/113845.390:WARNING:page_discarding_helper.cc(138)] Discarding multiple pages with target (kb): 0
[114856:112576:0922/113850.390:WARNING:page_discarding_helper.cc(138)] Discarding multiple pages with target (kb): 0
[114856:112576:0922/113855.390:WARNING:page_discarding_helper.cc(138)] Discarding multiple pages with target (kb): 0
[114856:112576:0922/113900.399:WARNING:page_discarding_helper.cc(138)] Discarding multiple pages with target (kb): 0
[114856:112576:0922/114015.784:WARNING:page_discarding_helper.cc(138)] Discarding multiple pages with target (kb): 0
[114856:112576:0922/114020.798:WARNING:page_discarding_helper.cc(138)] Discarding multiple pages with target (kb): 0
[114856:112576:0922/114025.801:WARNING:page_discarding_helper.cc(138)] Discarding multiple pages with target (kb): 0
[114856:112576:0922/114030.810:WARNING:page_discarding_helper.cc(138)] Discarding multiple pages with target (kb): 0
[114856:112576:0922/114035.863:WARNING:page_discarding_helper.cc(138)] Discarding multiple pages with target (kb): 0
[114856:112576:0922/114040.867:WARNING:page_discarding_helper.cc(138)] Discarding multiple pages with target (kb): 0
[114856:112576:0922/114045.876:WARNING:page_discarding_helper.cc(138)] Discarding multiple pages with target (kb): 0
[114856:112576:0922/114050.986:WARNING:page_discarding_helper.cc(138)] Discarding multiple pages with target (kb): 0
[114856:112576:0922/114056.013:WARNING:page_discarding_helper.cc(138)] Discarding multiple pages with target (kb): 0
[114856:112576:0922/114101.021:WARNING:page_discarding_helper.cc(138)] Discarding multiple pages with target (kb): 0
[114856:112576:0922/114106.042:WARNING:page_discarding_helper.cc(138)] Discarding multiple pages with target (kb): 0
[114856:112576:0922/114111.070:WARNING:page_discarding_helper.cc(138)] Discarding multiple pages with target (kb): 0
[114856:112576:0922/114116.098:WARNING:page_discarding_helper.cc(138)] Discarding multiple pages with target (kb): 0
[114856:112576:0922/114121.116:WARNING:page_discarding_helper.cc(138)] Discarding multiple pages with target (kb): 0
[114856:112576:0922/114126.125:WARNING:page_discarding_helper.cc(138)] Discarding multiple pages with target (kb): 0
[114856:112576:0922/114131.176:WARNING:page_discarding_helper.cc(138)] Discarding multiple pages with target (kb): 0
[114856:112576:0922/114136.226:WARNING:page_discarding_helper.cc(138)] Discarding multiple pages with target (kb): 0
[114856:112576:0922/114141.227:WARNING:page_discarding_helper.cc(138)] Discarding multiple pages with target (kb): 0
[114856:112576:0922/114146.265:WARNING:page_discarding_helper.cc(138)] Discarding multiple pages with target (kb): 0
[114856:112576:0922/114151.270:WARNING:page_discarding_helper.cc(138)] Discarding multiple pages with target (kb): 0
[114856:112576:0922/114216.397:WARNING:page_discarding_helper.cc(138)] Discarding multiple pages with target (kb): 0
[114856:112576:0922/114221.398:WARNING:page_discarding_helper.cc(138)] Discarding multiple pages with target (kb): 0
[114856:112576:0922/114226.443:WARNING:page_discarding_helper.cc(138)] Discarding multiple pages with target (kb): 0
[114856:112576:0922/114231.493:WARNING:page_discarding_helper.cc(138)] Discarding multiple pages with target (kb): 0
[114856:112576:0922/114236.528:WARNING:page_discarding_helper.cc(138)] Discarding multiple pages with target (kb): 0
[114856:112576:0922/114241.583:WARNING:page_discarding_helper.cc(138)] Discarding multiple pages with target (kb): 0
[114856:112576:0922/114246.584:WARNING:page_discarding_helper.cc(138)] Discarding multiple pages with target (kb): 0
[114856:112576:0922/114251.585:WARNING:page_discarding_helper.cc(138)] Discarding multiple pages with target (kb): 0
[114856:112576:0922/114256.585:WARNING:page_discarding_helper.cc(138)] Discarding multiple pages with target (kb): 0
[114856:112576:0922/114301.613:WARNING:page_discarding_helper.cc(138)] Discarding multiple pages with target (kb): 0
[114856:112576:0922/114306.655:WARNING:page_discarding_helper.cc(138)] Discarding multiple pages with target (kb): 0
[114856:112576:0922/114311.661:WARNING:page_discarding_helper.cc(138)] Discarding multiple pages with target (kb): 0
[114856:112576:0922/114316.692:WARNING:page_discarding_helper.cc(138)] Discarding multiple pages with target (kb): 0
[114856:112576:0922/114321.742:WARNING:page_discarding_helper.cc(138)] Discarding multiple pages with target (kb): 0
[114856:112576:0922/114326.754:WARNING:page_discarding_helper.cc(138)] Discarding multiple pages with target (kb): 0
[114856:112576:0922/114331.796:WARNING:page_discarding_helper.cc(138)] Discarding multiple pages with target (kb): 0
[114856:112576:0922/114336.809:WARNING:page_discarding_helper.cc(138)] Discarding multiple pages with target (kb): 0
[114856:112576:0922/114341.818:WARNING:page_discarding_helper.cc(138)] Discarding multiple pages with target (kb): 0
[114856:112576:0922/114346.832:WARNING:page_discarding_helper.cc(138)] Discarding multiple pages with target (kb): 0
[114856:112576:0922/114356.875:WARNING:page_discarding_helper.cc(138)] Discarding multiple pages with target (kb): 0
[114856:112576:0922/114401.885:WARNING:page_discarding_helper.cc(138)] Discarding multiple pages with target (kb): 0
[114856:112576:0922/114426.958:WARNING:page_discarding_helper.cc(138)] Discarding multiple pages with target (kb): 0
[114856:112576:0922/114432.012:WARNING:page_discarding_helper.cc(138)] Discarding multiple pages with target (kb): 0
[114856:112576:0922/114437.042:WARNING:page_discarding_helper.cc(138)] Discarding multiple pages with target (kb): 0
[114856:112576:0922/114442.052:WARNING:page_discarding_helper.cc(138)] Discarding multiple pages with target (kb): 0
[114856:112576:0922/114447.060:WARNING:page_discarding_helper.cc(138)] Discarding multiple pages with target (kb): 0
[114856:112576:0922/114452.112:WARNING:page_discarding_helper.cc(138)] Discarding multiple pages with target (kb): 0
[114856:112576:0922/114457.113:WARNING:page_discarding_helper.cc(138)] Discarding multiple pages with target (kb): 0
[114856:112576:0922/114502.116:WARNING:page_discarding_helper.cc(138)] Discarding multiple pages with target (kb): 0
[114856:112576:0922/114507.130:WARNING:page_discarding_helper.cc(138)] Discarding multiple pages with target (kb): 0
[114856:112576:0922/114512.134:WARNING:page_discarding_helper.cc(138)] Discarding multiple pages with target (kb): 0
[114856:112576:0922/114517.138:WARNING:page_discarding_helper.cc(138)] Discarding multiple pages with target (kb): 0
[114856:112576:0922/114522.145:WARNING:page_discarding_helper.cc(138)] Discarding multiple pages with target (kb): 0
[114856:112576:0922/114527.150:WARNING:page_discarding_helper.cc(138)] Discarding multiple pages with target (kb): 0
[114856:112576:0922/114532.150:WARNING:page_discarding_helper.cc(138)] Discarding multiple pages with target (kb): 0
[114856:112576:0922/114537.155:WARNING:page_discarding_helper.cc(138)] Discarding multiple pages with target (kb): 0
[114856:112576:0922/114607.235:WARNING:page_discarding_helper.cc(138)] Discarding multiple pages with target (kb): 0
[114856:112576:0922/114612.255:WARNING:page_discarding_helper.cc(138)] Discarding multiple pages with target (kb): 0
[114856:112576:0922/114617.302:WARNING:page_discarding_helper.cc(138)] Discarding multiple pages with target (kb): 0
[114856:112576:0922/114622.319:WARNING:page_discarding_helper.cc(138)] Discarding multiple pages with target (kb): 0
[114856:112576:0922/114627.319:WARNING:page_discarding_helper.cc(138)] Discarding multiple pages with target (kb): 0
[114856:112576:0922/114632.348:WARNING:page_discarding_helper.cc(138)] Discarding multiple pages with target (kb): 0
[114856:112576:0922/114637.408:WARNING:page_discarding_helper.cc(138)] Discarding multiple pages with target (kb): 0
[114856:112576:0922/114642.408:WARNING:page_discarding_helper.cc(138)] Discarding multiple pages with target (kb): 0
[114856:112576:0922/114647.451:WARNING:page_discarding_helper.cc(138)] Discarding multiple pages with target (kb): 0
[114856:112576:0922/114652.484:WARNING:page_discarding_helper.cc(138)] Discarding multiple pages with target (kb): 0
[114856:112576:0922/114657.519:WARNING:page_discarding_helper.cc(138)] Discarding multiple pages with target (kb): 0
[114856:112576:0922/114702.561:WARNING:page_discarding_helper.cc(138)] Discarding multiple pages with target (kb): 0
[114856:112576:0922/114707.617:WARNING:page_discarding_helper.cc(138)] Discarding multiple pages with target (kb): 0
[114856:112576:0922/114712.654:WARNING:page_discarding_helper.cc(138)] Discarding multiple pages with target (kb): 0
[114856:112576:0922/114717.693:WARNING:page_discarding_helper.cc(138)] Discarding multiple pages with target (kb): 0
[114856:112576:0922/114722.693:WARNING:page_discarding_helper.cc(138)] Discarding multiple pages with target (kb): 0
[114856:112576:0922/114727.716:WARNING:page_discarding_helper.cc(138)] Discarding multiple pages with target (kb): 0
[114856:112576:0922/114732.761:WARNING:page_discarding_helper.cc(138)] Discarding multiple pages with target (kb): 0
[114856:112576:0922/114737.792:WARNING:page_discarding_helper.cc(138)] Discarding multiple pages with target (kb): 0
[114856:112576:0922/114742.792:WARNING:page_discarding_helper.cc(138)] Discarding multiple pages with target (kb): 0
[114856:112576:0922/114747.809:WARNING:page_discarding_helper.cc(138)] Discarding multiple pages with target (kb): 0
[114856:112576:0922/114752.837:WARNING:page_discarding_helper.cc(138)] Discarding multiple pages with target (kb): 0
[114856:112576:0922/114757.867:WARNING:page_discarding_helper.cc(138)] Discarding multiple pages with target (kb): 0
[114856:112576:0922/114802.907:WARNING:page_discarding_helper.cc(138)] Discarding multiple pages with target (kb): 0
[114856:112576:0922/114807.907:WARNING:page_discarding_helper.cc(138)] Discarding multiple pages with target (kb): 0
[114856:112576:0922/114812.921:WARNING:page_discarding_helper.cc(138)] Discarding multiple pages with target (kb): 0
[114856:112576:0922/114817.921:WARNING:page_discarding_helper.cc(138)] Discarding multiple pages with target (kb): 0
[114856:112576:0922/114822.921:WARNING:page_discarding_helper.cc(138)] Discarding multiple pages with target (kb): 0
[114856:112576:0922/114827.934:WARNING:page_discarding_helper.cc(138)] Discarding multiple pages with target (kb): 0
[114856:112576:0922/114832.944:WARNING:page_discarding_helper.cc(138)] Discarding multiple pages with target (kb): 0
[114856:112576:0922/114837.996:WARNING:page_discarding_helper.cc(138)] Discarding multiple pages with target (kb): 0
[114856:112576:0922/114843.035:WARNING:page_discarding_helper.cc(138)] Discarding multiple pages with target (kb): 0
[114856:112576:0922/114848.046:WARNING:page_discarding_helper.cc(138)] Discarding multiple pages with target (kb): 0
[114856:112576:0922/114853.052:WARNING:page_discarding_helper.cc(138)] Discarding multiple pages with target (kb): 0
[114856:112576:0922/114858.069:WARNING:page_discarding_helper.cc(138)] Discarding multiple pages with target (kb): 0
[114856:112576:0922/114903.116:WARNING:page_discarding_helper.cc(138)] Discarding multiple pages with target (kb): 0
[114856:112576:0922/114918.233:WARNING:page_discarding_helper.cc(138)] Discarding multiple pages with target (kb): 0
[114856:112576:0922/114923.264:WARNING:page_discarding_helper.cc(138)] Discarding multiple pages with target (kb): 0
[114856:112576:0922/114928.264:WARNING:page_discarding_helper.cc(138)] Discarding multiple pages with target (kb): 0
[114856:112576:0922/114933.302:WARNING:page_discarding_helper.cc(138)] Discarding multiple pages with target (kb): 0
[114856:112576:0922/114938.302:WARNING:page_discarding_helper.cc(138)] Discarding multiple pages with target (kb): 0
[114856:116760:0922/114941.063:VERBOSE1:media_stream_manager.cc(1533)] MSPL::OnSpeedLimitChange({this=000005D4000BED40}, {new_limit=36})
[114856:116760:0922/114942.643:VERBOSE1:media_stream_manager.cc(1533)] MSPL::OnSpeedLimitChange({this=000005D4000BED40}, {new_limit=39})
[114856:116760:0922/114943.077:VERBOSE1:media_stream_manager.cc(1533)] MSPL::OnSpeedLimitChange({this=000005D4000BED40}, {new_limit=40})
[114856:112576:0922/114943.328:WARNING:page_discarding_helper.cc(138)] Discarding multiple pages with target (kb): 0
[114856:116760:0922/114944.266:VERBOSE1:media_stream_manager.cc(1533)] MSPL::OnSpeedLimitChange({this=000005D4000BED40}, {new_limit=44})
[114856:116760:0922/114946.086:VERBOSE1:media_stream_manager.cc(1533)] MSPL::OnSpeedLimitChange({this=000005D4000BED40}, {new_limit=46})
[114856:116760:0922/114947.072:VERBOSE1:media_stream_manager.cc(1533)] MSPL::OnSpeedLimitChange({this=000005D4000BED40}, {new_limit=49})
[114856:116760:0922/114948.081:VERBOSE1:media_stream_manager.cc(1533)] MSPL::OnSpeedLimitChange({this=000005D4000BED40}, {new_limit=53})
[114856:112576:0922/114948.427:WARNING:page_discarding_helper.cc(138)] Discarding multiple pages with target (kb): 0
[114856:116760:0922/114949.073:VERBOSE1:media_stream_manager.cc(1533)] MSPL::OnSpeedLimitChange({this=000005D4000BED40}, {new_limit=56})
[114856:116760:0922/114950.084:VERBOSE1:media_stream_manager.cc(1533)] MSPL::OnSpeedLimitChange({this=000005D4000BED40}, {new_limit=59})
[114856:116760:0922/114951.087:VERBOSE1:media_stream_manager.cc(1533)] MSPL::OnSpeedLimitChange({this=000005D4000BED40}, {new_limit=62})
[114856:116760:0922/114955.078:VERBOSE1:media_stream_manager.cc(1533)] MSPL::OnSpeedLimitChange({this=000005D4000BED40}, {new_limit=64})
[114856:116760:0922/114956.081:VERBOSE1:media_stream_manager.cc(1533)] MSPL::OnSpeedLimitChange({this=000005D4000BED40}, {new_limit=65})
[114856:116760:0922/114958.084:VERBOSE1:media_stream_manager.cc(1533)] MSPL::OnSpeedLimitChange({this=000005D4000BED40}, {new_limit=64})
[114856:112576:0922/114958.359:WARNING:page_discarding_helper.cc(138)] Discarding multiple pages with target (kb): 0
[114856:116760:0922/115000.093:VERBOSE1:media_stream_manager.cc(1533)] MSPL::OnSpeedLimitChange({this=000005D4000BED40}, {new_limit=61})
[114856:112576:0922/115003.391:WARNING:page_discarding_helper.cc(138)] Discarding multiple pages with target (kb): 0
[114856:116760:0922/115005.086:VERBOSE1:media_stream_manager.cc(1533)] MSPL::OnSpeedLimitChange({this=000005D4000BED40}, {new_limit=62})
[114856:116760:0922/115008.097:VERBOSE1:media_stream_manager.cc(1533)] MSPL::OnSpeedLimitChange({this=000005D4000BED40}, {new_limit=61})
[114856:112576:0922/115008.394:WARNING:page_discarding_helper.cc(138)] Discarding multiple pages with target (kb): 0
[114856:116760:0922/115009.097:VERBOSE1:media_stream_manager.cc(1533)] MSPL::OnSpeedLimitChange({this=000005D4000BED40}, {new_limit=62})
[114856:116760:0922/115010.092:VERBOSE1:media_stream_manager.cc(1533)] MSPL::OnSpeedLimitChange({this=000005D4000BED40}, {new_limit=64})
[114856:116760:0922/115011.088:VERBOSE1:media_stream_manager.cc(1533)] MSPL::OnSpeedLimitChange({this=000005D4000BED40}, {new_limit=65})
[114856:116760:0922/115013.113:VERBOSE1:media_stream_manager.cc(1533)] MSPL::OnSpeedLimitChange({this=000005D4000BED40}, {new_limit=63})
[114856:112576:0922/115013.407:WARNING:page_discarding_helper.cc(138)] Discarding multiple pages with target (kb): 0
[114856:116760:0922/115014.090:VERBOSE1:media_stream_manager.cc(1533)] MSPL::OnSpeedLimitChange({this=000005D4000BED40}, {new_limit=61})
[114856:116760:0922/115015.103:VERBOSE1:media_stream_manager.cc(1533)] MSPL::OnSpeedLimitChange({this=000005D4000BED40}, {new_limit=59})
[114856:116760:0922/115016.091:VERBOSE1:media_stream_manager.cc(1533)] MSPL::OnSpeedLimitChange({this=000005D4000BED40}, {new_limit=58})
[114856:116760:0922/115017.096:VERBOSE1:media_stream_manager.cc(1533)] MSPL::OnSpeedLimitChange({this=000005D4000BED40}, {new_limit=57})
[114856:116760:0922/115018.095:VERBOSE1:media_stream_manager.cc(1533)] MSPL::OnSpeedLimitChange({this=000005D4000BED40}, {new_limit=55})
[114856:112576:0922/115018.427:WARNING:page_discarding_helper.cc(138)] Discarding multiple pages with target (kb): 0
[114856:116760:0922/115020.105:VERBOSE1:media_stream_manager.cc(1533)] MSPL::OnSpeedLimitChange({this=000005D4000BED40}, {new_limit=54})
[114856:116760:0922/115021.109:VERBOSE1:media_stream_manager.cc(1533)] MSPL::OnSpeedLimitChange({this=000005D4000BED40}, {new_limit=52})
[114856:116760:0922/115022.105:VERBOSE1:media_stream_manager.cc(1533)] MSPL::OnSpeedLimitChange({this=000005D4000BED40}, {new_limit=51})
[114856:116760:0922/115023.103:VERBOSE1:media_stream_manager.cc(1533)] MSPL::OnSpeedLimitChange({this=000005D4000BED40}, {new_limit=52})
[114856:112576:0922/115023.439:WARNING:page_discarding_helper.cc(138)] Discarding multiple pages with target (kb): 0
[114856:116760:0922/115024.099:VERBOSE1:media_stream_manager.cc(1533)] MSPL::OnSpeedLimitChange({this=000005D4000BED40}, {new_limit=53})
[114856:116760:0922/115025.102:VERBOSE1:media_stream_manager.cc(1533)] MSPL::OnSpeedLimitChange({this=000005D4000BED40}, {new_limit=54})
[114856:112576:0922/115028.450:WARNING:page_discarding_helper.cc(138)] Discarding multiple pages with target (kb): 0
[114856:116760:0922/115029.101:VERBOSE1:media_stream_manager.cc(1533)] MSPL::OnSpeedLimitChange({this=000005D4000BED40}, {new_limit=53})
[114856:116760:0922/115030.102:VERBOSE1:media_stream_manager.cc(1533)] MSPL::OnSpeedLimitChange({this=000005D4000BED40}, {new_limit=54})
[114856:116760:0922/115032.106:VERBOSE1:media_stream_manager.cc(1533)] MSPL::OnSpeedLimitChange({this=000005D4000BED40}, {new_limit=53})
[114856:116760:0922/115033.100:VERBOSE1:media_stream_manager.cc(1533)] MSPL::OnSpeedLimitChange({this=000005D4000BED40}, {new_limit=54})
[114856:112576:0922/115033.458:WARNING:page_discarding_helper.cc(138)] Discarding multiple pages with target (kb): 0
[114856:116760:0922/115035.110:VERBOSE1:media_stream_manager.cc(1533)] MSPL::OnSpeedLimitChange({this=000005D4000BED40}, {new_limit=52})
[114856:116760:0922/115036.208:VERBOSE1:media_stream_manager.cc(1533)] MSPL::OnSpeedLimitChange({this=000005D4000BED40}, {new_limit=56})
[114856:116760:0922/115037.110:VERBOSE1:media_stream_manager.cc(1533)] MSPL::OnSpeedLimitChange({this=000005D4000BED40}, {new_limit=57})
[114856:116760:0922/115038.108:VERBOSE1:media_stream_manager.cc(1533)] MSPL::OnSpeedLimitChange({this=000005D4000BED40}, {new_limit=56})
[114856:112576:0922/115038.483:WARNING:page_discarding_helper.cc(138)] Discarding multiple pages with target (kb): 0
[114856:116760:0922/115040.117:VERBOSE1:media_stream_manager.cc(1533)] MSPL::OnSpeedLimitChange({this=000005D4000BED40}, {new_limit=55})
[114856:116760:0922/115041.110:VERBOSE1:media_stream_manager.cc(1533)] MSPL::OnSpeedLimitChange({this=000005D4000BED40}, {new_limit=54})
[114856:116760:0922/115042.114:VERBOSE1:media_stream_manager.cc(1533)] MSPL::OnSpeedLimitChange({this=000005D4000BED40}, {new_limit=55})
[114856:116760:0922/115043.122:VERBOSE1:media_stream_manager.cc(1533)] MSPL::OnSpeedLimitChange({this=000005D4000BED40}, {new_limit=54})
[114856:112576:0922/115043.497:WARNING:page_discarding_helper.cc(138)] Discarding multiple pages with target (kb): 0
[114856:116760:0922/115045.110:VERBOSE1:media_stream_manager.cc(1533)] MSPL::OnSpeedLimitChange({this=000005D4000BED40}, {new_limit=55})
[114856:116760:0922/115046.118:VERBOSE1:media_stream_manager.cc(1533)] MSPL::OnSpeedLimitChange({this=000005D4000BED40}, {new_limit=51})
[114856:116760:0922/115047.119:VERBOSE1:media_stream_manager.cc(1533)] MSPL::OnSpeedLimitChange({this=000005D4000BED40}, {new_limit=52})
[114856:112576:0922/115048.502:WARNING:page_discarding_helper.cc(138)] Discarding multiple pages with target (kb): 0
[114856:116760:0922/115049.117:VERBOSE1:media_stream_manager.cc(1533)] MSPL::OnSpeedLimitChange({this=000005D4000BED40}, {new_limit=53})
[114856:116760:0922/115051.117:VERBOSE1:media_stream_manager.cc(1533)] MSPL::OnSpeedLimitChange({this=000005D4000BED40}, {new_limit=54})
[114856:112576:0922/115053.572:WARNING:page_discarding_helper.cc(138)] Discarding multiple pages with target (kb): 0
[114856:116760:0922/115055.131:VERBOSE1:media_stream_manager.cc(1533)] MSPL::OnSpeedLimitChange({this=000005D4000BED40}, {new_limit=53})
[114856:116760:0922/115056.122:VERBOSE1:media_stream_manager.cc(1533)] MSPL::OnSpeedLimitChange({this=000005D4000BED40}, {new_limit=54})
[114856:116760:0922/115057.126:VERBOSE1:media_stream_manager.cc(1533)] MSPL::OnSpeedLimitChange({this=000005D4000BED40}, {new_limit=52})
[114856:112576:0922/115058.596:WARNING:page_discarding_helper.cc(138)] Discarding multiple pages with target (kb): 0
[114856:116760:0922/115059.128:VERBOSE1:media_stream_manager.cc(1533)] MSPL::OnSpeedLimitChange({this=000005D4000BED40}, {new_limit=51})
[114856:116760:0922/115100.127:VERBOSE1:media_stream_manager.cc(1533)] MSPL::OnSpeedLimitChange({this=000005D4000BED40}, {new_limit=49})
[114856:112576:0922/115103.599:WARNING:page_discarding_helper.cc(138)] Discarding multiple pages with target (kb): 0
[114856:116760:0922/115104.139:VERBOSE1:media_stream_manager.cc(1533)] MSPL::OnSpeedLimitChange({this=000005D4000BED40}, {new_limit=48})
[114856:116760:0922/115107.142:VERBOSE1:media_stream_manager.cc(1533)] MSPL::OnSpeedLimitChange({this=000005D4000BED40}, {new_limit=49})
[114856:112576:0922/115108.606:WARNING:page_discarding_helper.cc(138)] Discarding multiple pages with target (kb): 0
[114856:116760:0922/115109.136:VERBOSE1:media_stream_manager.cc(1533)] MSPL::OnSpeedLimitChange({this=000005D4000BED40}, {new_limit=50})
[114856:116760:0922/115110.131:VERBOSE1:media_stream_manager.cc(1533)] MSPL::OnSpeedLimitChange({this=000005D4000BED40}, {new_limit=53})
[114856:116760:0922/115112.144:VERBOSE1:media_stream_manager.cc(1533)] MSPL::OnSpeedLimitChange({this=000005D4000BED40}, {new_limit=54})
[114856:116760:0922/115113.157:VERBOSE1:media_stream_manager.cc(1533)] MSPL::OnSpeedLimitChange({this=000005D4000BED40}, {new_limit=55})
[114856:112576:0922/115113.611:WARNING:page_discarding_helper.cc(138)] Discarding multiple pages with target (kb): 0
[114856:116760:0922/115114.144:VERBOSE1:media_stream_manager.cc(1533)] MSPL::OnSpeedLimitChange({this=000005D4000BED40}, {new_limit=56})
[114856:116760:0922/115115.139:VERBOSE1:media_stream_manager.cc(1533)] MSPL::OnSpeedLimitChange({this=000005D4000BED40}, {new_limit=57})
[114856:116760:0922/115117.148:VERBOSE1:media_stream_manager.cc(1533)] MSPL::OnSpeedLimitChange({this=000005D4000BED40}, {new_limit=58})
[114856:112576:0922/115118.649:WARNING:page_discarding_helper.cc(138)] Discarding multiple pages with target (kb): 0
[114856:116760:0922/115119.148:VERBOSE1:media_stream_manager.cc(1533)] MSPL::OnSpeedLimitChange({this=000005D4000BED40}, {new_limit=57})
[114856:116760:0922/115121.135:VERBOSE1:media_stream_manager.cc(1533)] MSPL::OnSpeedLimitChange({this=000005D4000BED40}, {new_limit=56})
[114856:116760:0922/115122.142:VERBOSE1:media_stream_manager.cc(1533)] MSPL::OnSpeedLimitChange({this=000005D4000BED40}, {new_limit=55})
[114856:116760:0922/115123.917:VERBOSE1:media_stream_manager.cc(1533)] MSPL::OnSpeedLimitChange({this=000005D4000BED40}, {new_limit=59})
[114856:112576:0922/115123.918:WARNING:page_discarding_helper.cc(138)] Discarding multiple pages with target (kb): 0
[114856:116760:0922/115124.151:VERBOSE1:media_stream_manager.cc(1533)] MSPL::OnSpeedLimitChange({this=000005D4000BED40}, {new_limit=58})
[114856:116760:0922/115125.140:VERBOSE1:media_stream_manager.cc(1533)] MSPL::OnSpeedLimitChange({this=000005D4000BED40}, {new_limit=55})
[114856:116760:0922/115126.140:VERBOSE1:media_stream_manager.cc(1533)] MSPL::OnSpeedLimitChange({this=000005D4000BED40}, {new_limit=54})
[114856:116760:0922/115127.140:VERBOSE1:media_stream_manager.cc(1533)] MSPL::OnSpeedLimitChange({this=000005D4000BED40}, {new_limit=53})
[114856:116760:0922/115128.173:VERBOSE1:media_stream_manager.cc(1533)] MSPL::OnSpeedLimitChange({this=000005D4000BED40}, {new_limit=54})
[114856:112576:0922/115128.939:WARNING:page_discarding_helper.cc(138)] Discarding multiple pages with target (kb): 0
[114856:116760:0922/115129.197:VERBOSE1:media_stream_manager.cc(1533)] MSPL::OnSpeedLimitChange({this=000005D4000BED40}, {new_limit=56})
[114856:116760:0922/115130.183:VERBOSE1:media_stream_manager.cc(1533)] MSPL::OnSpeedLimitChange({this=000005D4000BED40}, {new_limit=55})
[114856:116760:0922/115131.199:VERBOSE1:media_stream_manager.cc(1533)] MSPL::OnSpeedLimitChange({this=000005D4000BED40}, {new_limit=57})
[114856:116760:0922/115133.155:VERBOSE1:media_stream_manager.cc(1533)] MSPL::OnSpeedLimitChange({this=000005D4000BED40}, {new_limit=52})
[114856:112576:0922/115133.978:WARNING:page_discarding_helper.cc(138)] Discarding multiple pages with target (kb): 0
[114856:116760:0922/115135.147:VERBOSE1:media_stream_manager.cc(1533)] MSPL::OnSpeedLimitChange({this=000005D4000BED40}, {new_limit=54})
[114856:116760:0922/115138.147:VERBOSE1:media_stream_manager.cc(1533)] MSPL::OnSpeedLimitChange({this=000005D4000BED40}, {new_limit=52})
[114856:112576:0922/115138.997:WARNING:page_discarding_helper.cc(138)] Discarding multiple pages with target (kb): 0
[114856:116760:0922/115139.161:VERBOSE1:media_stream_manager.cc(1533)] MSPL::OnSpeedLimitChange({this=000005D4000BED40}, {new_limit=50})
[114856:116760:0922/115140.151:VERBOSE1:media_stream_manager.cc(1533)] MSPL::OnSpeedLimitChange({this=000005D4000BED40}, {new_limit=49})
[114856:116760:0922/115141.164:VERBOSE1:media_stream_manager.cc(1533)] MSPL::OnSpeedLimitChange({this=000005D4000BED40}, {new_limit=47})
[114856:116760:0922/115143.162:VERBOSE1:media_stream_manager.cc(1533)] MSPL::OnSpeedLimitChange({this=000005D4000BED40}, {new_limit=48})
[114856:112576:0922/115144.021:WARNING:page_discarding_helper.cc(138)] Discarding multiple pages with target (kb): 0
[114856:116760:0922/115145.163:VERBOSE1:media_stream_manager.cc(1533)] MSPL::OnSpeedLimitChange({this=000005D4000BED40}, {new_limit=47})
[114856:116760:0922/115146.158:VERBOSE1:media_stream_manager.cc(1533)] MSPL::OnSpeedLimitChange({this=000005D4000BED40}, {new_limit=46})
[114856:116760:0922/115154.188:VERBOSE1:media_stream_manager.cc(1533)] MSPL::OnSpeedLimitChange({this=000005D4000BED40}, {new_limit=47})
[114856:116760:0922/115156.178:VERBOSE1:media_stream_manager.cc(1533)] MSPL::OnSpeedLimitChange({this=000005D4000BED40}, {new_limit=48})
[114856:116760:0922/115158.179:VERBOSE1:media_stream_manager.cc(1533)] MSPL::OnSpeedLimitChange({this=000005D4000BED40}, {new_limit=47})
[114856:116760:0922/115200.178:VERBOSE1:media_stream_manager.cc(1533)] MSPL::OnSpeedLimitChange({this=000005D4000BED40}, {new_limit=46})
[114856:116760:0922/115201.224:VERBOSE1:media_stream_manager.cc(1533)] MSPL::OnSpeedLimitChange({this=000005D4000BED40}, {new_limit=47})
[114856:116760:0922/115202.169:VERBOSE1:media_stream_manager.cc(1533)] MSPL::OnSpeedLimitChange({this=000005D4000BED40}, {new_limit=46})
[114856:116760:0922/115203.183:VERBOSE1:media_stream_manager.cc(1533)] MSPL::OnSpeedLimitChange({this=000005D4000BED40}, {new_limit=45})
[114856:112576:0922/115204.126:WARNING:page_discarding_helper.cc(138)] Discarding multiple pages with target (kb): 0
[114856:116760:0922/115204.177:VERBOSE1:media_stream_manager.cc(1533)] MSPL::OnSpeedLimitChange({this=000005D4000BED40}, {new_limit=44})
[114856:116760:0922/115206.169:VERBOSE1:media_stream_manager.cc(1533)] MSPL::OnSpeedLimitChange({this=000005D4000BED40}, {new_limit=43})
[114856:116760:0922/115207.172:VERBOSE1:media_stream_manager.cc(1533)] MSPL::OnSpeedLimitChange({this=000005D4000BED40}, {new_limit=42})
[114856:112576:0922/115209.137:WARNING:page_discarding_helper.cc(138)] Discarding multiple pages with target (kb): 0
[114856:116760:0922/115209.189:VERBOSE1:media_stream_manager.cc(1533)] MSPL::OnSpeedLimitChange({this=000005D4000BED40}, {new_limit=43})
[114856:116760:0922/115219.256:VERBOSE1:media_stream_manager.cc(1533)] MSPL::OnSpeedLimitChange({this=000005D4000BED40}, {new_limit=45})
[114856:116760:0922/115219.257:VERBOSE1:media_stream_manager.cc(1533)] MSPL::OnSpeedLimitChange({this=000005D4000BED40}, {new_limit=50})
[114856:116760:0922/115219.257:VERBOSE1:media_stream_manager.cc(1533)] MSPL::OnSpeedLimitChange({this=000005D4000BED40}, {new_limit=54})
[114856:116760:0922/115219.257:VERBOSE1:media_stream_manager.cc(1533)] MSPL::OnSpeedLimitChange({this=000005D4000BED40}, {new_limit=58})
[114856:116760:0922/115219.257:VERBOSE1:media_stream_manager.cc(1533)] MSPL::OnSpeedLimitChange({this=000005D4000BED40}, {new_limit=61})
[114856:116760:0922/115219.257:VERBOSE1:media_stream_manager.cc(1533)] MSPL::OnSpeedLimitChange({this=000005D4000BED40}, {new_limit=66})
[114856:116760:0922/115219.257:VERBOSE1:media_stream_manager.cc(1533)] MSPL::OnSpeedLimitChange({this=000005D4000BED40}, {new_limit=68})
[114856:116760:0922/115219.261:VERBOSE1:media_stream_manager.cc(1533)] MSPL::OnSpeedLimitChange({this=000005D4000BED40}, {new_limit=72})
[114856:116760:0922/115219.261:VERBOSE1:media_stream_manager.cc(1533)] MSPL::OnSpeedLimitChange({this=000005D4000BED40}, {new_limit=71})
[114856:112576:0922/115219.789:WARNING:page_discarding_helper.cc(138)] Discarding multiple pages with target (kb): 0
[114856:116760:0922/115220.226:VERBOSE1:media_stream_manager.cc(1533)] MSPL::OnSpeedLimitChange({this=000005D4000BED40}, {new_limit=72})
[114856:116760:0922/115221.191:VERBOSE1:media_stream_manager.cc(1533)] MSPL::OnSpeedLimitChange({this=000005D4000BED40}, {new_limit=69})
[114856:116760:0922/115222.190:VERBOSE1:media_stream_manager.cc(1533)] MSPL::OnSpeedLimitChange({this=000005D4000BED40}, {new_limit=65})
[114856:116760:0922/115223.356:VERBOSE1:media_stream_manager.cc(1533)] MSPL::OnSpeedLimitChange({this=000005D4000BED40}, {new_limit=63})
[114856:116760:0922/115224.199:VERBOSE1:media_stream_manager.cc(1533)] MSPL::OnSpeedLimitChange({this=000005D4000BED40}, {new_limit=59})
[114856:112576:0922/115224.768:WARNING:page_discarding_helper.cc(138)] Discarding multiple pages with target (kb): 0
[114856:116760:0922/115225.189:VERBOSE1:media_stream_manager.cc(1533)] MSPL::OnSpeedLimitChange({this=000005D4000BED40}, {new_limit=55})
[114856:116760:0922/115227.202:VERBOSE1:media_stream_manager.cc(1533)] MSPL::OnSpeedLimitChange({this=000005D4000BED40}, {new_limit=54})
[114856:116760:0922/115228.209:VERBOSE1:media_stream_manager.cc(1533)] MSPL::OnSpeedLimitChange({this=000005D4000BED40}, {new_limit=51})
[114856:116760:0922/115229.202:VERBOSE1:media_stream_manager.cc(1533)] MSPL::OnSpeedLimitChange({this=000005D4000BED40}, {new_limit=55})
[114856:112576:0922/115229.697:WARNING:page_discarding_helper.cc(138)] Discarding multiple pages with target (kb): 0
[114856:116760:0922/115230.197:VERBOSE1:media_stream_manager.cc(1533)] MSPL::OnSpeedLimitChange({this=000005D4000BED40}, {new_limit=53})
[114856:116760:0922/115231.210:VERBOSE1:media_stream_manager.cc(1533)] MSPL::OnSpeedLimitChange({this=000005D4000BED40}, {new_limit=51})
[114856:116760:0922/115233.203:VERBOSE1:media_stream_manager.cc(1533)] MSPL::OnSpeedLimitChange({this=000005D4000BED40}, {new_limit=50})
[114856:116760:0922/115234.198:VERBOSE1:media_stream_manager.cc(1533)] MSPL::OnSpeedLimitChange({this=000005D4000BED40}, {new_limit=51})
[114856:112576:0922/115234.699:WARNING:page_discarding_helper.cc(138)] Discarding multiple pages with target (kb): 0
[114856:116760:0922/115235.203:VERBOSE1:media_stream_manager.cc(1533)] MSPL::OnSpeedLimitChange({this=000005D4000BED40}, {new_limit=52})
[114856:116760:0922/115236.207:VERBOSE1:media_stream_manager.cc(1533)] MSPL::OnSpeedLimitChange({this=000005D4000BED40}, {new_limit=50})
[114856:116760:0922/115239.200:VERBOSE1:media_stream_manager.cc(1533)] MSPL::OnSpeedLimitChange({this=000005D4000BED40}, {new_limit=47})
[114856:112576:0922/115239.740:WARNING:page_discarding_helper.cc(138)] Discarding multiple pages with target (kb): 0
[114856:116760:0922/115241.205:VERBOSE1:media_stream_manager.cc(1533)] MSPL::OnSpeedLimitChange({this=000005D4000BED40}, {new_limit=48})
[114856:116760:0922/115243.211:VERBOSE1:media_stream_manager.cc(1533)] MSPL::OnSpeedLimitChange({this=000005D4000BED40}, {new_limit=49})
[114856:116760:0922/115244.218:VERBOSE1:media_stream_manager.cc(1533)] MSPL::OnSpeedLimitChange({this=000005D4000BED40}, {new_limit=47})
[114856:112576:0922/115244.758:WARNING:page_discarding_helper.cc(138)] Discarding multiple pages with target (kb): 0
[114856:116760:0922/115246.216:VERBOSE1:media_stream_manager.cc(1533)] MSPL::OnSpeedLimitChange({this=000005D4000BED40}, {new_limit=46})
[114856:116760:0922/115247.217:VERBOSE1:media_stream_manager.cc(1533)] MSPL::OnSpeedLimitChange({this=000005D4000BED40}, {new_limit=47})
[114856:116760:0922/115248.212:VERBOSE1:media_stream_manager.cc(1533)] MSPL::OnSpeedLimitChange({this=000005D4000BED40}, {new_limit=45})
[114856:116760:0922/115249.205:VERBOSE1:media_stream_manager.cc(1533)] MSPL::OnSpeedLimitChange({this=000005D4000BED40}, {new_limit=46})
[114856:112576:0922/115249.758:WARNING:page_discarding_helper.cc(138)] Discarding multiple pages with target (kb): 0
[114856:116760:0922/115253.216:VERBOSE1:media_stream_manager.cc(1533)] MSPL::OnSpeedLimitChange({this=000005D4000BED40}, {new_limit=45})
[114856:112576:0922/115254.772:WARNING:page_discarding_helper.cc(138)] Discarding multiple pages with target (kb): 0
[114856:116760:0922/115257.220:VERBOSE1:media_stream_manager.cc(1533)] MSPL::OnSpeedLimitChange({this=000005D4000BED40}, {new_limit=44})
[114856:116760:0922/115258.213:VERBOSE1:media_stream_manager.cc(1533)] MSPL::OnSpeedLimitChange({this=000005D4000BED40}, {new_limit=45})
[114856:112576:0922/115259.777:WARNING:page_discarding_helper.cc(138)] Discarding multiple pages with target (kb): 0
[114856:116760:0922/115300.212:VERBOSE1:media_stream_manager.cc(1533)] MSPL::OnSpeedLimitChange({this=000005D4000BED40}, {new_limit=44})
[114856:116760:0922/115301.217:VERBOSE1:media_stream_manager.cc(1533)] MSPL::OnSpeedLimitChange({this=000005D4000BED40}, {new_limit=46})
[114856:116760:0922/115303.225:VERBOSE1:media_stream_manager.cc(1533)] MSPL::OnSpeedLimitChange({this=000005D4000BED40}, {new_limit=45})
[114856:112576:0922/115304.833:WARNING:page_discarding_helper.cc(138)] Discarding multiple pages with target (kb): 0
[114856:116760:0922/115308.231:VERBOSE1:media_stream_manager.cc(1533)] MSPL::OnSpeedLimitChange({this=000005D4000BED40}, {new_limit=46})
[114856:112576:0922/115309.858:WARNING:page_discarding_helper.cc(138)] Discarding multiple pages with target (kb): 0
[114856:116760:0922/115311.250:VERBOSE1:media_stream_manager.cc(1533)] MSPL::OnSpeedLimitChange({this=000005D4000BED40}, {new_limit=45})
[114856:116760:0922/115313.223:VERBOSE1:media_stream_manager.cc(1533)] MSPL::OnSpeedLimitChange({this=000005D4000BED40}, {new_limit=47})
[114856:116760:0922/115314.238:VERBOSE1:media_stream_manager.cc(1533)] MSPL::OnSpeedLimitChange({this=000005D4000BED40}, {new_limit=46})
[114856:116760:0922/115315.225:VERBOSE1:media_stream_manager.cc(1533)] MSPL::OnSpeedLimitChange({this=000005D4000BED40}, {new_limit=47})
[114856:116760:0922/115316.239:VERBOSE1:media_stream_manager.cc(1533)] MSPL::OnSpeedLimitChange({this=000005D4000BED40}, {new_limit=48})
[114856:116760:0922/115318.229:VERBOSE1:media_stream_manager.cc(1533)] MSPL::OnSpeedLimitChange({this=000005D4000BED40}, {new_limit=47})
[114856:116760:0922/115319.234:VERBOSE1:media_stream_manager.cc(1533)] MSPL::OnSpeedLimitChange({this=000005D4000BED40}, {new_limit=46})
[114856:116760:0922/115320.262:VERBOSE1:media_stream_manager.cc(1533)] MSPL::OnSpeedLimitChange({this=000005D4000BED40}, {new_limit=48})
[114856:116760:0922/115325.244:VERBOSE1:media_stream_manager.cc(1533)] MSPL::OnSpeedLimitChange({this=000005D4000BED40}, {new_limit=49})
[114856:116760:0922/115327.232:VERBOSE1:media_stream_manager.cc(1533)] MSPL::OnSpeedLimitChange({this=000005D4000BED40}, {new_limit=50})
[114856:116760:0922/115328.239:VERBOSE1:media_stream_manager.cc(1533)] MSPL::OnSpeedLimitChange({this=000005D4000BED40}, {new_limit=49})
[114856:116760:0922/115332.240:VERBOSE1:media_stream_manager.cc(1533)] MSPL::OnSpeedLimitChange({this=000005D4000BED40}, {new_limit=50})
[114856:116760:0922/115336.243:VERBOSE1:media_stream_manager.cc(1533)] MSPL::OnSpeedLimitChange({this=000005D4000BED40}, {new_limit=49})
[114856:116760:0922/115344.259:VERBOSE1:media_stream_manager.cc(1533)] MSPL::OnSpeedLimitChange({this=000005D4000BED40}, {new_limit=48})
[114856:116760:0922/115346.258:VERBOSE1:media_stream_manager.cc(1533)] MSPL::OnSpeedLimitChange({this=000005D4000BED40}, {new_limit=49})
[114856:116760:0922/115347.264:VERBOSE1:media_stream_manager.cc(1533)] MSPL::OnSpeedLimitChange({this=000005D4000BED40}, {new_limit=50})
[114856:116760:0922/115349.264:VERBOSE1:media_stream_manager.cc(1533)] MSPL::OnSpeedLimitChange({this=000005D4000BED40}, {new_limit=49})
[114856:116760:0922/115351.266:VERBOSE1:media_stream_manager.cc(1533)] MSPL::OnSpeedLimitChange({this=000005D4000BED40}, {new_limit=50})
[114856:116760:0922/115353.268:VERBOSE1:media_stream_manager.cc(1533)] MSPL::OnSpeedLimitChange({this=000005D4000BED40}, {new_limit=51})
[114856:116760:0922/115354.264:VERBOSE1:media_stream_manager.cc(1533)] MSPL::OnSpeedLimitChange({this=000005D4000BED40}, {new_limit=50})
[114856:112576:0922/115355.136:WARNING:page_discarding_helper.cc(138)] Discarding multiple pages with target (kb): 0
[114856:116760:0922/115357.259:VERBOSE1:media_stream_manager.cc(1533)] MSPL::OnSpeedLimitChange({this=000005D4000BED40}, {new_limit=49})
[114856:116760:0922/115359.255:VERBOSE1:media_stream_manager.cc(1533)] MSPL::OnSpeedLimitChange({this=000005D4000BED40}, {new_limit=50})
[114856:112576:0922/115400.148:WARNING:page_discarding_helper.cc(138)] Discarding multiple pages with target (kb): 0
[114856:116760:0922/115400.266:VERBOSE1:media_stream_manager.cc(1533)] MSPL::OnSpeedLimitChange({this=000005D4000BED40}, {new_limit=49})
[114856:116760:0922/115402.270:VERBOSE1:media_stream_manager.cc(1533)] MSPL::OnSpeedLimitChange({this=000005D4000BED40}, {new_limit=48})
[114856:116760:0922/115403.283:VERBOSE1:media_stream_manager.cc(1533)] MSPL::OnSpeedLimitChange({this=000005D4000BED40}, {new_limit=47})
[114856:116760:0922/115404.271:VERBOSE1:media_stream_manager.cc(1533)] MSPL::OnSpeedLimitChange({this=000005D4000BED40}, {new_limit=48})
[114856:112576:0922/115405.186:WARNING:page_discarding_helper.cc(138)] Discarding multiple pages with target (kb): 0
[114856:116760:0922/115406.268:VERBOSE1:media_stream_manager.cc(1533)] MSPL::OnSpeedLimitChange({this=000005D4000BED40}, {new_limit=49})
[114856:116760:0922/115407.270:VERBOSE1:media_stream_manager.cc(1533)] MSPL::OnSpeedLimitChange({this=000005D4000BED40}, {new_limit=48})
[114856:116760:0922/115409.264:VERBOSE1:media_stream_manager.cc(1533)] MSPL::OnSpeedLimitChange({this=000005D4000BED40}, {new_limit=46})
[114856:112576:0922/115410.199:WARNING:page_discarding_helper.cc(138)] Discarding multiple pages with target (kb): 0
[114856:116760:0922/115410.273:VERBOSE1:media_stream_manager.cc(1533)] MSPL::OnSpeedLimitChange({this=000005D4000BED40}, {new_limit=47})
[114856:116760:0922/115411.278:VERBOSE1:media_stream_manager.cc(1533)] MSPL::OnSpeedLimitChange({this=000005D4000BED40}, {new_limit=48})
[114856:116760:0922/115412.286:VERBOSE1:media_stream_manager.cc(1533)] MSPL::OnSpeedLimitChange({this=000005D4000BED40}, {new_limit=49})
[114856:116760:0922/115413.278:VERBOSE1:media_stream_manager.cc(1533)] MSPL::OnSpeedLimitChange({this=000005D4000BED40}, {new_limit=50})
[114856:116760:0922/115414.284:VERBOSE1:media_stream_manager.cc(1533)] MSPL::OnSpeedLimitChange({this=000005D4000BED40}, {new_limit=48})
[114856:112576:0922/115415.200:WARNING:page_discarding_helper.cc(138)] Discarding multiple pages with target (kb): 0
[114856:116760:0922/115416.269:VERBOSE1:media_stream_manager.cc(1533)] MSPL::OnSpeedLimitChange({this=000005D4000BED40}, {new_limit=47})
[114856:116760:0922/115417.275:VERBOSE1:media_stream_manager.cc(1533)] MSPL::OnSpeedLimitChange({this=000005D4000BED40}, {new_limit=48})
[114856:116760:0922/115418.274:VERBOSE1:media_stream_manager.cc(1533)] MSPL::OnSpeedLimitChange({this=000005D4000BED40}, {new_limit=47})
[114856:116760:0922/115421.281:VERBOSE1:media_stream_manager.cc(1533)] MSPL::OnSpeedLimitChange({this=000005D4000BED40}, {new_limit=46})
[114856:116760:0922/115422.285:VERBOSE1:media_stream_manager.cc(1533)] MSPL::OnSpeedLimitChange({this=000005D4000BED40}, {new_limit=45})
[114856:112576:0922/115425.244:WARNING:page_discarding_helper.cc(138)] Discarding multiple pages with target (kb): 0
[114856:116760:0922/115426.290:VERBOSE1:media_stream_manager.cc(1533)] MSPL::OnSpeedLimitChange({this=000005D4000BED40}, {new_limit=46})
[114856:116760:0922/115427.296:VERBOSE1:media_stream_manager.cc(1533)] MSPL::OnSpeedLimitChange({this=000005D4000BED40}, {new_limit=48})
[114856:116760:0922/115428.289:VERBOSE1:media_stream_manager.cc(1533)] MSPL::OnSpeedLimitChange({this=000005D4000BED40}, {new_limit=50})
[114856:116760:0922/115429.291:VERBOSE1:media_stream_manager.cc(1533)] MSPL::OnSpeedLimitChange({this=000005D4000BED40}, {new_limit=51})
[114856:112576:0922/115430.247:WARNING:page_discarding_helper.cc(138)] Discarding multiple pages with target (kb): 0
[114856:116760:0922/115433.286:VERBOSE1:media_stream_manager.cc(1533)] MSPL::OnSpeedLimitChange({this=000005D4000BED40}, {new_limit=52})
[114856:116760:0922/115434.292:VERBOSE1:media_stream_manager.cc(1533)] MSPL::OnSpeedLimitChange({this=000005D4000BED40}, {new_limit=53})
[114856:112576:0922/115435.326:WARNING:page_discarding_helper.cc(138)] Discarding multiple pages with target (kb): 0
[114856:116760:0922/115436.293:VERBOSE1:media_stream_manager.cc(1533)] MSPL::OnSpeedLimitChange({this=000005D4000BED40}, {new_limit=54})
[114856:116760:0922/115437.296:VERBOSE1:media_stream_manager.cc(1533)] MSPL::OnSpeedLimitChange({this=000005D4000BED40}, {new_limit=53})
[114856:116760:0922/115439.308:VERBOSE1:media_stream_manager.cc(1533)] MSPL::OnSpeedLimitChange({this=000005D4000BED40}, {new_limit=52})
[114856:112576:0922/115440.376:WARNING:page_discarding_helper.cc(138)] Discarding multiple pages with target (kb): 0
[114856:116760:0922/115441.527:VERBOSE1:media_stream_manager.cc(1533)] MSPL::OnSpeedLimitChange({this=000005D4000BED40}, {new_limit=53})
[114856:116760:0922/115442.291:VERBOSE1:media_stream_manager.cc(1533)] MSPL::OnSpeedLimitChange({this=000005D4000BED40}, {new_limit=52})
[114856:116760:0922/115443.301:VERBOSE1:media_stream_manager.cc(1533)] MSPL::OnSpeedLimitChange({this=000005D4000BED40}, {new_limit=51})
[114856:116760:0922/115444.304:VERBOSE1:media_stream_manager.cc(1533)] MSPL::OnSpeedLimitChange({this=000005D4000BED40}, {new_limit=49})
[114856:116760:0922/115446.306:VERBOSE1:media_stream_manager.cc(1533)] MSPL::OnSpeedLimitChange({this=000005D4000BED40}, {new_limit=48})
[114856:116760:0922/115447.297:VERBOSE1:media_stream_manager.cc(1533)] MSPL::OnSpeedLimitChange({this=000005D4000BED40}, {new_limit=47})
[114856:116760:0922/115448.307:VERBOSE1:media_stream_manager.cc(1533)] MSPL::OnSpeedLimitChange({this=000005D4000BED40}, {new_limit=46})
[114856:116760:0922/115449.307:VERBOSE1:media_stream_manager.cc(1533)] MSPL::OnSpeedLimitChange({this=000005D4000BED40}, {new_limit=49})
[114856:116760:0922/115450.305:VERBOSE1:media_stream_manager.cc(1533)] MSPL::OnSpeedLimitChange({this=000005D4000BED40}, {new_limit=48})
[114856:116760:0922/115451.308:VERBOSE1:media_stream_manager.cc(1533)] MSPL::OnSpeedLimitChange({this=000005D4000BED40}, {new_limit=47})
[114856:116760:0922/115453.328:VERBOSE1:media_stream_manager.cc(1533)] MSPL::OnSpeedLimitChange({this=000005D4000BED40}, {new_limit=49})
[114856:116760:0922/115454.340:VERBOSE1:media_stream_manager.cc(1533)] MSPL::OnSpeedLimitChange({this=000005D4000BED40}, {new_limit=51})
[114856:116760:0922/115455.311:VERBOSE1:media_stream_manager.cc(1533)] MSPL::OnSpeedLimitChange({this=000005D4000BED40}, {new_limit=53})
[114856:112576:0922/115455.483:WARNING:page_discarding_helper.cc(138)] Discarding multiple pages with target (kb): 0
[114856:116760:0922/115456.303:VERBOSE1:media_stream_manager.cc(1533)] MSPL::OnSpeedLimitChange({this=000005D4000BED40}, {new_limit=52})
[114856:116760:0922/115459.314:VERBOSE1:media_stream_manager.cc(1533)] MSPL::OnSpeedLimitChange({this=000005D4000BED40}, {new_limit=51})
[114856:116760:0922/115500.307:VERBOSE1:media_stream_manager.cc(1533)] MSPL::OnSpeedLimitChange({this=000005D4000BED40}, {new_limit=50})
[114856:112576:0922/115500.550:WARNING:page_discarding_helper.cc(138)] Discarding multiple pages with target (kb): 0
[114856:116760:0922/115501.347:VERBOSE1:media_stream_manager.cc(1533)] MSPL::OnSpeedLimitChange({this=000005D4000BED40}, {new_limit=53})
[114856:116760:0922/115503.309:VERBOSE1:media_stream_manager.cc(1533)] MSPL::OnSpeedLimitChange({this=000005D4000BED40}, {new_limit=51})
[114856:116760:0922/115504.334:VERBOSE1:media_stream_manager.cc(1533)] MSPL::OnSpeedLimitChange({this=000005D4000BED40}, {new_limit=53})
[114856:112576:0922/115505.603:WARNING:page_discarding_helper.cc(138)] Discarding multiple pages with target (kb): 0
[114856:116760:0922/115506.315:VERBOSE1:media_stream_manager.cc(1533)] MSPL::OnSpeedLimitChange({this=000005D4000BED40}, {new_limit=55})
[114856:116760:0922/115509.318:VERBOSE1:media_stream_manager.cc(1533)] MSPL::OnSpeedLimitChange({this=000005D4000BED40}, {new_limit=54})
[114856:116760:0922/115510.308:VERBOSE1:media_stream_manager.cc(1533)] MSPL::OnSpeedLimitChange({this=000005D4000BED40}, {new_limit=57})
[114856:112576:0922/115510.612:WARNING:page_discarding_helper.cc(138)] Discarding multiple pages with target (kb): 0
[114856:116760:0922/115511.308:VERBOSE1:media_stream_manager.cc(1533)] MSPL::OnSpeedLimitChange({this=000005D4000BED40}, {new_limit=55})
[114856:116760:0922/115514.327:VERBOSE1:media_stream_manager.cc(1533)] MSPL::OnSpeedLimitChange({this=000005D4000BED40}, {new_limit=53})
[114856:116760:0922/115515.325:VERBOSE1:media_stream_manager.cc(1533)] MSPL::OnSpeedLimitChange({this=000005D4000BED40}, {new_limit=51})
[114856:112576:0922/115515.676:WARNING:page_discarding_helper.cc(138)] Discarding multiple pages with target (kb): 0
[114856:116760:0922/115516.320:VERBOSE1:media_stream_manager.cc(1533)] MSPL::OnSpeedLimitChange({this=000005D4000BED40}, {new_limit=52})
[114856:116760:0922/115520.327:VERBOSE1:media_stream_manager.cc(1533)] MSPL::OnSpeedLimitChange({this=000005D4000BED40}, {new_limit=51})
[114856:112576:0922/115520.710:WARNING:page_discarding_helper.cc(138)] Discarding multiple pages with target (kb): 0
[114856:116760:0922/115523.330:VERBOSE1:media_stream_manager.cc(1533)] MSPL::OnSpeedLimitChange({this=000005D4000BED40}, {new_limit=52})
[114856:116760:0922/115524.326:VERBOSE1:media_stream_manager.cc(1533)] MSPL::OnSpeedLimitChange({this=000005D4000BED40}, {new_limit=51})
[114856:116760:0922/115525.336:VERBOSE1:media_stream_manager.cc(1533)] MSPL::OnSpeedLimitChange({this=000005D4000BED40}, {new_limit=52})
[114856:112576:0922/115525.765:WARNING:page_discarding_helper.cc(138)] Discarding multiple pages with target (kb): 0
[114856:116760:0922/115526.334:VERBOSE1:media_stream_manager.cc(1533)] MSPL::OnSpeedLimitChange({this=000005D4000BED40}, {new_limit=50})
[114856:116760:0922/115528.324:VERBOSE1:media_stream_manager.cc(1533)] MSPL::OnSpeedLimitChange({this=000005D4000BED40}, {new_limit=49})
[114856:112576:0922/115530.770:WARNING:page_discarding_helper.cc(138)] Discarding multiple pages with target (kb): 0
[114856:116760:0922/115533.328:VERBOSE1:media_stream_manager.cc(1533)] MSPL::OnSpeedLimitChange({this=000005D4000BED40}, {new_limit=48})
[114856:116760:0922/115534.335:VERBOSE1:media_stream_manager.cc(1533)] MSPL::OnSpeedLimitChange({this=000005D4000BED40}, {new_limit=49})
[114856:116760:0922/115535.334:VERBOSE1:media_stream_manager.cc(1533)] MSPL::OnSpeedLimitChange({this=000005D4000BED40}, {new_limit=48})
[114856:112576:0922/115535.779:WARNING:page_discarding_helper.cc(138)] Discarding multiple pages with target (kb): 0
[114856:116760:0922/115536.327:VERBOSE1:media_stream_manager.cc(1533)] MSPL::OnSpeedLimitChange({this=000005D4000BED40}, {new_limit=47})
[114856:116760:0922/115538.336:VERBOSE1:media_stream_manager.cc(1533)] MSPL::OnSpeedLimitChange({this=000005D4000BED40}, {new_limit=48})
[114856:116760:0922/115540.332:VERBOSE1:media_stream_manager.cc(1533)] MSPL::OnSpeedLimitChange({this=000005D4000BED40}, {new_limit=47})
[114856:112576:0922/115540.811:WARNING:page_discarding_helper.cc(138)] Discarding multiple pages with target (kb): 0
[114856:116760:0922/115542.342:VERBOSE1:media_stream_manager.cc(1533)] MSPL::OnSpeedLimitChange({this=000005D4000BED40}, {new_limit=46})
[114856:116760:0922/115544.334:VERBOSE1:media_stream_manager.cc(1533)] MSPL::OnSpeedLimitChange({this=000005D4000BED40}, {new_limit=48})
[114856:116760:0922/115545.347:VERBOSE1:media_stream_manager.cc(1533)] MSPL::OnSpeedLimitChange({this=000005D4000BED40}, {new_limit=51})
[114856:112576:0922/115545.842:WARNING:page_discarding_helper.cc(138)] Discarding multiple pages with target (kb): 0
[114856:116760:0922/115547.346:VERBOSE1:media_stream_manager.cc(1533)] MSPL::OnSpeedLimitChange({this=000005D4000BED40}, {new_limit=50})
[114856:116760:0922/115548.343:VERBOSE1:media_stream_manager.cc(1533)] MSPL::OnSpeedLimitChange({this=000005D4000BED40}, {new_limit=51})
[114856:116760:0922/115549.350:VERBOSE1:media_stream_manager.cc(1533)] MSPL::OnSpeedLimitChange({this=000005D4000BED40}, {new_limit=52})
[114856:112576:0922/115550.889:WARNING:page_discarding_helper.cc(138)] Discarding multiple pages with target (kb): 0
[114856:116760:0922/115551.340:VERBOSE1:media_stream_manager.cc(1533)] MSPL::OnSpeedLimitChange({this=000005D4000BED40}, {new_limit=53})
[114856:116760:0922/115552.352:VERBOSE1:media_stream_manager.cc(1533)] MSPL::OnSpeedLimitChange({this=000005D4000BED40}, {new_limit=54})
[114856:116760:0922/115554.342:VERBOSE1:media_stream_manager.cc(1533)] MSPL::OnSpeedLimitChange({this=000005D4000BED40}, {new_limit=52})
[114856:116760:0922/115555.348:VERBOSE1:media_stream_manager.cc(1533)] MSPL::OnSpeedLimitChange({this=000005D4000BED40}, {new_limit=50})
[114856:112576:0922/115555.898:WARNING:page_discarding_helper.cc(138)] Discarding multiple pages with target (kb): 0
[114856:116760:0922/115556.355:VERBOSE1:media_stream_manager.cc(1533)] MSPL::OnSpeedLimitChange({this=000005D4000BED40}, {new_limit=51})
[114856:116760:0922/115557.355:VERBOSE1:media_stream_manager.cc(1533)] MSPL::OnSpeedLimitChange({this=000005D4000BED40}, {new_limit=53})
[114856:116760:0922/115558.348:VERBOSE1:media_stream_manager.cc(1533)] MSPL::OnSpeedLimitChange({this=000005D4000BED40}, {new_limit=54})
[114856:116760:0922/115600.385:VERBOSE1:media_stream_manager.cc(1533)] MSPL::OnSpeedLimitChange({this=000005D4000BED40}, {new_limit=55})
[114856:112576:0922/115600.922:WARNING:page_discarding_helper.cc(138)] Discarding multiple pages with target (kb): 0
[114856:116760:0922/115602.351:VERBOSE1:media_stream_manager.cc(1533)] MSPL::OnSpeedLimitChange({this=000005D4000BED40}, {new_limit=56})
[114856:116760:0922/115603.349:VERBOSE1:media_stream_manager.cc(1533)] MSPL::OnSpeedLimitChange({this=000005D4000BED40}, {new_limit=59})
[114856:116760:0922/115605.375:VERBOSE1:media_stream_manager.cc(1533)] MSPL::OnSpeedLimitChange({this=000005D4000BED40}, {new_limit=61})
[114856:112576:0922/115605.966:WARNING:page_discarding_helper.cc(138)] Discarding multiple pages with target (kb): 0
[114856:116760:0922/115608.361:VERBOSE1:media_stream_manager.cc(1533)] MSPL::OnSpeedLimitChange({this=000005D4000BED40}, {new_limit=60})
[114856:112576:0922/115610.998:WARNING:page_discarding_helper.cc(138)] Discarding multiple pages with target (kb): 0
[114856:116760:0922/115611.364:VERBOSE1:media_stream_manager.cc(1533)] MSPL::OnSpeedLimitChange({this=000005D4000BED40}, {new_limit=59})
[114856:116760:0922/115613.392:VERBOSE1:media_stream_manager.cc(1533)] MSPL::OnSpeedLimitChange({this=000005D4000BED40}, {new_limit=57})
[114856:116760:0922/115615.390:VERBOSE1:media_stream_manager.cc(1533)] MSPL::OnSpeedLimitChange({this=000005D4000BED40}, {new_limit=56})
[114856:112576:0922/115616.100:WARNING:page_discarding_helper.cc(138)] Discarding multiple pages with target (kb): 0
[114856:116760:0922/115616.367:VERBOSE1:media_stream_manager.cc(1533)] MSPL::OnSpeedLimitChange({this=000005D4000BED40}, {new_limit=57})
[114856:116760:0922/115617.375:VERBOSE1:media_stream_manager.cc(1533)] MSPL::OnSpeedLimitChange({this=000005D4000BED40}, {new_limit=58})
[114856:116760:0922/115618.374:VERBOSE1:media_stream_manager.cc(1533)] MSPL::OnSpeedLimitChange({this=000005D4000BED40}, {new_limit=57})
[114856:116760:0922/115619.387:VERBOSE1:media_stream_manager.cc(1533)] MSPL::OnSpeedLimitChange({this=000005D4000BED40}, {new_limit=58})
[114856:112576:0922/115621.134:WARNING:page_discarding_helper.cc(138)] Discarding multiple pages with target (kb): 0
[114856:116760:0922/115622.378:VERBOSE1:media_stream_manager.cc(1533)] MSPL::OnSpeedLimitChange({this=000005D4000BED40}, {new_limit=59})
[114856:116760:0922/115624.394:VERBOSE1:media_stream_manager.cc(1533)] MSPL::OnSpeedLimitChange({this=000005D4000BED40}, {new_limit=60})
[114856:116760:0922/115625.371:VERBOSE1:media_stream_manager.cc(1533)] MSPL::OnSpeedLimitChange({this=000005D4000BED40}, {new_limit=61})
[114856:112576:0922/115626.173:WARNING:page_discarding_helper.cc(138)] Discarding multiple pages with target (kb): 0
[114856:116760:0922/115626.366:VERBOSE1:media_stream_manager.cc(1533)] MSPL::OnSpeedLimitChange({this=000005D4000BED40}, {new_limit=59})
[114856:116760:0922/115628.384:VERBOSE1:media_stream_manager.cc(1533)] MSPL::OnSpeedLimitChange({this=000005D4000BED40}, {new_limit=60})
[114856:116760:0922/115629.381:VERBOSE1:media_stream_manager.cc(1533)] MSPL::OnSpeedLimitChange({this=000005D4000BED40}, {new_limit=59})
[114856:112576:0922/115631.204:WARNING:page_discarding_helper.cc(138)] Discarding multiple pages with target (kb): 0
[114856:116760:0922/115631.373:VERBOSE1:media_stream_manager.cc(1533)] MSPL::OnSpeedLimitChange({this=000005D4000BED40}, {new_limit=58})
[114856:116760:0922/115632.370:VERBOSE1:media_stream_manager.cc(1533)] MSPL::OnSpeedLimitChange({this=000005D4000BED40}, {new_limit=57})
[114856:116760:0922/115634.379:VERBOSE1:media_stream_manager.cc(1533)] MSPL::OnSpeedLimitChange({this=000005D4000BED40}, {new_limit=56})
[114856:116760:0922/115635.388:VERBOSE1:media_stream_manager.cc(1533)] MSPL::OnSpeedLimitChange({this=000005D4000BED40}, {new_limit=53})
[114856:112576:0922/115636.245:WARNING:page_discarding_helper.cc(138)] Discarding multiple pages with target (kb): 0
[114856:116760:0922/115637.382:VERBOSE1:media_stream_manager.cc(1533)] MSPL::OnSpeedLimitChange({this=000005D4000BED40}, {new_limit=52})
[114856:116760:0922/115638.401:VERBOSE1:media_stream_manager.cc(1533)] MSPL::OnSpeedLimitChange({this=000005D4000BED40}, {new_limit=54})
[114856:116760:0922/115640.381:VERBOSE1:media_stream_manager.cc(1533)] MSPL::OnSpeedLimitChange({this=000005D4000BED40}, {new_limit=53})
[114856:112576:0922/115641.338:WARNING:page_discarding_helper.cc(138)] Discarding multiple pages with target (kb): 0
[114856:116760:0922/115641.379:VERBOSE1:media_stream_manager.cc(1533)] MSPL::OnSpeedLimitChange({this=000005D4000BED40}, {new_limit=55})
[114856:112576:0922/115646.360:WARNING:page_discarding_helper.cc(138)] Discarding multiple pages with target (kb): 0
[114856:116760:0922/115648.401:VERBOSE1:media_stream_manager.cc(1533)] MSPL::OnSpeedLimitChange({this=000005D4000BED40}, {new_limit=54})
[114856:116760:0922/115649.388:VERBOSE1:media_stream_manager.cc(1533)] MSPL::OnSpeedLimitChange({this=000005D4000BED40}, {new_limit=55})
[114856:112576:0922/115651.424:WARNING:page_discarding_helper.cc(138)] Discarding multiple pages with target (kb): 0
[114856:116760:0922/115652.395:VERBOSE1:media_stream_manager.cc(1533)] MSPL::OnSpeedLimitChange({this=000005D4000BED40}, {new_limit=54})
[114856:116760:0922/115654.391:VERBOSE1:media_stream_manager.cc(1533)] MSPL::OnSpeedLimitChange({this=000005D4000BED40}, {new_limit=55})
[114856:116760:0922/115656.398:VERBOSE1:media_stream_manager.cc(1533)] MSPL::OnSpeedLimitChange({this=000005D4000BED40}, {new_limit=56})
[114856:112576:0922/115656.468:WARNING:page_discarding_helper.cc(138)] Discarding multiple pages with target (kb): 0
[114856:116760:0922/115659.400:VERBOSE1:media_stream_manager.cc(1533)] MSPL::OnSpeedLimitChange({this=000005D4000BED40}, {new_limit=55})
[114856:116760:0922/115701.398:VERBOSE1:media_stream_manager.cc(1533)] MSPL::OnSpeedLimitChange({this=000005D4000BED40}, {new_limit=54})
[114856:112576:0922/115701.468:WARNING:page_discarding_helper.cc(138)] Discarding multiple pages with target (kb): 0
[114856:116760:0922/115704.394:VERBOSE1:media_stream_manager.cc(1533)] MSPL::OnSpeedLimitChange({this=000005D4000BED40}, {new_limit=53})
[114856:116760:0922/115705.407:VERBOSE1:media_stream_manager.cc(1533)] MSPL::OnSpeedLimitChange({this=000005D4000BED40}, {new_limit=54})
[114856:116760:0922/115706.400:VERBOSE1:media_stream_manager.cc(1533)] MSPL::OnSpeedLimitChange({this=000005D4000BED40}, {new_limit=52})
[114856:112576:0922/115706.468:WARNING:page_discarding_helper.cc(138)] Discarding multiple pages with target (kb): 0
[114856:116760:0922/115707.396:VERBOSE1:media_stream_manager.cc(1533)] MSPL::OnSpeedLimitChange({this=000005D4000BED40}, {new_limit=50})
[114856:116760:0922/115708.412:VERBOSE1:media_stream_manager.cc(1533)] MSPL::OnSpeedLimitChange({this=000005D4000BED40}, {new_limit=48})
[114856:116760:0922/115709.412:VERBOSE1:media_stream_manager.cc(1533)] MSPL::OnSpeedLimitChange({this=000005D4000BED40}, {new_limit=46})
[114856:116760:0922/115710.407:VERBOSE1:media_stream_manager.cc(1533)] MSPL::OnSpeedLimitChange({this=000005D4000BED40}, {new_limit=45})
[114856:112576:0922/115711.469:WARNING:page_discarding_helper.cc(138)] Discarding multiple pages with target (kb): 0
[114856:116760:0922/115712.416:VERBOSE1:media_stream_manager.cc(1533)] MSPL::OnSpeedLimitChange({this=000005D4000BED40}, {new_limit=44})
[114856:116760:0922/115713.409:VERBOSE1:media_stream_manager.cc(1533)] MSPL::OnSpeedLimitChange({this=000005D4000BED40}, {new_limit=43})
[114856:116760:0922/115714.412:VERBOSE1:media_stream_manager.cc(1533)] MSPL::OnSpeedLimitChange({this=000005D4000BED40}, {new_limit=41})
[114856:116760:0922/115715.418:VERBOSE1:media_stream_manager.cc(1533)] MSPL::OnSpeedLimitChange({this=000005D4000BED40}, {new_limit=39})
[114856:116760:0922/115716.420:VERBOSE1:media_stream_manager.cc(1533)] MSPL::OnSpeedLimitChange({this=000005D4000BED40}, {new_limit=38})
[114856:112576:0922/115716.495:WARNING:page_discarding_helper.cc(138)] Discarding multiple pages with target (kb): 0
[114856:116760:0922/115717.409:VERBOSE1:media_stream_manager.cc(1533)] MSPL::OnSpeedLimitChange({this=000005D4000BED40}, {new_limit=40})
[114856:116760:0922/115719.898:VERBOSE1:media_stream_manager.cc(1533)] MSPL::OnSpeedLimitChange({this=000005D4000BED40}, {new_limit=44})
[114856:116760:0922/115719.898:VERBOSE1:media_stream_manager.cc(1533)] MSPL::OnSpeedLimitChange({this=000005D4000BED40}, {new_limit=47})
[114856:116760:0922/115720.415:VERBOSE1:media_stream_manager.cc(1533)] MSPL::OnSpeedLimitChange({this=000005D4000BED40}, {new_limit=49})
[114856:112576:0922/115721.630:WARNING:page_discarding_helper.cc(138)] Discarding multiple pages with target (kb): 0
[114856:116760:0922/115722.423:VERBOSE1:media_stream_manager.cc(1533)] MSPL::OnSpeedLimitChange({this=000005D4000BED40}, {new_limit=50})
[114856:116760:0922/115724.428:VERBOSE1:media_stream_manager.cc(1533)] MSPL::OnSpeedLimitChange({this=000005D4000BED40}, {new_limit=52})
[114856:116760:0922/115725.422:VERBOSE1:media_stream_manager.cc(1533)] MSPL::OnSpeedLimitChange({this=000005D4000BED40}, {new_limit=53})
[114856:116760:0922/115726.418:VERBOSE1:media_stream_manager.cc(1533)] MSPL::OnSpeedLimitChange({this=000005D4000BED40}, {new_limit=55})
[114856:112576:0922/115726.555:WARNING:page_discarding_helper.cc(138)] Discarding multiple pages with target (kb): 0
[114856:116760:0922/115728.424:VERBOSE1:media_stream_manager.cc(1533)] MSPL::OnSpeedLimitChange({this=000005D4000BED40}, {new_limit=53})
[114856:116760:0922/115729.423:VERBOSE1:media_stream_manager.cc(1533)] MSPL::OnSpeedLimitChange({this=000005D4000BED40}, {new_limit=52})
[114856:116760:0922/115730.419:VERBOSE1:media_stream_manager.cc(1533)] MSPL::OnSpeedLimitChange({this=000005D4000BED40}, {new_limit=50})
[114856:112576:0922/115731.570:WARNING:page_discarding_helper.cc(138)] Discarding multiple pages with target (kb): 0
[114856:116760:0922/115734.431:VERBOSE1:media_stream_manager.cc(1533)] MSPL::OnSpeedLimitChange({this=000005D4000BED40}, {new_limit=51})
[114856:112576:0922/115736.592:WARNING:page_discarding_helper.cc(138)] Discarding multiple pages with target (kb): 0
[114856:116760:0922/115739.431:VERBOSE1:media_stream_manager.cc(1533)] MSPL::OnSpeedLimitChange({this=000005D4000BED40}, {new_limit=50})
[114856:116760:0922/115740.427:VERBOSE1:media_stream_manager.cc(1533)] MSPL::OnSpeedLimitChange({this=000005D4000BED40}, {new_limit=51})
[114856:112576:0922/115741.624:WARNING:page_discarding_helper.cc(138)] Discarding multiple pages with target (kb): 0
[114856:116760:0922/115743.427:VERBOSE1:media_stream_manager.cc(1533)] MSPL::OnSpeedLimitChange({this=000005D4000BED40}, {new_limit=52})
[114856:116760:0922/115745.648:VERBOSE1:media_stream_manager.cc(1533)] MSPL::OnSpeedLimitChange({this=000005D4000BED40}, {new_limit=50})
[114856:116760:0922/115745.648:VERBOSE1:media_stream_manager.cc(1533)] MSPL::OnSpeedLimitChange({this=000005D4000BED40}, {new_limit=53})
[114856:116760:0922/115746.435:VERBOSE1:media_stream_manager.cc(1533)] MSPL::OnSpeedLimitChange({this=000005D4000BED40}, {new_limit=55})
[114856:112576:0922/115746.636:WARNING:page_discarding_helper.cc(138)] Discarding multiple pages with target (kb): 0
[114856:116760:0922/115747.434:VERBOSE1:media_stream_manager.cc(1533)] MSPL::OnSpeedLimitChange({this=000005D4000BED40}, {new_limit=54})
[114856:116760:0922/115748.640:VERBOSE1:media_stream_manager.cc(1533)] MSPL::OnSpeedLimitChange({this=000005D4000BED40}, {new_limit=56})
[114856:116760:0922/115749.437:VERBOSE1:media_stream_manager.cc(1533)] MSPL::OnSpeedLimitChange({this=000005D4000BED40}, {new_limit=55})
[114856:116760:0922/115750.874:VERBOSE1:media_stream_manager.cc(1533)] MSPL::OnSpeedLimitChange({this=000005D4000BED40}, {new_limit=57})
[114856:112576:0922/115751.700:WARNING:page_discarding_helper.cc(138)] Discarding multiple pages with target (kb): 0
[114856:116760:0922/115752.444:VERBOSE1:media_stream_manager.cc(1533)] MSPL::OnSpeedLimitChange({this=000005D4000BED40}, {new_limit=56})
[114856:116760:0922/115753.450:VERBOSE1:media_stream_manager.cc(1533)] MSPL::OnSpeedLimitChange({this=000005D4000BED40}, {new_limit=55})
[114856:116760:0922/115754.453:VERBOSE1:media_stream_manager.cc(1533)] MSPL::OnSpeedLimitChange({this=000005D4000BED40}, {new_limit=56})
[114856:116760:0922/115755.436:VERBOSE1:media_stream_manager.cc(1533)] MSPL::OnSpeedLimitChange({this=000005D4000BED40}, {new_limit=51})
[114856:116760:0922/115756.452:VERBOSE1:media_stream_manager.cc(1533)] MSPL::OnSpeedLimitChange({this=000005D4000BED40}, {new_limit=49})
[114856:112576:0922/115756.778:WARNING:page_discarding_helper.cc(138)] Discarding multiple pages with target (kb): 0
[114856:116760:0922/115758.445:VERBOSE1:media_stream_manager.cc(1533)] MSPL::OnSpeedLimitChange({this=000005D4000BED40}, {new_limit=46})
[114856:116760:0922/115800.451:VERBOSE1:media_stream_manager.cc(1533)] MSPL::OnSpeedLimitChange({this=000005D4000BED40}, {new_limit=43})
[114856:116760:0922/115801.444:VERBOSE1:media_stream_manager.cc(1533)] MSPL::OnSpeedLimitChange({this=000005D4000BED40}, {new_limit=42})
[114856:112576:0922/115801.782:WARNING:page_discarding_helper.cc(138)] Discarding multiple pages with target (kb): 0
[114856:116760:0922/115803.442:VERBOSE1:media_stream_manager.cc(1533)] MSPL::OnSpeedLimitChange({this=000005D4000BED40}, {new_limit=43})
[114856:116760:0922/115804.444:VERBOSE1:media_stream_manager.cc(1533)] MSPL::OnSpeedLimitChange({this=000005D4000BED40}, {new_limit=44})
[114856:116760:0922/115805.443:VERBOSE1:media_stream_manager.cc(1533)] MSPL::OnSpeedLimitChange({this=000005D4000BED40}, {new_limit=45})
[114856:116760:0922/115806.449:VERBOSE1:media_stream_manager.cc(1533)] MSPL::OnSpeedLimitChange({this=000005D4000BED40}, {new_limit=44})
[114856:112576:0922/115806.785:WARNING:page_discarding_helper.cc(138)] Discarding multiple pages with target (kb): 0
[114856:116760:0922/115807.447:VERBOSE1:media_stream_manager.cc(1533)] MSPL::OnSpeedLimitChange({this=000005D4000BED40}, {new_limit=45})
[114856:112576:0922/115811.837:WARNING:page_discarding_helper.cc(138)] Discarding multiple pages with target (kb): 0
[114856:116760:0922/115812.451:VERBOSE1:media_stream_manager.cc(1533)] MSPL::OnSpeedLimitChange({this=000005D4000BED40}, {new_limit=46})
[114856:116760:0922/115814.455:VERBOSE1:media_stream_manager.cc(1533)] MSPL::OnSpeedLimitChange({this=000005D4000BED40}, {new_limit=47})
[114856:116760:0922/115815.455:VERBOSE1:media_stream_manager.cc(1533)] MSPL::OnSpeedLimitChange({this=000005D4000BED40}, {new_limit=46})
[114856:112576:0922/115816.838:WARNING:page_discarding_helper.cc(138)] Discarding multiple pages with target (kb): 0
[114856:116760:0922/115818.471:VERBOSE1:media_stream_manager.cc(1533)] MSPL::OnSpeedLimitChange({this=000005D4000BED40}, {new_limit=45})
[114856:116760:0922/115819.452:VERBOSE1:media_stream_manager.cc(1533)] MSPL::OnSpeedLimitChange({this=000005D4000BED40}, {new_limit=47})
[114856:116760:0922/115820.455:VERBOSE1:media_stream_manager.cc(1533)] MSPL::OnSpeedLimitChange({this=000005D4000BED40}, {new_limit=49})
[114856:116760:0922/115821.463:VERBOSE1:media_stream_manager.cc(1533)] MSPL::OnSpeedLimitChange({this=000005D4000BED40}, {new_limit=52})
[114856:112576:0922/115821.841:WARNING:page_discarding_helper.cc(138)] Discarding multiple pages with target (kb): 0
[114856:116760:0922/115822.470:VERBOSE1:media_stream_manager.cc(1533)] MSPL::OnSpeedLimitChange({this=000005D4000BED40}, {new_limit=53})
[114856:116760:0922/115824.458:VERBOSE1:media_stream_manager.cc(1533)] MSPL::OnSpeedLimitChange({this=000005D4000BED40}, {new_limit=55})
[114856:116760:0922/115825.459:VERBOSE1:media_stream_manager.cc(1533)] MSPL::OnSpeedLimitChange({this=000005D4000BED40}, {new_limit=57})
[114856:116760:0922/115826.468:VERBOSE1:media_stream_manager.cc(1533)] MSPL::OnSpeedLimitChange({this=000005D4000BED40}, {new_limit=58})
[114856:112576:0922/115826.840:WARNING:page_discarding_helper.cc(138)] Discarding multiple pages with target (kb): 0
[114856:116760:0922/115827.467:VERBOSE1:media_stream_manager.cc(1533)] MSPL::OnSpeedLimitChange({this=000005D4000BED40}, {new_limit=59})
[114856:116760:0922/115828.472:VERBOSE1:media_stream_manager.cc(1533)] MSPL::OnSpeedLimitChange({this=000005D4000BED40}, {new_limit=62})
[114856:116760:0922/115829.470:VERBOSE1:media_stream_manager.cc(1533)] MSPL::OnSpeedLimitChange({this=000005D4000BED40}, {new_limit=60})
[114856:112576:0922/115831.841:WARNING:page_discarding_helper.cc(138)] Discarding multiple pages with target (kb): 0
[114856:116760:0922/115836.470:VERBOSE1:media_stream_manager.cc(1533)] MSPL::OnSpeedLimitChange({this=000005D4000BED40}, {new_limit=61})
[114856:112576:0922/115836.841:WARNING:page_discarding_helper.cc(138)] Discarding multiple pages with target (kb): 0
[114856:116760:0922/115839.476:VERBOSE1:media_stream_manager.cc(1533)] MSPL::OnSpeedLimitChange({this=000005D4000BED40}, {new_limit=62})
[114856:112576:0922/115841.860:WARNING:page_discarding_helper.cc(138)] Discarding multiple pages with target (kb): 0
[114856:116760:0922/115842.482:VERBOSE1:media_stream_manager.cc(1533)] MSPL::OnSpeedLimitChange({this=000005D4000BED40}, {new_limit=63})
[114856:116760:0922/115845.485:VERBOSE1:media_stream_manager.cc(1533)] MSPL::OnSpeedLimitChange({this=000005D4000BED40}, {new_limit=61})
[114856:112576:0922/115846.876:WARNING:page_discarding_helper.cc(138)] Discarding multiple pages with target (kb): 0
[114856:116760:0922/115847.489:VERBOSE1:media_stream_manager.cc(1533)] MSPL::OnSpeedLimitChange({this=000005D4000BED40}, {new_limit=60})
[114856:112576:0922/115851.876:WARNING:page_discarding_helper.cc(138)] Discarding multiple pages with target (kb): 0
[114856:116760:0922/115852.481:VERBOSE1:media_stream_manager.cc(1533)] MSPL::OnSpeedLimitChange({this=000005D4000BED40}, {new_limit=59})
[114856:116760:0922/115853.478:VERBOSE1:media_stream_manager.cc(1533)] MSPL::OnSpeedLimitChange({this=000005D4000BED40}, {new_limit=61})
[114856:116760:0922/115855.491:VERBOSE1:media_stream_manager.cc(1533)] MSPL::OnSpeedLimitChange({this=000005D4000BED40}, {new_limit=63})
[114856:116760:0922/115856.497:VERBOSE1:media_stream_manager.cc(1533)] MSPL::OnSpeedLimitChange({this=000005D4000BED40}, {new_limit=64})
[114856:112576:0922/115856.875:WARNING:page_discarding_helper.cc(138)] Discarding multiple pages with target (kb): 0
[114856:112576:0922/115901.876:WARNING:page_discarding_helper.cc(138)] Discarding multiple pages with target (kb): 0
[114856:116760:0922/115902.492:VERBOSE1:media_stream_manager.cc(1533)] MSPL::OnSpeedLimitChange({this=000005D4000BED40}, {new_limit=65})
[114856:116760:0922/115903.506:VERBOSE1:media_stream_manager.cc(1533)] MSPL::OnSpeedLimitChange({this=000005D4000BED40}, {new_limit=64})
[114856:116760:0922/115905.495:VERBOSE1:media_stream_manager.cc(1533)] MSPL::OnSpeedLimitChange({this=000005D4000BED40}, {new_limit=63})
[114856:112576:0922/115906.875:WARNING:page_discarding_helper.cc(138)] Discarding multiple pages with target (kb): 0
[114856:116760:0922/115907.497:VERBOSE1:media_stream_manager.cc(1533)] MSPL::OnSpeedLimitChange({this=000005D4000BED40}, {new_limit=62})
[114856:116760:0922/115908.491:VERBOSE1:media_stream_manager.cc(1533)] MSPL::OnSpeedLimitChange({this=000005D4000BED40}, {new_limit=63})
[114856:116760:0922/115910.505:VERBOSE1:media_stream_manager.cc(1533)] MSPL::OnSpeedLimitChange({this=000005D4000BED40}, {new_limit=62})
[114856:112576:0922/115912.259:WARNING:page_discarding_helper.cc(138)] Discarding multiple pages with target (kb): 0
[114856:116760:0922/115913.538:VERBOSE1:media_stream_manager.cc(1533)] MSPL::OnSpeedLimitChange({this=000005D4000BED40}, {new_limit=63})
[114856:116760:0922/115914.520:VERBOSE1:media_stream_manager.cc(1533)] MSPL::OnSpeedLimitChange({this=000005D4000BED40}, {new_limit=62})
[114856:116760:0922/115915.501:VERBOSE1:media_stream_manager.cc(1533)] MSPL::OnSpeedLimitChange({this=000005D4000BED40}, {new_limit=63})
[114856:112576:0922/115917.284:WARNING:page_discarding_helper.cc(138)] Discarding multiple pages with target (kb): 0
[114856:116760:0922/115917.512:VERBOSE1:media_stream_manager.cc(1533)] MSPL::OnSpeedLimitChange({this=000005D4000BED40}, {new_limit=64})
[114856:116760:0922/115919.503:VERBOSE1:media_stream_manager.cc(1533)] MSPL::OnSpeedLimitChange({this=000005D4000BED40}, {new_limit=63})
[114856:116760:0922/115920.508:VERBOSE1:media_stream_manager.cc(1533)] MSPL::OnSpeedLimitChange({this=000005D4000BED40}, {new_limit=64})
[114856:116760:0922/115921.507:VERBOSE1:media_stream_manager.cc(1533)] MSPL::OnSpeedLimitChange({this=000005D4000BED40}, {new_limit=63})
[114856:112576:0922/115922.315:WARNING:page_discarding_helper.cc(138)] Discarding multiple pages with target (kb): 0
[114856:116760:0922/115923.505:VERBOSE1:media_stream_manager.cc(1533)] MSPL::OnSpeedLimitChange({this=000005D4000BED40}, {new_limit=61})
[114856:112576:0922/115927.372:WARNING:page_discarding_helper.cc(138)] Discarding multiple pages with target (kb): 0
[114856:112576:0922/115932.372:WARNING:page_discarding_helper.cc(138)] Discarding multiple pages with target (kb): 0
[114856:116760:0922/115934.507:VERBOSE1:media_stream_manager.cc(1533)] MSPL::OnSpeedLimitChange({this=000005D4000BED40}, {new_limit=62})
[114856:116760:0922/115935.515:VERBOSE1:media_stream_manager.cc(1533)] MSPL::OnSpeedLimitChange({this=000005D4000BED40}, {new_limit=61})
[114856:116760:0922/115936.522:VERBOSE1:media_stream_manager.cc(1533)] MSPL::OnSpeedLimitChange({this=000005D4000BED40}, {new_limit=60})
[114856:112576:0922/115937.396:WARNING:page_discarding_helper.cc(138)] Discarding multiple pages with target (kb): 0
[114856:116760:0922/115937.512:VERBOSE1:media_stream_manager.cc(1533)] MSPL::OnSpeedLimitChange({this=000005D4000BED40}, {new_limit=61})
[114856:116760:0922/115938.516:VERBOSE1:media_stream_manager.cc(1533)] MSPL::OnSpeedLimitChange({this=000005D4000BED40}, {new_limit=60})
[114856:116760:0922/115941.524:VERBOSE1:media_stream_manager.cc(1533)] MSPL::OnSpeedLimitChange({this=000005D4000BED40}, {new_limit=61})
[114856:112576:0922/115942.412:WARNING:page_discarding_helper.cc(138)] Discarding multiple pages with target (kb): 0
[114856:116760:0922/115944.521:VERBOSE1:media_stream_manager.cc(1533)] MSPL::OnSpeedLimitChange({this=000005D4000BED40}, {new_limit=59})
[114856:116760:0922/115945.654:VERBOSE1:media_stream_manager.cc(1533)] MSPL::OnSpeedLimitChange({this=000005D4000BED40}, {new_limit=60})
[114856:116760:0922/115946.528:VERBOSE1:media_stream_manager.cc(1533)] MSPL::OnSpeedLimitChange({this=000005D4000BED40}, {new_limit=61})
[114856:112576:0922/115947.464:WARNING:page_discarding_helper.cc(138)] Discarding multiple pages with target (kb): 0
[114856:116760:0922/115949.532:VERBOSE1:media_stream_manager.cc(1533)] MSPL::OnSpeedLimitChange({this=000005D4000BED40}, {new_limit=60})
[114856:116760:0922/115950.536:VERBOSE1:media_stream_manager.cc(1533)] MSPL::OnSpeedLimitChange({this=000005D4000BED40}, {new_limit=59})
[114856:116760:0922/115951.525:VERBOSE1:media_stream_manager.cc(1533)] MSPL::OnSpeedLimitChange({this=000005D4000BED40}, {new_limit=58})
[114856:112576:0922/115952.465:WARNING:page_discarding_helper.cc(138)] Discarding multiple pages with target (kb): 0
[114856:116760:0922/115952.527:VERBOSE1:media_stream_manager.cc(1533)] MSPL::OnSpeedLimitChange({this=000005D4000BED40}, {new_limit=57})
[114856:116760:0922/115953.535:VERBOSE1:media_stream_manager.cc(1533)] MSPL::OnSpeedLimitChange({this=000005D4000BED40}, {new_limit=58})
[114856:116760:0922/115954.541:VERBOSE1:media_stream_manager.cc(1533)] MSPL::OnSpeedLimitChange({this=000005D4000BED40}, {new_limit=59})
[114856:116760:0922/115956.531:VERBOSE1:media_stream_manager.cc(1533)] MSPL::OnSpeedLimitChange({this=000005D4000BED40}, {new_limit=58})
[114856:112576:0922/115957.476:WARNING:page_discarding_helper.cc(138)] Discarding multiple pages with target (kb): 0
[114856:116760:0922/120000.531:VERBOSE1:media_stream_manager.cc(1533)] MSPL::OnSpeedLimitChange({this=000005D4000BED40}, {new_limit=59})
[114856:112576:0922/120002.476:WARNING:page_discarding_helper.cc(138)] Discarding multiple pages with target (kb): 0
[114856:116760:0922/120004.540:VERBOSE1:media_stream_manager.cc(1533)] MSPL::OnSpeedLimitChange({this=000005D4000BED40}, {new_limit=58})
[114856:116760:0922/120005.538:VERBOSE1:media_stream_manager.cc(1533)] MSPL::OnSpeedLimitChange({this=000005D4000BED40}, {new_limit=59})
[114856:112576:0922/120007.482:WARNING:page_discarding_helper.cc(138)] Discarding multiple pages with target (kb): 0
[114856:116760:0922/120007.537:VERBOSE1:media_stream_manager.cc(1533)] MSPL::OnSpeedLimitChange({this=000005D4000BED40}, {new_limit=58})
[114856:116760:0922/120008.549:VERBOSE1:media_stream_manager.cc(1533)] MSPL::OnSpeedLimitChange({this=000005D4000BED40}, {new_limit=59})
[114856:116760:0922/120010.553:VERBOSE1:media_stream_manager.cc(1533)] MSPL::OnSpeedLimitChange({this=000005D4000BED40}, {new_limit=58})
[114856:112576:0922/120012.503:WARNING:page_discarding_helper.cc(138)] Discarding multiple pages with target (kb): 0
[114856:116760:0922/120013.545:VERBOSE1:media_stream_manager.cc(1533)] MSPL::OnSpeedLimitChange({this=000005D4000BED40}, {new_limit=57})
[114856:116760:0922/120017.553:VERBOSE1:media_stream_manager.cc(1533)] MSPL::OnSpeedLimitChange({this=000005D4000BED40}, {new_limit=58})
[114856:112576:0922/120017.553:WARNING:page_discarding_helper.cc(138)] Discarding multiple pages with target (kb): 0
[114856:112576:0922/120022.599:WARNING:page_discarding_helper.cc(138)] Discarding multiple pages with target (kb): 0
[114856:116760:0922/120024.559:VERBOSE1:media_stream_manager.cc(1533)] MSPL::OnSpeedLimitChange({this=000005D4000BED40}, {new_limit=59})
[114856:116760:0922/120025.549:VERBOSE1:media_stream_manager.cc(1533)] MSPL::OnSpeedLimitChange({this=000005D4000BED40}, {new_limit=58})
[114856:116760:0922/120026.551:VERBOSE1:media_stream_manager.cc(1533)] MSPL::OnSpeedLimitChange({this=000005D4000BED40}, {new_limit=57})
[114856:112576:0922/120027.617:WARNING:page_discarding_helper.cc(138)] Discarding multiple pages with target (kb): 0
[114856:116760:0922/120032.558:VERBOSE1:media_stream_manager.cc(1533)] MSPL::OnSpeedLimitChange({this=000005D4000BED40}, {new_limit=56})
[114856:112576:0922/120032.634:WARNING:page_discarding_helper.cc(138)] Discarding multiple pages with target (kb): 0
[114856:116760:0922/120036.552:VERBOSE1:media_stream_manager.cc(1533)] MSPL::OnSpeedLimitChange({this=000005D4000BED40}, {new_limit=57})
[114856:116760:0922/120037.554:VERBOSE1:media_stream_manager.cc(1533)] MSPL::OnSpeedLimitChange({this=000005D4000BED40}, {new_limit=55})
[114856:112576:0922/120037.685:WARNING:page_discarding_helper.cc(138)] Discarding multiple pages with target (kb): 0
[114856:116760:0922/120038.608:VERBOSE1:media_stream_manager.cc(1533)] MSPL::OnSpeedLimitChange({this=000005D4000BED40}, {new_limit=57})
[114856:116760:0922/120039.607:VERBOSE1:media_stream_manager.cc(1533)] MSPL::OnSpeedLimitChange({this=000005D4000BED40}, {new_limit=59})
[114856:116760:0922/120041.561:VERBOSE1:media_stream_manager.cc(1533)] MSPL::OnSpeedLimitChange({this=000005D4000BED40}, {new_limit=58})
[114856:112576:0922/120042.722:WARNING:page_discarding_helper.cc(138)] Discarding multiple pages with target (kb): 0
[114856:116760:0922/120046.560:VERBOSE1:media_stream_manager.cc(1533)] MSPL::OnSpeedLimitChange({this=000005D4000BED40}, {new_limit=57})
[114856:112576:0922/120047.764:WARNING:page_discarding_helper.cc(138)] Discarding multiple pages with target (kb): 0
[114856:116760:0922/120048.572:VERBOSE1:media_stream_manager.cc(1533)] MSPL::OnSpeedLimitChange({this=000005D4000BED40}, {new_limit=55})
[114856:116760:0922/120049.569:VERBOSE1:media_stream_manager.cc(1533)] MSPL::OnSpeedLimitChange({this=000005D4000BED40}, {new_limit=53})
[112644:66140:0922/120050.395:VERBOSE1:logging_network_change_observer.cc(90)] Observed a change to the network IP addresses
[114856:116760:0922/120050.844:VERBOSE1:media_stream_manager.cc(1533)] MSPL::OnSpeedLimitChange({this=000005D4000BED40}, {new_limit=52})
[112644:66140:0922/120051.404:VERBOSE1:logging_network_change_observer.cc(100)] Observed a change to network connectivity state CONNECTION_WIFI
[114856:116760:0922/120051.585:VERBOSE1:media_stream_manager.cc(1533)] MSPL::OnSpeedLimitChange({this=000005D4000BED40}, {new_limit=53})
[112644:66140:0922/120052.425:VERBOSE1:configured_proxy_resolution_service.cc(1162)] Failed configuring with PAC script, falling-back to manual proxy servers.
[112644:66140:0922/120052.426:VERBOSE1:configured_proxy_resolution_service.cc(1162)] Failed configuring with PAC script, falling-back to manual proxy servers.
[112644:66140:0922/120052.430:VERBOSE1:configured_proxy_resolution_service.cc(1162)] Failed configuring with PAC script, falling-back to manual proxy servers.
[114856:116760:0922/120052.571:VERBOSE1:media_stream_manager.cc(1533)] MSPL::OnSpeedLimitChange({this=000005D4000BED40}, {new_limit=51})
[114856:112576:0922/120052.771:WARNING:page_discarding_helper.cc(138)] Discarding multiple pages with target (kb): 0
[112644:66140:0922/120052.912:VERBOSE1:logging_network_change_observer.cc(113)] Observed a network change to state CONNECTION_NONE
[112644:66140:0922/120052.913:VERBOSE1:logging_network_change_observer.cc(113)] Observed a network change to state CONNECTION_WIFI
[114856:116760:0922/120054.574:VERBOSE1:media_stream_manager.cc(1533)] MSPL::OnSpeedLimitChange({this=000005D4000BED40}, {new_limit=50})
[114856:116760:0922/120055.572:VERBOSE1:media_stream_manager.cc(1533)] MSPL::OnSpeedLimitChange({this=000005D4000BED40}, {new_limit=49})
[114856:116760:0922/120056.229:VERBOSE1:mdns_client_impl.cc(201)] Sockets ready:2
[114856:112576:0922/120056.244:VERBOSE1:service_discovery_device_lister.cc(54)] OnServiceUpdated: service_type: _googlecast._tcp.local, service_name: , update: 3
[114856:112576:0922/120056.246:VERBOSE1:service_discovery_device_lister.cc(42)] DiscoverNewDevices: service_type: _googlecast._tcp.local
[114856:112576:0922/120056.246:VERBOSE1:service_discovery_device_lister.cc(42)] DiscoverNewDevices: service_type: _googlecast._tcp.local
[114856:116760:0922/120056.580:VERBOSE1:media_stream_manager.cc(1533)] MSPL::OnSpeedLimitChange({this=000005D4000BED40}, {new_limit=47})
[114856:112576:0922/120057.771:WARNING:page_discarding_helper.cc(138)] Discarding multiple pages with target (kb): 0
[114856:116760:0922/120058.571:VERBOSE1:media_stream_manager.cc(1533)] MSPL::OnSpeedLimitChange({this=000005D4000BED40}, {new_limit=46})
[114856:116760:0922/120059.680:VERBOSE1:media_stream_manager.cc(1533)] MSPL::OnSpeedLimitChange({this=000005D4000BED40}, {new_limit=48})
[114856:116760:0922/120100.576:VERBOSE1:media_stream_manager.cc(1533)] MSPL::OnSpeedLimitChange({this=000005D4000BED40}, {new_limit=47})
[114856:116760:0922/120101.576:VERBOSE1:media_stream_manager.cc(1533)] MSPL::OnSpeedLimitChange({this=000005D4000BED40}, {new_limit=48})
[114856:116760:0922/120102.570:VERBOSE1:media_stream_manager.cc(1533)] MSPL::OnSpeedLimitChange({this=000005D4000BED40}, {new_limit=50})
[114856:112576:0922/120102.792:WARNING:page_discarding_helper.cc(138)] Discarding multiple pages with target (kb): 0
[114856:116760:0922/120104.584:VERBOSE1:media_stream_manager.cc(1533)] MSPL::OnSpeedLimitChange({this=000005D4000BED40}, {new_limit=51})
[114856:116760:0922/120105.579:VERBOSE1:media_stream_manager.cc(1533)] MSPL::OnSpeedLimitChange({this=000005D4000BED40}, {new_limit=52})
[114856:116760:0922/120106.578:VERBOSE1:media_stream_manager.cc(1533)] MSPL::OnSpeedLimitChange({this=000005D4000BED40}, {new_limit=55})
[114856:116760:0922/120107.578:VERBOSE1:media_stream_manager.cc(1533)] MSPL::OnSpeedLimitChange({this=000005D4000BED40}, {new_limit=57})
[114856:112576:0922/120107.792:WARNING:page_discarding_helper.cc(138)] Discarding multiple pages with target (kb): 0
[114856:116760:0922/120110.581:VERBOSE1:media_stream_manager.cc(1533)] MSPL::OnSpeedLimitChange({this=000005D4000BED40}, {new_limit=58})
[114856:116760:0922/120111.580:VERBOSE1:media_stream_manager.cc(1533)] MSPL::OnSpeedLimitChange({this=000005D4000BED40}, {new_limit=59})
[114856:112576:0922/120112.839:WARNING:page_discarding_helper.cc(138)] Discarding multiple pages with target (kb): 0
[114856:116760:0922/120114.580:VERBOSE1:media_stream_manager.cc(1533)] MSPL::OnSpeedLimitChange({this=000005D4000BED40}, {new_limit=60})
[114856:116760:0922/120115.585:VERBOSE1:media_stream_manager.cc(1533)] MSPL::OnSpeedLimitChange({this=000005D4000BED40}, {new_limit=59})
[114856:116760:0922/120116.584:VERBOSE1:media_stream_manager.cc(1533)] MSPL::OnSpeedLimitChange({this=000005D4000BED40}, {new_limit=58})
[114856:112576:0922/120117.868:WARNING:page_discarding_helper.cc(138)] Discarding multiple pages with target (kb): 0
[114856:116760:0922/120120.596:VERBOSE1:media_stream_manager.cc(1533)] MSPL::OnSpeedLimitChange({this=000005D4000BED40}, {new_limit=57})
[114856:112576:0922/120122.876:WARNING:page_discarding_helper.cc(138)] Discarding multiple pages with target (kb): 0
[114856:116760:0922/120125.586:VERBOSE1:media_stream_manager.cc(1533)] MSPL::OnSpeedLimitChange({this=000005D4000BED40}, {new_limit=58})
[114856:116760:0922/120126.601:VERBOSE1:media_stream_manager.cc(1533)] MSPL::OnSpeedLimitChange({this=000005D4000BED40}, {new_limit=57})
[114856:112576:0922/120127.875:WARNING:page_discarding_helper.cc(138)] Discarding multiple pages with target (kb): 0
[114856:116760:0922/120129.603:VERBOSE1:media_stream_manager.cc(1533)] MSPL::OnSpeedLimitChange({this=000005D4000BED40}, {new_limit=56})
[114856:116760:0922/120130.729:VERBOSE1:media_stream_manager.cc(1533)] MSPL::OnSpeedLimitChange({this=000005D4000BED40}, {new_limit=59})
[114856:116760:0922/120131.598:VERBOSE1:media_stream_manager.cc(1533)] MSPL::OnSpeedLimitChange({this=000005D4000BED40}, {new_limit=58})
[114856:116760:0922/120132.590:VERBOSE1:media_stream_manager.cc(1533)] MSPL::OnSpeedLimitChange({this=000005D4000BED40}, {new_limit=59})
[114856:112576:0922/120132.885:WARNING:page_discarding_helper.cc(138)] Discarding multiple pages with target (kb): 0
[114856:116760:0922/120133.592:VERBOSE1:media_stream_manager.cc(1533)] MSPL::OnSpeedLimitChange({this=000005D4000BED40}, {new_limit=57})
[114856:112576:0922/120137.885:WARNING:page_discarding_helper.cc(138)] Discarding multiple pages with target (kb): 0
[114856:116760:0922/120138.603:VERBOSE1:media_stream_manager.cc(1533)] MSPL::OnSpeedLimitChange({this=000005D4000BED40}, {new_limit=58})
[114856:116760:0922/120139.595:VERBOSE1:media_stream_manager.cc(1533)] MSPL::OnSpeedLimitChange({this=000005D4000BED40}, {new_limit=57})
[114856:116760:0922/120140.598:VERBOSE1:media_stream_manager.cc(1533)] MSPL::OnSpeedLimitChange({this=000005D4000BED40}, {new_limit=56})
[114856:116760:0922/120141.682:VERBOSE1:media_stream_manager.cc(1533)] MSPL::OnSpeedLimitChange({this=000005D4000BED40}, {new_limit=59})
[114856:116760:0922/120142.604:VERBOSE1:media_stream_manager.cc(1533)] MSPL::OnSpeedLimitChange({this=000005D4000BED40}, {new_limit=58})
[114856:112576:0922/120142.885:WARNING:page_discarding_helper.cc(138)] Discarding multiple pages with target (kb): 0
[114856:116760:0922/120143.601:VERBOSE1:media_stream_manager.cc(1533)] MSPL::OnSpeedLimitChange({this=000005D4000BED40}, {new_limit=59})
[114856:116760:0922/120144.604:VERBOSE1:media_stream_manager.cc(1533)] MSPL::OnSpeedLimitChange({this=000005D4000BED40}, {new_limit=60})
[114856:116760:0922/120145.607:VERBOSE1:media_stream_manager.cc(1533)] MSPL::OnSpeedLimitChange({this=000005D4000BED40}, {new_limit=61})
[114856:116760:0922/120147.601:VERBOSE1:media_stream_manager.cc(1533)] MSPL::OnSpeedLimitChange({this=000005D4000BED40}, {new_limit=60})
[114856:112576:0922/120147.932:WARNING:page_discarding_helper.cc(138)] Discarding multiple pages with target (kb): 0
[114856:116760:0922/120148.620:VERBOSE1:media_stream_manager.cc(1533)] MSPL::OnSpeedLimitChange({this=000005D4000BED40}, {new_limit=61})
[114856:116760:0922/120151.605:VERBOSE1:media_stream_manager.cc(1533)] MSPL::OnSpeedLimitChange({this=000005D4000BED40}, {new_limit=59})
[114856:116760:0922/120152.609:VERBOSE1:media_stream_manager.cc(1533)] MSPL::OnSpeedLimitChange({this=000005D4000BED40}, {new_limit=60})
[114856:112576:0922/120152.943:WARNING:page_discarding_helper.cc(138)] Discarding multiple pages with target (kb): 0
[114856:116760:0922/120156.625:VERBOSE1:media_stream_manager.cc(1533)] MSPL::OnSpeedLimitChange({this=000005D4000BED40}, {new_limit=61})
[114856:112576:0922/120157.959:WARNING:page_discarding_helper.cc(138)] Discarding multiple pages with target (kb): 0
[114856:116760:0922/120158.612:VERBOSE1:media_stream_manager.cc(1533)] MSPL::OnSpeedLimitChange({this=000005D4000BED40}, {new_limit=62})
[114856:116760:0922/120201.608:VERBOSE1:media_stream_manager.cc(1533)] MSPL::OnSpeedLimitChange({this=000005D4000BED40}, {new_limit=63})
[114856:116760:0922/120202.609:VERBOSE1:media_stream_manager.cc(1533)] MSPL::OnSpeedLimitChange({this=000005D4000BED40}, {new_limit=62})
[114856:112576:0922/120203.009:WARNING:page_discarding_helper.cc(138)] Discarding multiple pages with target (kb): 0
[114856:116760:0922/120206.615:VERBOSE1:media_stream_manager.cc(1533)] MSPL::OnSpeedLimitChange({this=000005D4000BED40}, {new_limit=61})
[114856:112576:0922/120208.019:WARNING:page_discarding_helper.cc(138)] Discarding multiple pages with target (kb): 0
[114856:116760:0922/120210.617:VERBOSE1:media_stream_manager.cc(1533)] MSPL::OnSpeedLimitChange({this=000005D4000BED40}, {new_limit=62})
[114856:112576:0922/120213.020:WARNING:page_discarding_helper.cc(138)] Discarding multiple pages with target (kb): 0
[114856:116760:0922/120214.622:VERBOSE1:media_stream_manager.cc(1533)] MSPL::OnSpeedLimitChange({this=000005D4000BED40}, {new_limit=63})
[114856:112576:0922/120218.028:WARNING:page_discarding_helper.cc(138)] Discarding multiple pages with target (kb): 0
[114856:116760:0922/120218.630:VERBOSE1:media_stream_manager.cc(1533)] MSPL::OnSpeedLimitChange({this=000005D4000BED40}, {new_limit=64})
[114856:116760:0922/120221.640:VERBOSE1:media_stream_manager.cc(1533)] MSPL::OnSpeedLimitChange({this=000005D4000BED40}, {new_limit=63})
[114856:116760:0922/120222.625:VERBOSE1:media_stream_manager.cc(1533)] MSPL::OnSpeedLimitChange({this=000005D4000BED40}, {new_limit=62})
[114856:112576:0922/120223.028:WARNING:page_discarding_helper.cc(138)] Discarding multiple pages with target (kb): 0
[114856:116760:0922/120225.636:VERBOSE1:media_stream_manager.cc(1533)] MSPL::OnSpeedLimitChange({this=000005D4000BED40}, {new_limit=61})
[114856:112576:0922/120228.052:WARNING:page_discarding_helper.cc(138)] Discarding multiple pages with target (kb): 0
[114856:116760:0922/120228.642:VERBOSE1:media_stream_manager.cc(1533)] MSPL::OnSpeedLimitChange({this=000005D4000BED40}, {new_limit=60})
[114856:116760:0922/120229.636:VERBOSE1:media_stream_manager.cc(1533)] MSPL::OnSpeedLimitChange({this=000005D4000BED40}, {new_limit=59})
[114856:116760:0922/120230.740:VERBOSE1:media_stream_manager.cc(1533)] MSPL::OnSpeedLimitChange({this=000005D4000BED40}, {new_limit=58})
[114856:116760:0922/120231.677:VERBOSE1:media_stream_manager.cc(1533)] MSPL::OnSpeedLimitChange({this=000005D4000BED40}, {new_limit=61})
[114856:116760:0922/120232.770:VERBOSE1:media_stream_manager.cc(1533)] MSPL::OnSpeedLimitChange({this=000005D4000BED40}, {new_limit=62})
[114856:112576:0922/120233.101:WARNING:page_discarding_helper.cc(138)] Discarding multiple pages with target (kb): 0
[114856:116760:0922/120233.687:VERBOSE1:media_stream_manager.cc(1533)] MSPL::OnSpeedLimitChange({this=000005D4000BED40}, {new_limit=63})
[114856:116760:0922/120236.642:VERBOSE1:media_stream_manager.cc(1533)] MSPL::OnSpeedLimitChange({this=000005D4000BED40}, {new_limit=62})
[114856:112576:0922/120238.125:WARNING:page_discarding_helper.cc(138)] Discarding multiple pages with target (kb): 0
[114856:116760:0922/120238.649:VERBOSE1:media_stream_manager.cc(1533)] MSPL::OnSpeedLimitChange({this=000005D4000BED40}, {new_limit=60})
[114856:116760:0922/120239.648:VERBOSE1:media_stream_manager.cc(1533)] MSPL::OnSpeedLimitChange({this=000005D4000BED40}, {new_limit=61})
[114856:116760:0922/120241.646:VERBOSE1:media_stream_manager.cc(1533)] MSPL::OnSpeedLimitChange({this=000005D4000BED40}, {new_limit=59})
[114856:116760:0922/120242.658:VERBOSE1:media_stream_manager.cc(1533)] MSPL::OnSpeedLimitChange({this=000005D4000BED40}, {new_limit=57})
[114856:112576:0922/120243.126:WARNING:page_discarding_helper.cc(138)] Discarding multiple pages with target (kb): 0
[114856:116760:0922/120243.648:VERBOSE1:media_stream_manager.cc(1533)] MSPL::OnSpeedLimitChange({this=000005D4000BED40}, {new_limit=55})
[114856:116760:0922/120244.644:VERBOSE1:media_stream_manager.cc(1533)] MSPL::OnSpeedLimitChange({this=000005D4000BED40}, {new_limit=56})
[114856:116760:0922/120245.656:VERBOSE1:media_stream_manager.cc(1533)] MSPL::OnSpeedLimitChange({this=000005D4000BED40}, {new_limit=57})
[114856:116760:0922/120247.647:VERBOSE1:media_stream_manager.cc(1533)] MSPL::OnSpeedLimitChange({this=000005D4000BED40}, {new_limit=59})
[114856:112576:0922/120248.181:WARNING:page_discarding_helper.cc(138)] Discarding multiple pages with target (kb): 0
[114856:116760:0922/120252.658:VERBOSE1:media_stream_manager.cc(1533)] MSPL::OnSpeedLimitChange({this=000005D4000BED40}, {new_limit=58})
[114856:112576:0922/120253.226:WARNING:page_discarding_helper.cc(138)] Discarding multiple pages with target (kb): 0
[114856:116760:0922/120253.660:VERBOSE1:media_stream_manager.cc(1533)] MSPL::OnSpeedLimitChange({this=000005D4000BED40}, {new_limit=59})
[114856:116760:0922/120254.651:VERBOSE1:media_stream_manager.cc(1533)] MSPL::OnSpeedLimitChange({this=000005D4000BED40}, {new_limit=58})
[114856:116760:0922/120256.666:VERBOSE1:media_stream_manager.cc(1533)] MSPL::OnSpeedLimitChange({this=000005D4000BED40}, {new_limit=57})
[114856:112576:0922/120258.273:WARNING:page_discarding_helper.cc(138)] Discarding multiple pages with target (kb): 0
[114856:116760:0922/120259.657:VERBOSE1:media_stream_manager.cc(1533)] MSPL::OnSpeedLimitChange({this=000005D4000BED40}, {new_limit=58})
[114856:116760:0922/120300.660:VERBOSE1:media_stream_manager.cc(1533)] MSPL::OnSpeedLimitChange({this=000005D4000BED40}, {new_limit=59})
[114856:116760:0922/120301.657:VERBOSE1:media_stream_manager.cc(1533)] MSPL::OnSpeedLimitChange({this=000005D4000BED40}, {new_limit=60})
[114856:116760:0922/120302.659:VERBOSE1:media_stream_manager.cc(1533)] MSPL::OnSpeedLimitChange({this=000005D4000BED40}, {new_limit=61})
[114856:112576:0922/120303.272:WARNING:page_discarding_helper.cc(138)] Discarding multiple pages with target (kb): 0
[114856:116760:0922/120305.653:VERBOSE1:media_stream_manager.cc(1533)] MSPL::OnSpeedLimitChange({this=000005D4000BED40}, {new_limit=60})
[114856:116760:0922/120306.661:VERBOSE1:media_stream_manager.cc(1533)] MSPL::OnSpeedLimitChange({this=000005D4000BED40}, {new_limit=61})
[114856:116760:0922/120307.669:VERBOSE1:media_stream_manager.cc(1533)] MSPL::OnSpeedLimitChange({this=000005D4000BED40}, {new_limit=63})
[114856:112576:0922/120308.305:WARNING:page_discarding_helper.cc(138)] Discarding multiple pages with target (kb): 0
[114856:116760:0922/120309.672:VERBOSE1:media_stream_manager.cc(1533)] MSPL::OnSpeedLimitChange({this=000005D4000BED40}, {new_limit=62})
[114856:116760:0922/120310.672:VERBOSE1:media_stream_manager.cc(1533)] MSPL::OnSpeedLimitChange({this=000005D4000BED40}, {new_limit=61})
[114856:116760:0922/120312.671:VERBOSE1:media_stream_manager.cc(1533)] MSPL::OnSpeedLimitChange({this=000005D4000BED40}, {new_limit=59})
[114856:112576:0922/120313.305:WARNING:page_discarding_helper.cc(138)] Discarding multiple pages with target (kb): 0
[114856:116760:0922/120315.669:VERBOSE1:media_stream_manager.cc(1533)] MSPL::OnSpeedLimitChange({this=000005D4000BED40}, {new_limit=60})
[114856:116760:0922/120317.681:VERBOSE1:media_stream_manager.cc(1533)] MSPL::OnSpeedLimitChange({this=000005D4000BED40}, {new_limit=58})
[114856:112576:0922/120318.364:WARNING:page_discarding_helper.cc(138)] Discarding multiple pages with target (kb): 0
[114856:116760:0922/120318.683:VERBOSE1:media_stream_manager.cc(1533)] MSPL::OnSpeedLimitChange({this=000005D4000BED40}, {new_limit=57})
[114856:116760:0922/120320.670:VERBOSE1:media_stream_manager.cc(1533)] MSPL::OnSpeedLimitChange({this=000005D4000BED40}, {new_limit=58})
[114856:116760:0922/120322.671:VERBOSE1:media_stream_manager.cc(1533)] MSPL::OnSpeedLimitChange({this=000005D4000BED40}, {new_limit=60})
[114856:112576:0922/120323.394:WARNING:page_discarding_helper.cc(138)] Discarding multiple pages with target (kb): 0
[114856:116760:0922/120324.678:VERBOSE1:media_stream_manager.cc(1533)] MSPL::OnSpeedLimitChange({this=000005D4000BED40}, {new_limit=61})
[114856:112576:0922/120328.432:WARNING:page_discarding_helper.cc(138)] Discarding multiple pages with target (kb): 0
[114856:116760:0922/120328.676:VERBOSE1:media_stream_manager.cc(1533)] MSPL::OnSpeedLimitChange({this=000005D4000BED40}, {new_limit=62})
[114856:116760:0922/120329.679:VERBOSE1:media_stream_manager.cc(1533)] MSPL::OnSpeedLimitChange({this=000005D4000BED40}, {new_limit=63})
[114856:116760:0922/120330.689:VERBOSE1:media_stream_manager.cc(1533)] MSPL::OnSpeedLimitChange({this=000005D4000BED40}, {new_limit=62})
[114856:116760:0922/120332.678:VERBOSE1:media_stream_manager.cc(1533)] MSPL::OnSpeedLimitChange({this=000005D4000BED40}, {new_limit=63})
[114856:112576:0922/120333.464:WARNING:page_discarding_helper.cc(138)] Discarding multiple pages with target (kb): 0
[114856:116760:0922/120334.691:VERBOSE1:media_stream_manager.cc(1533)] MSPL::OnSpeedLimitChange({this=000005D4000BED40}, {new_limit=64})
[114856:116760:0922/120337.693:VERBOSE1:media_stream_manager.cc(1533)] MSPL::OnSpeedLimitChange({this=000005D4000BED40}, {new_limit=65})
[114856:112576:0922/120338.490:WARNING:page_discarding_helper.cc(138)] Discarding multiple pages with target (kb): 0
[114856:116760:0922/120338.693:VERBOSE1:media_stream_manager.cc(1533)] MSPL::OnSpeedLimitChange({this=000005D4000BED40}, {new_limit=64})
[114856:116760:0922/120340.698:VERBOSE1:media_stream_manager.cc(1533)] MSPL::OnSpeedLimitChange({this=000005D4000BED40}, {new_limit=65})
[114856:116760:0922/120341.689:VERBOSE1:media_stream_manager.cc(1533)] MSPL::OnSpeedLimitChange({this=000005D4000BED40}, {new_limit=66})
[114856:116760:0922/120342.694:VERBOSE1:media_stream_manager.cc(1533)] MSPL::OnSpeedLimitChange({this=000005D4000BED40}, {new_limit=65})
[114856:112576:0922/120343.550:WARNING:page_discarding_helper.cc(138)] Discarding multiple pages with target (kb): 0
[114856:116760:0922/120345.687:VERBOSE1:media_stream_manager.cc(1533)] MSPL::OnSpeedLimitChange({this=000005D4000BED40}, {new_limit=64})
[114856:116760:0922/120347.696:VERBOSE1:media_stream_manager.cc(1533)] MSPL::OnSpeedLimitChange({this=000005D4000BED40}, {new_limit=63})
[114856:112576:0922/120348.552:WARNING:page_discarding_helper.cc(138)] Discarding multiple pages with target (kb): 0
[114856:116760:0922/120349.693:VERBOSE1:media_stream_manager.cc(1533)] MSPL::OnSpeedLimitChange({this=000005D4000BED40}, {new_limit=64})
[114856:116760:0922/120350.699:VERBOSE1:media_stream_manager.cc(1533)] MSPL::OnSpeedLimitChange({this=000005D4000BED40}, {new_limit=63})
[114856:112576:0922/120353.586:WARNING:page_discarding_helper.cc(138)] Discarding multiple pages with target (kb): 0
[114856:116760:0922/120353.704:VERBOSE1:media_stream_manager.cc(1533)] MSPL::OnSpeedLimitChange({this=000005D4000BED40}, {new_limit=62})
[114856:116760:0922/120356.701:VERBOSE1:media_stream_manager.cc(1533)] MSPL::OnSpeedLimitChange({this=000005D4000BED40}, {new_limit=63})
[114856:112576:0922/120358.598:WARNING:page_discarding_helper.cc(138)] Discarding multiple pages with target (kb): 0
[114856:116760:0922/120358.714:VERBOSE1:media_stream_manager.cc(1533)] MSPL::OnSpeedLimitChange({this=000005D4000BED40}, {new_limit=62})
[114856:116760:0922/120400.700:VERBOSE1:media_stream_manager.cc(1533)] MSPL::OnSpeedLimitChange({this=000005D4000BED40}, {new_limit=63})
[114856:116760:0922/120402.704:VERBOSE1:media_stream_manager.cc(1533)] MSPL::OnSpeedLimitChange({this=000005D4000BED40}, {new_limit=62})
[114856:112576:0922/120403.649:WARNING:page_discarding_helper.cc(138)] Discarding multiple pages with target (kb): 0
[114856:116760:0922/120408.708:VERBOSE1:media_stream_manager.cc(1533)] MSPL::OnSpeedLimitChange({this=000005D4000BED40}, {new_limit=63})
[114856:112576:0922/120408.708:WARNING:page_discarding_helper.cc(138)] Discarding multiple pages with target (kb): 0
[114856:116760:0922/120409.705:VERBOSE1:media_stream_manager.cc(1533)] MSPL::OnSpeedLimitChange({this=000005D4000BED40}, {new_limit=61})
[114856:116760:0922/120411.709:VERBOSE1:media_stream_manager.cc(1533)] MSPL::OnSpeedLimitChange({this=000005D4000BED40}, {new_limit=62})
[114856:116760:0922/120413.709:VERBOSE1:media_stream_manager.cc(1533)] MSPL::OnSpeedLimitChange({this=000005D4000BED40}, {new_limit=63})
[114856:112576:0922/120413.710:WARNING:page_discarding_helper.cc(138)] Discarding multiple pages with target (kb): 0
[114856:116760:0922/120415.719:VERBOSE1:media_stream_manager.cc(1533)] MSPL::OnSpeedLimitChange({this=000005D4000BED40}, {new_limit=62})
[114856:116760:0922/120416.731:VERBOSE1:media_stream_manager.cc(1533)] MSPL::OnSpeedLimitChange({this=000005D4000BED40}, {new_limit=60})
[114856:116760:0922/120417.716:VERBOSE1:media_stream_manager.cc(1533)] MSPL::OnSpeedLimitChange({this=000005D4000BED40}, {new_limit=61})
[114856:116760:0922/120418.722:VERBOSE1:media_stream_manager.cc(1533)] MSPL::OnSpeedLimitChange({this=000005D4000BED40}, {new_limit=60})
[114856:112576:0922/120418.722:WARNING:page_discarding_helper.cc(138)] Discarding multiple pages with target (kb): 0
[114856:116760:0922/120419.729:VERBOSE1:media_stream_manager.cc(1533)] MSPL::OnSpeedLimitChange({this=000005D4000BED40}, {new_limit=62})
[114856:116760:0922/120420.745:VERBOSE1:media_stream_manager.cc(1533)] MSPL::OnSpeedLimitChange({this=000005D4000BED40}, {new_limit=64})
[114856:116760:0922/120422.729:VERBOSE1:media_stream_manager.cc(1533)] MSPL::OnSpeedLimitChange({this=000005D4000BED40}, {new_limit=61})
[114856:116760:0922/120423.718:VERBOSE1:media_stream_manager.cc(1533)] MSPL::OnSpeedLimitChange({this=000005D4000BED40}, {new_limit=59})
[114856:112576:0922/120423.722:WARNING:page_discarding_helper.cc(138)] Discarding multiple pages with target (kb): 0
[114856:116760:0922/120424.715:VERBOSE1:media_stream_manager.cc(1533)] MSPL::OnSpeedLimitChange({this=000005D4000BED40}, {new_limit=57})
[114856:116760:0922/120425.716:VERBOSE1:media_stream_manager.cc(1533)] MSPL::OnSpeedLimitChange({this=000005D4000BED40}, {new_limit=58})
[114856:116760:0922/120427.729:VERBOSE1:media_stream_manager.cc(1533)] MSPL::OnSpeedLimitChange({this=000005D4000BED40}, {new_limit=57})
[114856:116760:0922/120428.720:VERBOSE1:media_stream_manager.cc(1533)] MSPL::OnSpeedLimitChange({this=000005D4000BED40}, {new_limit=56})
[114856:112576:0922/120428.722:WARNING:page_discarding_helper.cc(138)] Discarding multiple pages with target (kb): 0
[114856:116760:0922/120429.736:VERBOSE1:media_stream_manager.cc(1533)] MSPL::OnSpeedLimitChange({this=000005D4000BED40}, {new_limit=55})
[114856:116760:0922/120430.734:VERBOSE1:media_stream_manager.cc(1533)] MSPL::OnSpeedLimitChange({this=000005D4000BED40}, {new_limit=52})
[114856:116760:0922/120431.737:VERBOSE1:media_stream_manager.cc(1533)] MSPL::OnSpeedLimitChange({this=000005D4000BED40}, {new_limit=51})
[114856:116760:0922/120432.730:VERBOSE1:media_stream_manager.cc(1533)] MSPL::OnSpeedLimitChange({this=000005D4000BED40}, {new_limit=52})
[114856:116760:0922/120433.732:VERBOSE1:media_stream_manager.cc(1533)] MSPL::OnSpeedLimitChange({this=000005D4000BED40}, {new_limit=53})
[114856:112576:0922/120433.732:WARNING:page_discarding_helper.cc(138)] Discarding multiple pages with target (kb): 0
[114856:116760:0922/120435.728:VERBOSE1:media_stream_manager.cc(1533)] MSPL::OnSpeedLimitChange({this=000005D4000BED40}, {new_limit=54})
[114856:116760:0922/120438.727:VERBOSE1:media_stream_manager.cc(1533)] MSPL::OnSpeedLimitChange({this=000005D4000BED40}, {new_limit=53})
[114856:112576:0922/120438.732:WARNING:page_discarding_helper.cc(138)] Discarding multiple pages with target (kb): 0
[114856:116760:0922/120439.732:VERBOSE1:media_stream_manager.cc(1533)] MSPL::OnSpeedLimitChange({this=000005D4000BED40}, {new_limit=54})
[114856:116760:0922/120441.736:VERBOSE1:media_stream_manager.cc(1533)] MSPL::OnSpeedLimitChange({this=000005D4000BED40}, {new_limit=55})
[114856:116760:0922/120442.742:VERBOSE1:media_stream_manager.cc(1533)] MSPL::OnSpeedLimitChange({this=000005D4000BED40}, {new_limit=54})
[114856:116760:0922/120443.731:VERBOSE1:media_stream_manager.cc(1533)] MSPL::OnSpeedLimitChange({this=000005D4000BED40}, {new_limit=55})
[114856:112576:0922/120443.733:WARNING:page_discarding_helper.cc(138)] Discarding multiple pages with target (kb): 0
[114856:116760:0922/120448.739:VERBOSE1:media_stream_manager.cc(1533)] MSPL::OnSpeedLimitChange({this=000005D4000BED40}, {new_limit=54})
[114856:112576:0922/120448.739:WARNING:page_discarding_helper.cc(138)] Discarding multiple pages with target (kb): 0
[114856:116760:0922/120450.735:VERBOSE1:media_stream_manager.cc(1533)] MSPL::OnSpeedLimitChange({this=000005D4000BED40}, {new_limit=52})
[114856:116760:0922/120451.752:VERBOSE1:media_stream_manager.cc(1533)] MSPL::OnSpeedLimitChange({this=000005D4000BED40}, {new_limit=50})
[114856:116760:0922/120453.769:VERBOSE1:media_stream_manager.cc(1533)] MSPL::OnSpeedLimitChange({this=000005D4000BED40}, {new_limit=49})
[114856:112576:0922/120453.769:WARNING:page_discarding_helper.cc(138)] Discarding multiple pages with target (kb): 0
[114856:116760:0922/120455.743:VERBOSE1:media_stream_manager.cc(1533)] MSPL::OnSpeedLimitChange({this=000005D4000BED40}, {new_limit=46})
[114856:116760:0922/120456.756:VERBOSE1:media_stream_manager.cc(1533)] MSPL::OnSpeedLimitChange({this=000005D4000BED40}, {new_limit=45})
[114856:116760:0922/120457.752:VERBOSE1:media_stream_manager.cc(1533)] MSPL::OnSpeedLimitChange({this=000005D4000BED40}, {new_limit=43})
[114856:116760:0922/120458.756:VERBOSE1:media_stream_manager.cc(1533)] MSPL::OnSpeedLimitChange({this=000005D4000BED40}, {new_limit=41})
[114856:112576:0922/120458.824:WARNING:page_discarding_helper.cc(138)] Discarding multiple pages with target (kb): 0
[114856:116760:0922/120501.744:VERBOSE1:media_stream_manager.cc(1533)] MSPL::OnSpeedLimitChange({this=000005D4000BED40}, {new_limit=43})
[114856:116760:0922/120502.747:VERBOSE1:media_stream_manager.cc(1533)] MSPL::OnSpeedLimitChange({this=000005D4000BED40}, {new_limit=42})
[114856:116760:0922/120503.758:VERBOSE1:media_stream_manager.cc(1533)] MSPL::OnSpeedLimitChange({this=000005D4000BED40}, {new_limit=41})
[114856:112576:0922/120503.827:WARNING:page_discarding_helper.cc(138)] Discarding multiple pages with target (kb): 0
[114856:116760:0922/120505.841:VERBOSE1:media_stream_manager.cc(1533)] MSPL::OnSpeedLimitChange({this=000005D4000BED40}, {new_limit=44})
[114856:116760:0922/120507.756:VERBOSE1:media_stream_manager.cc(1533)] MSPL::OnSpeedLimitChange({this=000005D4000BED40}, {new_limit=47})
[114856:116760:0922/120508.756:VERBOSE1:media_stream_manager.cc(1533)] MSPL::OnSpeedLimitChange({this=000005D4000BED40}, {new_limit=48})
[114856:112576:0922/120508.856:WARNING:page_discarding_helper.cc(138)] Discarding multiple pages with target (kb): 0
[114856:116760:0922/120509.959:VERBOSE1:media_stream_manager.cc(1533)] MSPL::OnSpeedLimitChange({this=000005D4000BED40}, {new_limit=52})
[114856:116760:0922/120512.931:VERBOSE1:media_stream_manager.cc(1533)] MSPL::OnSpeedLimitChange({this=000005D4000BED40}, {new_limit=54})
[114856:112576:0922/120513.911:WARNING:page_discarding_helper.cc(138)] Discarding multiple pages with target (kb): 0
[114856:116760:0922/120515.754:VERBOSE1:media_stream_manager.cc(1533)] MSPL::OnSpeedLimitChange({this=000005D4000BED40}, {new_limit=52})
[114856:116760:0922/120516.756:VERBOSE1:media_stream_manager.cc(1533)] MSPL::OnSpeedLimitChange({this=000005D4000BED40}, {new_limit=53})
[114856:116760:0922/120517.784:VERBOSE1:media_stream_manager.cc(1533)] MSPL::OnSpeedLimitChange({this=000005D4000BED40}, {new_limit=51})
[114856:112576:0922/120518.919:WARNING:page_discarding_helper.cc(138)] Discarding multiple pages with target (kb): 0
[114856:116760:0922/120519.759:VERBOSE1:media_stream_manager.cc(1533)] MSPL::OnSpeedLimitChange({this=000005D4000BED40}, {new_limit=47})
[114856:116760:0922/120520.768:VERBOSE1:media_stream_manager.cc(1533)] MSPL::OnSpeedLimitChange({this=000005D4000BED40}, {new_limit=48})
[114856:116760:0922/120521.769:VERBOSE1:media_stream_manager.cc(1533)] MSPL::OnSpeedLimitChange({this=000005D4000BED40}, {new_limit=47})
[114856:116760:0922/120522.764:VERBOSE1:media_stream_manager.cc(1533)] MSPL::OnSpeedLimitChange({this=000005D4000BED40}, {new_limit=46})
[114856:112576:0922/120523.930:WARNING:page_discarding_helper.cc(138)] Discarding multiple pages with target (kb): 0
[114856:116760:0922/120524.770:VERBOSE1:media_stream_manager.cc(1533)] MSPL::OnSpeedLimitChange({this=000005D4000BED40}, {new_limit=47})
[114856:116760:0922/120525.763:VERBOSE1:media_stream_manager.cc(1533)] MSPL::OnSpeedLimitChange({this=000005D4000BED40}, {new_limit=49})
[114856:116760:0922/120527.776:VERBOSE1:media_stream_manager.cc(1533)] MSPL::OnSpeedLimitChange({this=000005D4000BED40}, {new_limit=48})
[114856:112576:0922/120528.930:WARNING:page_discarding_helper.cc(138)] Discarding multiple pages with target (kb): 0
[114856:116760:0922/120529.771:VERBOSE1:media_stream_manager.cc(1533)] MSPL::OnSpeedLimitChange({this=000005D4000BED40}, {new_limit=47})
[114856:116760:0922/120532.766:VERBOSE1:media_stream_manager.cc(1533)] MSPL::OnSpeedLimitChange({this=000005D4000BED40}, {new_limit=46})
[114856:112576:0922/120533.962:WARNING:page_discarding_helper.cc(138)] Discarding multiple pages with target (kb): 0
[114856:116760:0922/120535.836:VERBOSE1:media_stream_manager.cc(1533)] MSPL::OnSpeedLimitChange({this=000005D4000BED40}, {new_limit=47})
[114856:116760:0922/120536.981:VERBOSE1:media_stream_manager.cc(1533)] MSPL::OnSpeedLimitChange({this=000005D4000BED40}, {new_limit=46})
[114856:116760:0922/120538.130:VERBOSE1:media_stream_manager.cc(1533)] MSPL::OnSpeedLimitChange({this=000005D4000BED40}, {new_limit=49})
[114856:112576:0922/120538.992:WARNING:page_discarding_helper.cc(138)] Discarding multiple pages with target (kb): 0
[114856:116760:0922/120539.786:VERBOSE1:media_stream_manager.cc(1533)] MSPL::OnSpeedLimitChange({this=000005D4000BED40}, {new_limit=48})
[114856:116760:0922/120540.779:VERBOSE1:media_stream_manager.cc(1533)] MSPL::OnSpeedLimitChange({this=000005D4000BED40}, {new_limit=49})
[114856:116760:0922/120541.803:VERBOSE1:media_stream_manager.cc(1533)] MSPL::OnSpeedLimitChange({this=000005D4000BED40}, {new_limit=51})
[114856:112576:0922/120544.042:WARNING:page_discarding_helper.cc(138)] Discarding multiple pages with target (kb): 0
[114856:116760:0922/120545.792:VERBOSE1:media_stream_manager.cc(1533)] MSPL::OnSpeedLimitChange({this=000005D4000BED40}, {new_limit=50})
[114856:116760:0922/120547.781:VERBOSE1:media_stream_manager.cc(1533)] MSPL::OnSpeedLimitChange({this=000005D4000BED40}, {new_limit=48})
[114856:116760:0922/120548.782:VERBOSE1:media_stream_manager.cc(1533)] MSPL::OnSpeedLimitChange({this=000005D4000BED40}, {new_limit=49})
[114856:112576:0922/120549.078:WARNING:page_discarding_helper.cc(138)] Discarding multiple pages with target (kb): 0
[114856:116760:0922/120550.791:VERBOSE1:media_stream_manager.cc(1533)] MSPL::OnSpeedLimitChange({this=000005D4000BED40}, {new_limit=50})
[114856:116760:0922/120551.779:VERBOSE1:media_stream_manager.cc(1533)] MSPL::OnSpeedLimitChange({this=000005D4000BED40}, {new_limit=49})
[114856:116760:0922/120552.797:VERBOSE1:media_stream_manager.cc(1533)] MSPL::OnSpeedLimitChange({this=000005D4000BED40}, {new_limit=48})
[114856:116760:0922/120553.814:VERBOSE1:media_stream_manager.cc(1533)] MSPL::OnSpeedLimitChange({this=000005D4000BED40}, {new_limit=53})
[114856:112576:0922/120554.175:WARNING:page_discarding_helper.cc(138)] Discarding multiple pages with target (kb): 0
[114856:116760:0922/120554.780:VERBOSE1:media_stream_manager.cc(1533)] MSPL::OnSpeedLimitChange({this=000005D4000BED40}, {new_limit=51})
[114856:116760:0922/120555.782:VERBOSE1:media_stream_manager.cc(1533)] MSPL::OnSpeedLimitChange({this=000005D4000BED40}, {new_limit=52})
[114856:116760:0922/120556.787:VERBOSE1:media_stream_manager.cc(1533)] MSPL::OnSpeedLimitChange({this=000005D4000BED40}, {new_limit=54})
[114856:116760:0922/120557.801:VERBOSE1:media_stream_manager.cc(1533)] MSPL::OnSpeedLimitChange({this=000005D4000BED40}, {new_limit=53})
[114856:112576:0922/120559.226:WARNING:page_discarding_helper.cc(138)] Discarding multiple pages with target (kb): 0
[114856:116760:0922/120559.788:VERBOSE1:media_stream_manager.cc(1533)] MSPL::OnSpeedLimitChange({this=000005D4000BED40}, {new_limit=52})
[114856:116760:0922/120600.787:VERBOSE1:media_stream_manager.cc(1533)] MSPL::OnSpeedLimitChange({this=000005D4000BED40}, {new_limit=50})
[114856:116760:0922/120601.889:VERBOSE1:media_stream_manager.cc(1533)] MSPL::OnSpeedLimitChange({this=000005D4000BED40}, {new_limit=54})
[114856:116760:0922/120602.794:VERBOSE1:media_stream_manager.cc(1533)] MSPL::OnSpeedLimitChange({this=000005D4000BED40}, {new_limit=55})
[114856:116760:0922/120603.814:VERBOSE1:media_stream_manager.cc(1533)] MSPL::OnSpeedLimitChange({this=000005D4000BED40}, {new_limit=49})
[114856:112576:0922/120604.276:WARNING:page_discarding_helper.cc(138)] Discarding multiple pages with target (kb): 0
[114856:116760:0922/120604.789:VERBOSE1:media_stream_manager.cc(1533)] MSPL::OnSpeedLimitChange({this=000005D4000BED40}, {new_limit=51})
[114856:116760:0922/120608.327:VERBOSE1:media_stream_manager.cc(1533)] MSPL::OnSpeedLimitChange({this=000005D4000BED40}, {new_limit=53})
[114856:116760:0922/120608.329:VERBOSE1:media_stream_manager.cc(1533)] MSPL::OnSpeedLimitChange({this=000005D4000BED40}, {new_limit=54})
[114856:116760:0922/120608.329:VERBOSE1:media_stream_manager.cc(1533)] MSPL::OnSpeedLimitChange({this=000005D4000BED40}, {new_limit=56})
[114856:116760:0922/120608.827:VERBOSE1:media_stream_manager.cc(1533)] MSPL::OnSpeedLimitChange({this=000005D4000BED40}, {new_limit=58})
[114856:112576:0922/120609.414:WARNING:page_discarding_helper.cc(138)] Discarding multiple pages with target (kb): 0
[114856:116760:0922/120609.958:VERBOSE1:media_stream_manager.cc(1533)] MSPL::OnSpeedLimitChange({this=000005D4000BED40}, {new_limit=62})
[114856:116760:0922/120610.798:VERBOSE1:media_stream_manager.cc(1533)] MSPL::OnSpeedLimitChange({this=000005D4000BED40}, {new_limit=63})
[114856:116760:0922/120611.813:VERBOSE1:media_stream_manager.cc(1533)] MSPL::OnSpeedLimitChange({this=000005D4000BED40}, {new_limit=59})
[114856:116760:0922/120612.868:VERBOSE1:media_stream_manager.cc(1533)] MSPL::OnSpeedLimitChange({this=000005D4000BED40}, {new_limit=61})
[114856:112576:0922/120614.342:WARNING:page_discarding_helper.cc(138)] Discarding multiple pages with target (kb): 0
[114856:116760:0922/120614.812:VERBOSE1:media_stream_manager.cc(1533)] MSPL::OnSpeedLimitChange({this=000005D4000BED40}, {new_limit=60})
[114856:116760:0922/120615.815:VERBOSE1:media_stream_manager.cc(1533)] MSPL::OnSpeedLimitChange({this=000005D4000BED40}, {new_limit=57})
[114856:116760:0922/120616.834:VERBOSE1:media_stream_manager.cc(1533)] MSPL::OnSpeedLimitChange({this=000005D4000BED40}, {new_limit=54})
