[88664:88556:0924/203027.539:WARNING:chrome_main_delegate.cc(745)] This is Chrome version 128.0.6613.138 (not a warning)
[88664:88556:0924/203027.891:ERROR:os_crypt_win.cc(100)] Failed to decrypt: Key not valid for use in specified state. (0x8009000B)
[88664:62336:0924/203028.113:ERROR:google_update_settings.cc(265)] Failed opening key Software\Chromium to set usagestats; result: 5
[88664:88556:0924/203028.373:WARNING:account_consistency_mode_manager.cc(77)] Desktop Identity Consistency cannot be enabled as no OAuth client ID and client secret have been configured.
[88664:62336:0924/203048.847:WARNING:leveldb_database.cc(141)] Unable to open C:\Users\Damon\OneDrive - ADvTECH Ltd\Documents\GitHub\FPSGame\GADE7222_POE 5.7 5.7 5.7\Saved\webcache_6613\Default\shared_proto_db\metadata: IO error: C:\Users\Damon\OneDrive - ADvTECH Ltd\Documents\GitHub\FPSGame\GADE7222_POE 5.7 5.7 5.7\Saved\webcache_6613\Default\shared_proto_db\metadata/MANIFEST-000001: Unable to create sequential file (ChromeMethodBFE: 7::NewSequentialFile::1)
[88664:62336:0924/203048.860:WARNING:leveldb_database.cc(141)] Unable to open C:\Users\Damon\OneDrive - ADvTECH Ltd\Documents\GitHub\FPSGame\GADE7222_POE 5.7 5.7 5.7\Saved\webcache_6613\Default\shared_proto_db\metadata: IO error: C:\Users\Damon\OneDrive - ADvTECH Ltd\Documents\GitHub\FPSGame\GADE7222_POE 5.7 5.7 5.7\Saved\webcache_6613\Default\shared_proto_db\metadata/MANIFEST-000001: Unable to create sequential file (ChromeMethodBFE: 7::NewSequentialFile::1)
[88664:62336:0924/203048.868:WARNING:leveldb_database.cc(141)] Unable to open C:\Users\Damon\OneDrive - ADvTECH Ltd\Documents\GitHub\FPSGame\GADE7222_POE 5.7 5.7 5.7\Saved\webcache_6613\Default\shared_proto_db\metadata: IO error: C:\Users\Damon\OneDrive - ADvTECH Ltd\Documents\GitHub\FPSGame\GADE7222_POE 5.7 5.7 5.7\Saved\webcache_6613\Default\shared_proto_db\metadata/MANIFEST-000001: Unable to create sequential file (ChromeMethodBFE: 7::NewSequentialFile::1)
[88664:62336:0924/203048.878:WARNING:leveldb_database.cc(141)] Unable to open C:\Users\Damon\OneDrive - ADvTECH Ltd\Documents\GitHub\FPSGame\GADE7222_POE 5.7 5.7 5.7\Saved\webcache_6613\Default\shared_proto_db\metadata: IO error: C:\Users\Damon\OneDrive - ADvTECH Ltd\Documents\GitHub\FPSGame\GADE7222_POE 5.7 5.7 5.7\Saved\webcache_6613\Default\shared_proto_db\metadata/MANIFEST-000001: Unable to create sequential file (ChromeMethodBFE: 7::NewSequentialFile::1)
[88664:88556:0924/203050.361:WARNING:page_discarding_helper.cc(138)] Discarding multiple pages with target (kb): 0
[88664:59588:0924/203053.742:WARNING:value_store_frontend.cc(47)] Reading ahfgeienlihckogmohjhadlkjgocpleb.alarms from  failed: IO error: .../MANIFEST-000001: Unable to create sequential file (ChromeMethodBFE: 7::NewSequentialFile::1)
[88664:59588:0924/203053.765:WARNING:value_store_frontend.cc(47)] Reading mhjfbmdgcfjbbpaeojofohoefgiehjai.alarms from  failed: IO error: .../MANIFEST-000001: Unable to create sequential file (ChromeMethodBFE: 7::NewSequentialFile::1)
[85580:80376:0924/203054.431:WARNING:frame_impl.cc(430)] virtual CefFrameImpl::SendProcessMessage sent to detached frame 5-B3C0E3D33B17441C9CF22F0D7AAF86F0 will be ignored
[88664:88556:0924/203545.951:ERROR:device_event_log_impl.cc(196)] [20:35:45.947] USB: usb_service_win.cc:105 SetupDiGetDeviceProperty({{A45C254E-DF1C-4EFD-8020-67D146A850E0}, 6}) failed: Element not found. (0x490)
[88664:88556:0924/203545.978:ERROR:device_event_log_impl.cc(196)] [20:35:45.966] USB: usb_service_win.cc:308 SetupDiEnumDeviceInterfaces: No more data is available. (0x103)
[88664:88556:0924/210125.457:WARNING:page_discarding_helper.cc(138)] Discarding multiple pages with target (kb): 0
[88664:88556:0924/210130.466:WARNING:page_discarding_helper.cc(138)] Discarding multiple pages with target (kb): 0
[88664:88556:0924/210135.515:WARNING:page_discarding_helper.cc(138)] Discarding multiple pages with target (kb): 0
[88664:88556:0924/210140.546:WARNING:page_discarding_helper.cc(138)] Discarding multiple pages with target (kb): 0
[88664:88556:0924/210145.554:WARNING:page_discarding_helper.cc(138)] Discarding multiple pages with target (kb): 0
[88664:88556:0924/210150.560:WARNING:page_discarding_helper.cc(138)] Discarding multiple pages with target (kb): 0
[88664:77012:0924/210430.529:VERBOSE1:media_stream_manager.cc(1533)] MSPL::OnSpeedLimitChange({this=000063AC0232AD40}, {new_limit=46})
[88664:77012:0924/210431.535:VERBOSE1:media_stream_manager.cc(1533)] MSPL::OnSpeedLimitChange({this=000063AC0232AD40}, {new_limit=49})
[88664:77012:0924/210433.525:VERBOSE1:media_stream_manager.cc(1533)] MSPL::OnSpeedLimitChange({this=000063AC0232AD40}, {new_limit=50})
[88664:77012:0924/210434.599:VERBOSE1:media_stream_manager.cc(1533)] MSPL::OnSpeedLimitChange({this=000063AC0232AD40}, {new_limit=53})
[88664:77012:0924/210436.526:VERBOSE1:media_stream_manager.cc(1533)] MSPL::OnSpeedLimitChange({this=000063AC0232AD40}, {new_limit=55})
[88664:77012:0924/210437.524:VERBOSE1:media_stream_manager.cc(1533)] MSPL::OnSpeedLimitChange({this=000063AC0232AD40}, {new_limit=56})
[88664:77012:0924/210438.543:VERBOSE1:media_stream_manager.cc(1533)] MSPL::OnSpeedLimitChange({this=000063AC0232AD40}, {new_limit=55})
[88664:77012:0924/210440.527:VERBOSE1:media_stream_manager.cc(1533)] MSPL::OnSpeedLimitChange({this=000063AC0232AD40}, {new_limit=56})
[88664:77012:0924/210441.529:VERBOSE1:media_stream_manager.cc(1533)] MSPL::OnSpeedLimitChange({this=000063AC0232AD40}, {new_limit=55})
[88664:77012:0924/210442.606:VERBOSE1:media_stream_manager.cc(1533)] MSPL::OnSpeedLimitChange({this=000063AC0232AD40}, {new_limit=56})
[88664:77012:0924/210444.577:VERBOSE1:media_stream_manager.cc(1533)] MSPL::OnSpeedLimitChange({this=000063AC0232AD40}, {new_limit=55})
[88664:77012:0924/210446.543:VERBOSE1:media_stream_manager.cc(1533)] MSPL::OnSpeedLimitChange({this=000063AC0232AD40}, {new_limit=54})
[88664:77012:0924/210447.537:VERBOSE1:media_stream_manager.cc(1533)] MSPL::OnSpeedLimitChange({this=000063AC0232AD40}, {new_limit=53})
[88664:77012:0924/210448.546:VERBOSE1:media_stream_manager.cc(1533)] MSPL::OnSpeedLimitChange({this=000063AC0232AD40}, {new_limit=55})
[88664:77012:0924/210449.686:VERBOSE1:media_stream_manager.cc(1533)] MSPL::OnSpeedLimitChange({this=000063AC0232AD40}, {new_limit=54})
[88664:77012:0924/210450.538:VERBOSE1:media_stream_manager.cc(1533)] MSPL::OnSpeedLimitChange({this=000063AC0232AD40}, {new_limit=55})
[88664:77012:0924/210452.539:VERBOSE1:media_stream_manager.cc(1533)] MSPL::OnSpeedLimitChange({this=000063AC0232AD40}, {new_limit=53})
[88664:77012:0924/210453.541:VERBOSE1:media_stream_manager.cc(1533)] MSPL::OnSpeedLimitChange({this=000063AC0232AD40}, {new_limit=52})
[88664:77012:0924/210454.545:VERBOSE1:media_stream_manager.cc(1533)] MSPL::OnSpeedLimitChange({this=000063AC0232AD40}, {new_limit=53})
[88664:77012:0924/210455.551:VERBOSE1:media_stream_manager.cc(1533)] MSPL::OnSpeedLimitChange({this=000063AC0232AD40}, {new_limit=52})
[88664:77012:0924/210456.549:VERBOSE1:media_stream_manager.cc(1533)] MSPL::OnSpeedLimitChange({this=000063AC0232AD40}, {new_limit=53})
[88664:77012:0924/210457.545:VERBOSE1:media_stream_manager.cc(1533)] MSPL::OnSpeedLimitChange({this=000063AC0232AD40}, {new_limit=52})
[88664:77012:0924/210458.543:VERBOSE1:media_stream_manager.cc(1533)] MSPL::OnSpeedLimitChange({this=000063AC0232AD40}, {new_limit=50})
[88664:77012:0924/210500.553:VERBOSE1:media_stream_manager.cc(1533)] MSPL::OnSpeedLimitChange({this=000063AC0232AD40}, {new_limit=48})
[88664:77012:0924/210503.544:VERBOSE1:media_stream_manager.cc(1533)] MSPL::OnSpeedLimitChange({this=000063AC0232AD40}, {new_limit=50})
[88664:77012:0924/210504.558:VERBOSE1:media_stream_manager.cc(1533)] MSPL::OnSpeedLimitChange({this=000063AC0232AD40}, {new_limit=49})
[88664:77012:0924/210505.544:VERBOSE1:media_stream_manager.cc(1533)] MSPL::OnSpeedLimitChange({this=000063AC0232AD40}, {new_limit=52})
[88664:77012:0924/210507.603:VERBOSE1:media_stream_manager.cc(1533)] MSPL::OnSpeedLimitChange({this=000063AC0232AD40}, {new_limit=54})
[88664:77012:0924/210508.564:VERBOSE1:media_stream_manager.cc(1533)] MSPL::OnSpeedLimitChange({this=000063AC0232AD40}, {new_limit=55})
[88664:88556:0924/210508.564:WARNING:page_discarding_helper.cc(138)] Discarding multiple pages with target (kb): 0
[88664:77012:0924/210510.566:VERBOSE1:media_stream_manager.cc(1533)] MSPL::OnSpeedLimitChange({this=000063AC0232AD40}, {new_limit=56})
[88664:77012:0924/210511.569:VERBOSE1:media_stream_manager.cc(1533)] MSPL::OnSpeedLimitChange({this=000063AC0232AD40}, {new_limit=57})
[88664:77012:0924/210513.570:VERBOSE1:media_stream_manager.cc(1533)] MSPL::OnSpeedLimitChange({this=000063AC0232AD40}, {new_limit=56})
[88664:77012:0924/210514.554:VERBOSE1:media_stream_manager.cc(1533)] MSPL::OnSpeedLimitChange({this=000063AC0232AD40}, {new_limit=57})
[88664:77012:0924/210515.567:VERBOSE1:media_stream_manager.cc(1533)] MSPL::OnSpeedLimitChange({this=000063AC0232AD40}, {new_limit=56})
[88664:77012:0924/210517.559:VERBOSE1:media_stream_manager.cc(1533)] MSPL::OnSpeedLimitChange({this=000063AC0232AD40}, {new_limit=54})
[88664:77012:0924/210518.564:VERBOSE1:media_stream_manager.cc(1533)] MSPL::OnSpeedLimitChange({this=000063AC0232AD40}, {new_limit=53})
[88664:77012:0924/210519.568:VERBOSE1:media_stream_manager.cc(1533)] MSPL::OnSpeedLimitChange({this=000063AC0232AD40}, {new_limit=54})
[88664:77012:0924/210520.571:VERBOSE1:media_stream_manager.cc(1533)] MSPL::OnSpeedLimitChange({this=000063AC0232AD40}, {new_limit=52})
[88664:77012:0924/210521.556:VERBOSE1:media_stream_manager.cc(1533)] MSPL::OnSpeedLimitChange({this=000063AC0232AD40}, {new_limit=53})
[88664:77012:0924/210524.575:VERBOSE1:media_stream_manager.cc(1533)] MSPL::OnSpeedLimitChange({this=000063AC0232AD40}, {new_limit=52})
[88664:77012:0924/210525.560:VERBOSE1:media_stream_manager.cc(1533)] MSPL::OnSpeedLimitChange({this=000063AC0232AD40}, {new_limit=53})
[88664:77012:0924/210526.574:VERBOSE1:media_stream_manager.cc(1533)] MSPL::OnSpeedLimitChange({this=000063AC0232AD40}, {new_limit=52})
[88664:77012:0924/210527.570:VERBOSE1:media_stream_manager.cc(1533)] MSPL::OnSpeedLimitChange({this=000063AC0232AD40}, {new_limit=53})
[88664:77012:0924/210528.574:VERBOSE1:media_stream_manager.cc(1533)] MSPL::OnSpeedLimitChange({this=000063AC0232AD40}, {new_limit=54})
[88664:77012:0924/210530.572:VERBOSE1:media_stream_manager.cc(1533)] MSPL::OnSpeedLimitChange({this=000063AC0232AD40}, {new_limit=55})
[88664:77012:0924/210533.565:VERBOSE1:media_stream_manager.cc(1533)] MSPL::OnSpeedLimitChange({this=000063AC0232AD40}, {new_limit=54})
[88664:77012:0924/210534.568:VERBOSE1:media_stream_manager.cc(1533)] MSPL::OnSpeedLimitChange({this=000063AC0232AD40}, {new_limit=56})
[88664:77012:0924/210535.571:VERBOSE1:media_stream_manager.cc(1533)] MSPL::OnSpeedLimitChange({this=000063AC0232AD40}, {new_limit=57})
[88664:77012:0924/210537.574:VERBOSE1:media_stream_manager.cc(1533)] MSPL::OnSpeedLimitChange({this=000063AC0232AD40}, {new_limit=58})
[88664:77012:0924/210538.572:VERBOSE1:media_stream_manager.cc(1533)] MSPL::OnSpeedLimitChange({this=000063AC0232AD40}, {new_limit=57})
[88664:77012:0924/210539.570:VERBOSE1:media_stream_manager.cc(1533)] MSPL::OnSpeedLimitChange({this=000063AC0232AD40}, {new_limit=58})
[88664:77012:0924/210543.585:VERBOSE1:media_stream_manager.cc(1533)] MSPL::OnSpeedLimitChange({this=000063AC0232AD40}, {new_limit=57})
[88664:77012:0924/210544.578:VERBOSE1:media_stream_manager.cc(1533)] MSPL::OnSpeedLimitChange({this=000063AC0232AD40}, {new_limit=56})
[88664:77012:0924/210546.582:VERBOSE1:media_stream_manager.cc(1533)] MSPL::OnSpeedLimitChange({this=000063AC0232AD40}, {new_limit=55})
[88664:77012:0924/210547.586:VERBOSE1:media_stream_manager.cc(1533)] MSPL::OnSpeedLimitChange({this=000063AC0232AD40}, {new_limit=54})
[88664:77012:0924/210548.586:VERBOSE1:media_stream_manager.cc(1533)] MSPL::OnSpeedLimitChange({this=000063AC0232AD40}, {new_limit=53})
[88664:77012:0924/210549.591:VERBOSE1:media_stream_manager.cc(1533)] MSPL::OnSpeedLimitChange({this=000063AC0232AD40}, {new_limit=51})
[88664:77012:0924/210550.578:VERBOSE1:media_stream_manager.cc(1533)] MSPL::OnSpeedLimitChange({this=000063AC0232AD40}, {new_limit=50})
[88664:77012:0924/210551.587:VERBOSE1:media_stream_manager.cc(1533)] MSPL::OnSpeedLimitChange({this=000063AC0232AD40}, {new_limit=51})
[88664:77012:0924/210555.590:VERBOSE1:media_stream_manager.cc(1533)] MSPL::OnSpeedLimitChange({this=000063AC0232AD40}, {new_limit=50})
[88664:77012:0924/210557.583:VERBOSE1:media_stream_manager.cc(1533)] MSPL::OnSpeedLimitChange({this=000063AC0232AD40}, {new_limit=51})
[88664:77012:0924/210558.583:VERBOSE1:media_stream_manager.cc(1533)] MSPL::OnSpeedLimitChange({this=000063AC0232AD40}, {new_limit=50})
[88664:77012:0924/210559.596:VERBOSE1:media_stream_manager.cc(1533)] MSPL::OnSpeedLimitChange({this=000063AC0232AD40}, {new_limit=51})
[88664:77012:0924/210600.586:VERBOSE1:media_stream_manager.cc(1533)] MSPL::OnSpeedLimitChange({this=000063AC0232AD40}, {new_limit=52})
[88664:77012:0924/210601.585:VERBOSE1:media_stream_manager.cc(1533)] MSPL::OnSpeedLimitChange({this=000063AC0232AD40}, {new_limit=53})
[88664:77012:0924/210602.591:VERBOSE1:media_stream_manager.cc(1533)] MSPL::OnSpeedLimitChange({this=000063AC0232AD40}, {new_limit=54})
[88664:77012:0924/210605.601:VERBOSE1:media_stream_manager.cc(1533)] MSPL::OnSpeedLimitChange({this=000063AC0232AD40}, {new_limit=55})
[88664:77012:0924/210611.600:VERBOSE1:media_stream_manager.cc(1533)] MSPL::OnSpeedLimitChange({this=000063AC0232AD40}, {new_limit=52})
[88664:88556:0924/210613.850:WARNING:page_discarding_helper.cc(138)] Discarding multiple pages with target (kb): 0
[88664:77012:0924/210615.597:VERBOSE1:media_stream_manager.cc(1533)] MSPL::OnSpeedLimitChange({this=000063AC0232AD40}, {new_limit=51})
[88664:77012:0924/210618.607:VERBOSE1:media_stream_manager.cc(1533)] MSPL::OnSpeedLimitChange({this=000063AC0232AD40}, {new_limit=52})
[88664:88556:0924/210618.897:WARNING:page_discarding_helper.cc(138)] Discarding multiple pages with target (kb): 0
[88664:77012:0924/210619.601:VERBOSE1:media_stream_manager.cc(1533)] MSPL::OnSpeedLimitChange({this=000063AC0232AD40}, {new_limit=51})
[88664:77012:0924/210620.606:VERBOSE1:media_stream_manager.cc(1533)] MSPL::OnSpeedLimitChange({this=000063AC0232AD40}, {new_limit=50})
[88664:77012:0924/210621.598:VERBOSE1:media_stream_manager.cc(1533)] MSPL::OnSpeedLimitChange({this=000063AC0232AD40}, {new_limit=49})
[88664:77012:0924/210623.604:VERBOSE1:media_stream_manager.cc(1533)] MSPL::OnSpeedLimitChange({this=000063AC0232AD40}, {new_limit=48})
[88664:88556:0924/210623.928:WARNING:page_discarding_helper.cc(138)] Discarding multiple pages with target (kb): 0
[88664:77012:0924/210624.603:VERBOSE1:media_stream_manager.cc(1533)] MSPL::OnSpeedLimitChange({this=000063AC0232AD40}, {new_limit=46})
[88664:77012:0924/210625.610:VERBOSE1:media_stream_manager.cc(1533)] MSPL::OnSpeedLimitChange({this=000063AC0232AD40}, {new_limit=47})
[88664:77012:0924/210627.601:VERBOSE1:media_stream_manager.cc(1533)] MSPL::OnSpeedLimitChange({this=000063AC0232AD40}, {new_limit=48})
[88664:77012:0924/210628.603:VERBOSE1:media_stream_manager.cc(1533)] MSPL::OnSpeedLimitChange({this=000063AC0232AD40}, {new_limit=49})
[88664:77012:0924/210629.605:VERBOSE1:media_stream_manager.cc(1533)] MSPL::OnSpeedLimitChange({this=000063AC0232AD40}, {new_limit=47})
[88664:77012:0924/210630.618:VERBOSE1:media_stream_manager.cc(1533)] MSPL::OnSpeedLimitChange({this=000063AC0232AD40}, {new_limit=48})
[88664:77012:0924/210631.604:VERBOSE1:media_stream_manager.cc(1533)] MSPL::OnSpeedLimitChange({this=000063AC0232AD40}, {new_limit=49})
[88664:77012:0924/210632.608:VERBOSE1:media_stream_manager.cc(1533)] MSPL::OnSpeedLimitChange({this=000063AC0232AD40}, {new_limit=48})
[88664:77012:0924/210633.612:VERBOSE1:media_stream_manager.cc(1533)] MSPL::OnSpeedLimitChange({this=000063AC0232AD40}, {new_limit=49})
[88664:77012:0924/210634.607:VERBOSE1:media_stream_manager.cc(1533)] MSPL::OnSpeedLimitChange({this=000063AC0232AD40}, {new_limit=50})
[88664:77012:0924/210635.611:VERBOSE1:media_stream_manager.cc(1533)] MSPL::OnSpeedLimitChange({this=000063AC0232AD40}, {new_limit=48})
[88664:77012:0924/210636.616:VERBOSE1:media_stream_manager.cc(1533)] MSPL::OnSpeedLimitChange({this=000063AC0232AD40}, {new_limit=46})
[88664:77012:0924/210638.623:VERBOSE1:media_stream_manager.cc(1533)] MSPL::OnSpeedLimitChange({this=000063AC0232AD40}, {new_limit=43})
[88664:77012:0924/210639.614:VERBOSE1:media_stream_manager.cc(1533)] MSPL::OnSpeedLimitChange({this=000063AC0232AD40}, {new_limit=45})
[88664:77012:0924/210641.610:VERBOSE1:media_stream_manager.cc(1533)] MSPL::OnSpeedLimitChange({this=000063AC0232AD40}, {new_limit=44})
[88664:77012:0924/210643.619:VERBOSE1:media_stream_manager.cc(1533)] MSPL::OnSpeedLimitChange({this=000063AC0232AD40}, {new_limit=46})
[88664:77012:0924/210644.616:VERBOSE1:media_stream_manager.cc(1533)] MSPL::OnSpeedLimitChange({this=000063AC0232AD40}, {new_limit=45})
[88664:77012:0924/210646.624:VERBOSE1:media_stream_manager.cc(1533)] MSPL::OnSpeedLimitChange({this=000063AC0232AD40}, {new_limit=46})
[88664:77012:0924/210647.616:VERBOSE1:media_stream_manager.cc(1533)] MSPL::OnSpeedLimitChange({this=000063AC0232AD40}, {new_limit=45})
[88664:77012:0924/210648.616:VERBOSE1:media_stream_manager.cc(1533)] MSPL::OnSpeedLimitChange({this=000063AC0232AD40}, {new_limit=47})
[88664:77012:0924/210650.626:VERBOSE1:media_stream_manager.cc(1533)] MSPL::OnSpeedLimitChange({this=000063AC0232AD40}, {new_limit=46})
[88664:77012:0924/210652.615:VERBOSE1:media_stream_manager.cc(1533)] MSPL::OnSpeedLimitChange({this=000063AC0232AD40}, {new_limit=45})
[88664:77012:0924/210653.614:VERBOSE1:media_stream_manager.cc(1533)] MSPL::OnSpeedLimitChange({this=000063AC0232AD40}, {new_limit=44})
[88664:77012:0924/210654.632:VERBOSE1:media_stream_manager.cc(1533)] MSPL::OnSpeedLimitChange({this=000063AC0232AD40}, {new_limit=46})
[88664:77012:0924/210656.628:VERBOSE1:media_stream_manager.cc(1533)] MSPL::OnSpeedLimitChange({this=000063AC0232AD40}, {new_limit=48})
[88664:77012:0924/210657.617:VERBOSE1:media_stream_manager.cc(1533)] MSPL::OnSpeedLimitChange({this=000063AC0232AD40}, {new_limit=47})
[88664:77012:0924/210658.625:VERBOSE1:media_stream_manager.cc(1533)] MSPL::OnSpeedLimitChange({this=000063AC0232AD40}, {new_limit=46})
[88664:77012:0924/210659.631:VERBOSE1:media_stream_manager.cc(1533)] MSPL::OnSpeedLimitChange({this=000063AC0232AD40}, {new_limit=47})
[88664:77012:0924/210700.620:VERBOSE1:media_stream_manager.cc(1533)] MSPL::OnSpeedLimitChange({this=000063AC0232AD40}, {new_limit=48})
[88664:77012:0924/210701.623:VERBOSE1:media_stream_manager.cc(1533)] MSPL::OnSpeedLimitChange({this=000063AC0232AD40}, {new_limit=50})
[88664:77012:0924/210705.624:VERBOSE1:media_stream_manager.cc(1533)] MSPL::OnSpeedLimitChange({this=000063AC0232AD40}, {new_limit=51})
[88664:77012:0924/210706.629:VERBOSE1:media_stream_manager.cc(1533)] MSPL::OnSpeedLimitChange({this=000063AC0232AD40}, {new_limit=50})
[88664:77012:0924/210707.636:VERBOSE1:media_stream_manager.cc(1533)] MSPL::OnSpeedLimitChange({this=000063AC0232AD40}, {new_limit=51})
[88664:77012:0924/210708.638:VERBOSE1:media_stream_manager.cc(1533)] MSPL::OnSpeedLimitChange({this=000063AC0232AD40}, {new_limit=50})
[88664:77012:0924/210710.625:VERBOSE1:media_stream_manager.cc(1533)] MSPL::OnSpeedLimitChange({this=000063AC0232AD40}, {new_limit=49})
[88664:77012:0924/210711.635:VERBOSE1:media_stream_manager.cc(1533)] MSPL::OnSpeedLimitChange({this=000063AC0232AD40}, {new_limit=48})
[88664:77012:0924/210714.639:VERBOSE1:media_stream_manager.cc(1533)] MSPL::OnSpeedLimitChange({this=000063AC0232AD40}, {new_limit=50})
[88664:77012:0924/210716.638:VERBOSE1:media_stream_manager.cc(1533)] MSPL::OnSpeedLimitChange({this=000063AC0232AD40}, {new_limit=48})
[88664:77012:0924/210717.642:VERBOSE1:media_stream_manager.cc(1533)] MSPL::OnSpeedLimitChange({this=000063AC0232AD40}, {new_limit=50})
[88664:77012:0924/210718.636:VERBOSE1:media_stream_manager.cc(1533)] MSPL::OnSpeedLimitChange({this=000063AC0232AD40}, {new_limit=51})
[88664:77012:0924/210719.642:VERBOSE1:media_stream_manager.cc(1533)] MSPL::OnSpeedLimitChange({this=000063AC0232AD40}, {new_limit=50})
[88664:77012:0924/210723.639:VERBOSE1:media_stream_manager.cc(1533)] MSPL::OnSpeedLimitChange({this=000063AC0232AD40}, {new_limit=51})
[88664:77012:0924/210724.638:VERBOSE1:media_stream_manager.cc(1533)] MSPL::OnSpeedLimitChange({this=000063AC0232AD40}, {new_limit=49})
[88664:77012:0924/210725.633:VERBOSE1:media_stream_manager.cc(1533)] MSPL::OnSpeedLimitChange({this=000063AC0232AD40}, {new_limit=51})
[88664:77012:0924/210726.641:VERBOSE1:media_stream_manager.cc(1533)] MSPL::OnSpeedLimitChange({this=000063AC0232AD40}, {new_limit=54})
[88664:77012:0924/210727.649:VERBOSE1:media_stream_manager.cc(1533)] MSPL::OnSpeedLimitChange({this=000063AC0232AD40}, {new_limit=52})
[88664:77012:0924/210729.638:VERBOSE1:media_stream_manager.cc(1533)] MSPL::OnSpeedLimitChange({this=000063AC0232AD40}, {new_limit=53})
[88664:77012:0924/210730.639:VERBOSE1:media_stream_manager.cc(1533)] MSPL::OnSpeedLimitChange({this=000063AC0232AD40}, {new_limit=55})
[88664:77012:0924/210731.647:VERBOSE1:media_stream_manager.cc(1533)] MSPL::OnSpeedLimitChange({this=000063AC0232AD40}, {new_limit=56})
[88664:77012:0924/210732.642:VERBOSE1:media_stream_manager.cc(1533)] MSPL::OnSpeedLimitChange({this=000063AC0232AD40}, {new_limit=55})
[88664:77012:0924/210735.650:VERBOSE1:media_stream_manager.cc(1533)] MSPL::OnSpeedLimitChange({this=000063AC0232AD40}, {new_limit=54})
[88664:77012:0924/210736.650:VERBOSE1:media_stream_manager.cc(1533)] MSPL::OnSpeedLimitChange({this=000063AC0232AD40}, {new_limit=52})
[88664:77012:0924/210737.645:VERBOSE1:media_stream_manager.cc(1533)] MSPL::OnSpeedLimitChange({this=000063AC0232AD40}, {new_limit=54})
[88664:77012:0924/210738.651:VERBOSE1:media_stream_manager.cc(1533)] MSPL::OnSpeedLimitChange({this=000063AC0232AD40}, {new_limit=53})
[88664:77012:0924/210740.646:VERBOSE1:media_stream_manager.cc(1533)] MSPL::OnSpeedLimitChange({this=000063AC0232AD40}, {new_limit=54})
[88664:77012:0924/210742.660:VERBOSE1:media_stream_manager.cc(1533)] MSPL::OnSpeedLimitChange({this=000063AC0232AD40}, {new_limit=55})
[88664:77012:0924/210744.651:VERBOSE1:media_stream_manager.cc(1533)] MSPL::OnSpeedLimitChange({this=000063AC0232AD40}, {new_limit=57})
[88664:77012:0924/210746.645:VERBOSE1:media_stream_manager.cc(1533)] MSPL::OnSpeedLimitChange({this=000063AC0232AD40}, {new_limit=58})
[88664:77012:0924/210748.652:VERBOSE1:media_stream_manager.cc(1533)] MSPL::OnSpeedLimitChange({this=000063AC0232AD40}, {new_limit=60})
[88664:77012:0924/210749.648:VERBOSE1:media_stream_manager.cc(1533)] MSPL::OnSpeedLimitChange({this=000063AC0232AD40}, {new_limit=61})
[88664:77012:0924/210750.649:VERBOSE1:media_stream_manager.cc(1533)] MSPL::OnSpeedLimitChange({this=000063AC0232AD40}, {new_limit=60})
[88664:77012:0924/210752.654:VERBOSE1:media_stream_manager.cc(1533)] MSPL::OnSpeedLimitChange({this=000063AC0232AD40}, {new_limit=61})
[88664:77012:0924/210753.660:VERBOSE1:media_stream_manager.cc(1533)] MSPL::OnSpeedLimitChange({this=000063AC0232AD40}, {new_limit=60})
[88664:77012:0924/210754.656:VERBOSE1:media_stream_manager.cc(1533)] MSPL::OnSpeedLimitChange({this=000063AC0232AD40}, {new_limit=59})
[88664:77012:0924/210755.649:VERBOSE1:media_stream_manager.cc(1533)] MSPL::OnSpeedLimitChange({this=000063AC0232AD40}, {new_limit=60})
[88664:77012:0924/210757.663:VERBOSE1:media_stream_manager.cc(1533)] MSPL::OnSpeedLimitChange({this=000063AC0232AD40}, {new_limit=59})
[88664:77012:0924/210759.660:VERBOSE1:media_stream_manager.cc(1533)] MSPL::OnSpeedLimitChange({this=000063AC0232AD40}, {new_limit=58})
[88664:77012:0924/210800.670:VERBOSE1:media_stream_manager.cc(1533)] MSPL::OnSpeedLimitChange({this=000063AC0232AD40}, {new_limit=59})
[88664:77012:0924/210803.662:VERBOSE1:media_stream_manager.cc(1533)] MSPL::OnSpeedLimitChange({this=000063AC0232AD40}, {new_limit=60})
[88664:77012:0924/210805.668:VERBOSE1:media_stream_manager.cc(1533)] MSPL::OnSpeedLimitChange({this=000063AC0232AD40}, {new_limit=62})
[88664:77012:0924/210806.672:VERBOSE1:media_stream_manager.cc(1533)] MSPL::OnSpeedLimitChange({this=000063AC0232AD40}, {new_limit=61})
[88664:77012:0924/210807.675:VERBOSE1:media_stream_manager.cc(1533)] MSPL::OnSpeedLimitChange({this=000063AC0232AD40}, {new_limit=60})
[88664:77012:0924/210810.663:VERBOSE1:media_stream_manager.cc(1533)] MSPL::OnSpeedLimitChange({this=000063AC0232AD40}, {new_limit=58})
[88664:77012:0924/210812.663:VERBOSE1:media_stream_manager.cc(1533)] MSPL::OnSpeedLimitChange({this=000063AC0232AD40}, {new_limit=57})
[88664:77012:0924/210813.673:VERBOSE1:media_stream_manager.cc(1533)] MSPL::OnSpeedLimitChange({this=000063AC0232AD40}, {new_limit=56})
[88664:77012:0924/210814.669:VERBOSE1:media_stream_manager.cc(1533)] MSPL::OnSpeedLimitChange({this=000063AC0232AD40}, {new_limit=57})
[88664:77012:0924/210816.679:VERBOSE1:media_stream_manager.cc(1533)] MSPL::OnSpeedLimitChange({this=000063AC0232AD40}, {new_limit=58})
[88664:77012:0924/210818.668:VERBOSE1:media_stream_manager.cc(1533)] MSPL::OnSpeedLimitChange({this=000063AC0232AD40}, {new_limit=59})
[88664:77012:0924/210819.676:VERBOSE1:media_stream_manager.cc(1533)] MSPL::OnSpeedLimitChange({this=000063AC0232AD40}, {new_limit=58})
[88664:77012:0924/210820.677:VERBOSE1:media_stream_manager.cc(1533)] MSPL::OnSpeedLimitChange({this=000063AC0232AD40}, {new_limit=59})
[88664:77012:0924/210821.684:VERBOSE1:media_stream_manager.cc(1533)] MSPL::OnSpeedLimitChange({this=000063AC0232AD40}, {new_limit=57})
[88664:77012:0924/210823.684:VERBOSE1:media_stream_manager.cc(1533)] MSPL::OnSpeedLimitChange({this=000063AC0232AD40}, {new_limit=56})
[88664:77012:0924/210825.680:VERBOSE1:media_stream_manager.cc(1533)] MSPL::OnSpeedLimitChange({this=000063AC0232AD40}, {new_limit=55})
[88664:77012:0924/210829.684:VERBOSE1:media_stream_manager.cc(1533)] MSPL::OnSpeedLimitChange({this=000063AC0232AD40}, {new_limit=56})
[88664:77012:0924/210831.681:VERBOSE1:media_stream_manager.cc(1533)] MSPL::OnSpeedLimitChange({this=000063AC0232AD40}, {new_limit=58})
[88664:77012:0924/210832.684:VERBOSE1:media_stream_manager.cc(1533)] MSPL::OnSpeedLimitChange({this=000063AC0232AD40}, {new_limit=59})
[88664:77012:0924/210833.682:VERBOSE1:media_stream_manager.cc(1533)] MSPL::OnSpeedLimitChange({this=000063AC0232AD40}, {new_limit=60})
[88664:77012:0924/210834.691:VERBOSE1:media_stream_manager.cc(1533)] MSPL::OnSpeedLimitChange({this=000063AC0232AD40}, {new_limit=61})
[88664:77012:0924/210836.686:VERBOSE1:media_stream_manager.cc(1533)] MSPL::OnSpeedLimitChange({this=000063AC0232AD40}, {new_limit=60})
[88664:77012:0924/210837.694:VERBOSE1:media_stream_manager.cc(1533)] MSPL::OnSpeedLimitChange({this=000063AC0232AD40}, {new_limit=59})
[88664:77012:0924/210841.693:VERBOSE1:media_stream_manager.cc(1533)] MSPL::OnSpeedLimitChange({this=000063AC0232AD40}, {new_limit=58})
[88664:77012:0924/210842.687:VERBOSE1:media_stream_manager.cc(1533)] MSPL::OnSpeedLimitChange({this=000063AC0232AD40}, {new_limit=59})
[88664:77012:0924/210844.687:VERBOSE1:media_stream_manager.cc(1533)] MSPL::OnSpeedLimitChange({this=000063AC0232AD40}, {new_limit=58})
[88664:77012:0924/210847.698:VERBOSE1:media_stream_manager.cc(1533)] MSPL::OnSpeedLimitChange({this=000063AC0232AD40}, {new_limit=59})
[88664:77012:0924/210848.696:VERBOSE1:media_stream_manager.cc(1533)] MSPL::OnSpeedLimitChange({this=000063AC0232AD40}, {new_limit=58})
[88664:77012:0924/210849.696:VERBOSE1:media_stream_manager.cc(1533)] MSPL::OnSpeedLimitChange({this=000063AC0232AD40}, {new_limit=59})
[88664:77012:0924/210850.704:VERBOSE1:media_stream_manager.cc(1533)] MSPL::OnSpeedLimitChange({this=000063AC0232AD40}, {new_limit=60})
[88664:77012:0924/210851.708:VERBOSE1:media_stream_manager.cc(1533)] MSPL::OnSpeedLimitChange({this=000063AC0232AD40}, {new_limit=59})
[88664:77012:0924/210853.705:VERBOSE1:media_stream_manager.cc(1533)] MSPL::OnSpeedLimitChange({this=000063AC0232AD40}, {new_limit=57})
[88664:77012:0924/210856.701:VERBOSE1:media_stream_manager.cc(1533)] MSPL::OnSpeedLimitChange({this=000063AC0232AD40}, {new_limit=58})
[88664:77012:0924/210858.700:VERBOSE1:media_stream_manager.cc(1533)] MSPL::OnSpeedLimitChange({this=000063AC0232AD40}, {new_limit=57})
[88664:77012:0924/210903.711:VERBOSE1:media_stream_manager.cc(1533)] MSPL::OnSpeedLimitChange({this=000063AC0232AD40}, {new_limit=59})
[88664:77012:0924/210904.703:VERBOSE1:media_stream_manager.cc(1533)] MSPL::OnSpeedLimitChange({this=000063AC0232AD40}, {new_limit=58})
[88664:77012:0924/210905.713:VERBOSE1:media_stream_manager.cc(1533)] MSPL::OnSpeedLimitChange({this=000063AC0232AD40}, {new_limit=57})
[88664:77012:0924/210906.711:VERBOSE1:media_stream_manager.cc(1533)] MSPL::OnSpeedLimitChange({this=000063AC0232AD40}, {new_limit=58})
[88664:77012:0924/210907.716:VERBOSE1:media_stream_manager.cc(1533)] MSPL::OnSpeedLimitChange({this=000063AC0232AD40}, {new_limit=57})
[88664:77012:0924/210908.718:VERBOSE1:media_stream_manager.cc(1533)] MSPL::OnSpeedLimitChange({this=000063AC0232AD40}, {new_limit=59})
[88664:77012:0924/210909.718:VERBOSE1:media_stream_manager.cc(1533)] MSPL::OnSpeedLimitChange({this=000063AC0232AD40}, {new_limit=58})
[88664:77012:0924/210911.713:VERBOSE1:media_stream_manager.cc(1533)] MSPL::OnSpeedLimitChange({this=000063AC0232AD40}, {new_limit=59})
[88664:77012:0924/210915.715:VERBOSE1:media_stream_manager.cc(1533)] MSPL::OnSpeedLimitChange({this=000063AC0232AD40}, {new_limit=60})
[88664:77012:0924/210916.720:VERBOSE1:media_stream_manager.cc(1533)] MSPL::OnSpeedLimitChange({this=000063AC0232AD40}, {new_limit=59})
[88664:77012:0924/210918.728:VERBOSE1:media_stream_manager.cc(1533)] MSPL::OnSpeedLimitChange({this=000063AC0232AD40}, {new_limit=58})
[88664:77012:0924/210921.723:VERBOSE1:media_stream_manager.cc(1533)] MSPL::OnSpeedLimitChange({this=000063AC0232AD40}, {new_limit=57})
[88664:77012:0924/210924.719:VERBOSE1:media_stream_manager.cc(1533)] MSPL::OnSpeedLimitChange({this=000063AC0232AD40}, {new_limit=56})
[88664:77012:0924/210926.727:VERBOSE1:media_stream_manager.cc(1533)] MSPL::OnSpeedLimitChange({this=000063AC0232AD40}, {new_limit=57})
[88664:77012:0924/210928.721:VERBOSE1:media_stream_manager.cc(1533)] MSPL::OnSpeedLimitChange({this=000063AC0232AD40}, {new_limit=58})
[88664:77012:0924/210929.738:VERBOSE1:media_stream_manager.cc(1533)] MSPL::OnSpeedLimitChange({this=000063AC0232AD40}, {new_limit=59})
[88664:77012:0924/210930.722:VERBOSE1:media_stream_manager.cc(1533)] MSPL::OnSpeedLimitChange({this=000063AC0232AD40}, {new_limit=58})
[88664:77012:0924/210933.729:VERBOSE1:media_stream_manager.cc(1533)] MSPL::OnSpeedLimitChange({this=000063AC0232AD40}, {new_limit=59})
[88664:77012:0924/210934.729:VERBOSE1:media_stream_manager.cc(1533)] MSPL::OnSpeedLimitChange({this=000063AC0232AD40}, {new_limit=60})
[88664:77012:0924/210935.732:VERBOSE1:media_stream_manager.cc(1533)] MSPL::OnSpeedLimitChange({this=000063AC0232AD40}, {new_limit=59})
[88664:77012:0924/210937.735:VERBOSE1:media_stream_manager.cc(1533)] MSPL::OnSpeedLimitChange({this=000063AC0232AD40}, {new_limit=58})
[88664:77012:0924/210938.748:VERBOSE1:media_stream_manager.cc(1533)] MSPL::OnSpeedLimitChange({this=000063AC0232AD40}, {new_limit=55})
[88664:77012:0924/210939.736:VERBOSE1:media_stream_manager.cc(1533)] MSPL::OnSpeedLimitChange({this=000063AC0232AD40}, {new_limit=53})
[88664:77012:0924/210941.752:VERBOSE1:media_stream_manager.cc(1533)] MSPL::OnSpeedLimitChange({this=000063AC0232AD40}, {new_limit=54})
[88664:77012:0924/210942.742:VERBOSE1:media_stream_manager.cc(1533)] MSPL::OnSpeedLimitChange({this=000063AC0232AD40}, {new_limit=53})
[88664:77012:0924/210945.742:VERBOSE1:media_stream_manager.cc(1533)] MSPL::OnSpeedLimitChange({this=000063AC0232AD40}, {new_limit=54})
[88664:77012:0924/210947.749:VERBOSE1:media_stream_manager.cc(1533)] MSPL::OnSpeedLimitChange({this=000063AC0232AD40}, {new_limit=56})
[88664:77012:0924/210948.742:VERBOSE1:media_stream_manager.cc(1533)] MSPL::OnSpeedLimitChange({this=000063AC0232AD40}, {new_limit=58})
[88664:77012:0924/210949.746:VERBOSE1:media_stream_manager.cc(1533)] MSPL::OnSpeedLimitChange({this=000063AC0232AD40}, {new_limit=59})
[88664:77012:0924/210950.754:VERBOSE1:media_stream_manager.cc(1533)] MSPL::OnSpeedLimitChange({this=000063AC0232AD40}, {new_limit=58})
[88664:77012:0924/210954.751:VERBOSE1:media_stream_manager.cc(1533)] MSPL::OnSpeedLimitChange({this=000063AC0232AD40}, {new_limit=57})
[88664:77012:0924/210957.756:VERBOSE1:media_stream_manager.cc(1533)] MSPL::OnSpeedLimitChange({this=000063AC0232AD40}, {new_limit=58})
[88664:77012:0924/211000.761:VERBOSE1:media_stream_manager.cc(1533)] MSPL::OnSpeedLimitChange({this=000063AC0232AD40}, {new_limit=61})
[88664:77012:0924/211007.764:VERBOSE1:media_stream_manager.cc(1533)] MSPL::OnSpeedLimitChange({this=000063AC0232AD40}, {new_limit=59})
[88664:77012:0924/211008.751:VERBOSE1:media_stream_manager.cc(1533)] MSPL::OnSpeedLimitChange({this=000063AC0232AD40}, {new_limit=60})
[88664:77012:0924/211010.767:VERBOSE1:media_stream_manager.cc(1533)] MSPL::OnSpeedLimitChange({this=000063AC0232AD40}, {new_limit=59})
[88664:77012:0924/211011.757:VERBOSE1:media_stream_manager.cc(1533)] MSPL::OnSpeedLimitChange({this=000063AC0232AD40}, {new_limit=60})
[88664:77012:0924/211012.772:VERBOSE1:media_stream_manager.cc(1533)] MSPL::OnSpeedLimitChange({this=000063AC0232AD40}, {new_limit=59})
[88664:77012:0924/211016.759:VERBOSE1:media_stream_manager.cc(1533)] MSPL::OnSpeedLimitChange({this=000063AC0232AD40}, {new_limit=58})
[88664:77012:0924/211018.767:VERBOSE1:media_stream_manager.cc(1533)] MSPL::OnSpeedLimitChange({this=000063AC0232AD40}, {new_limit=56})
[88664:77012:0924/211019.767:VERBOSE1:media_stream_manager.cc(1533)] MSPL::OnSpeedLimitChange({this=000063AC0232AD40}, {new_limit=53})
[88664:77012:0924/211021.772:VERBOSE1:media_stream_manager.cc(1533)] MSPL::OnSpeedLimitChange({this=000063AC0232AD40}, {new_limit=51})
[88664:77012:0924/211023.772:VERBOSE1:media_stream_manager.cc(1533)] MSPL::OnSpeedLimitChange({this=000063AC0232AD40}, {new_limit=50})
[88664:77012:0924/211024.769:VERBOSE1:media_stream_manager.cc(1533)] MSPL::OnSpeedLimitChange({this=000063AC0232AD40}, {new_limit=49})
[88664:77012:0924/211026.766:VERBOSE1:media_stream_manager.cc(1533)] MSPL::OnSpeedLimitChange({this=000063AC0232AD40}, {new_limit=50})
[88664:77012:0924/211027.774:VERBOSE1:media_stream_manager.cc(1533)] MSPL::OnSpeedLimitChange({this=000063AC0232AD40}, {new_limit=49})
[88664:77012:0924/211029.774:VERBOSE1:media_stream_manager.cc(1533)] MSPL::OnSpeedLimitChange({this=000063AC0232AD40}, {new_limit=52})
[88664:77012:0924/211031.775:VERBOSE1:media_stream_manager.cc(1533)] MSPL::OnSpeedLimitChange({this=000063AC0232AD40}, {new_limit=53})
[88664:77012:0924/211033.770:VERBOSE1:media_stream_manager.cc(1533)] MSPL::OnSpeedLimitChange({this=000063AC0232AD40}, {new_limit=54})
[88664:77012:0924/211034.777:VERBOSE1:media_stream_manager.cc(1533)] MSPL::OnSpeedLimitChange({this=000063AC0232AD40}, {new_limit=56})
[88664:77012:0924/211035.790:VERBOSE1:media_stream_manager.cc(1533)] MSPL::OnSpeedLimitChange({this=000063AC0232AD40}, {new_limit=57})
[88664:77012:0924/211036.788:VERBOSE1:media_stream_manager.cc(1533)] MSPL::OnSpeedLimitChange({this=000063AC0232AD40}, {new_limit=56})
[88664:77012:0924/211038.788:VERBOSE1:media_stream_manager.cc(1533)] MSPL::OnSpeedLimitChange({this=000063AC0232AD40}, {new_limit=55})
[88664:77012:0924/211040.787:VERBOSE1:media_stream_manager.cc(1533)] MSPL::OnSpeedLimitChange({this=000063AC0232AD40}, {new_limit=56})
[88664:77012:0924/211042.796:VERBOSE1:media_stream_manager.cc(1533)] MSPL::OnSpeedLimitChange({this=000063AC0232AD40}, {new_limit=57})
[88664:77012:0924/211044.782:VERBOSE1:media_stream_manager.cc(1533)] MSPL::OnSpeedLimitChange({this=000063AC0232AD40}, {new_limit=56})
[88664:77012:0924/211046.789:VERBOSE1:media_stream_manager.cc(1533)] MSPL::OnSpeedLimitChange({this=000063AC0232AD40}, {new_limit=55})
[88664:77012:0924/211048.789:VERBOSE1:media_stream_manager.cc(1533)] MSPL::OnSpeedLimitChange({this=000063AC0232AD40}, {new_limit=57})
[88664:77012:0924/211051.792:VERBOSE1:media_stream_manager.cc(1533)] MSPL::OnSpeedLimitChange({this=000063AC0232AD40}, {new_limit=58})
[88664:77012:0924/211057.792:VERBOSE1:media_stream_manager.cc(1533)] MSPL::OnSpeedLimitChange({this=000063AC0232AD40}, {new_limit=59})
[88664:77012:0924/211058.804:VERBOSE1:media_stream_manager.cc(1533)] MSPL::OnSpeedLimitChange({this=000063AC0232AD40}, {new_limit=60})
[88664:77012:0924/211059.804:VERBOSE1:media_stream_manager.cc(1533)] MSPL::OnSpeedLimitChange({this=000063AC0232AD40}, {new_limit=59})
[88664:77012:0924/211100.807:VERBOSE1:media_stream_manager.cc(1533)] MSPL::OnSpeedLimitChange({this=000063AC0232AD40}, {new_limit=57})
[88664:77012:0924/211110.798:VERBOSE1:media_stream_manager.cc(1533)] MSPL::OnSpeedLimitChange({this=000063AC0232AD40}, {new_limit=59})
[88664:77012:0924/211111.812:VERBOSE1:media_stream_manager.cc(1533)] MSPL::OnSpeedLimitChange({this=000063AC0232AD40}, {new_limit=60})
[88664:77012:0924/211112.806:VERBOSE1:media_stream_manager.cc(1533)] MSPL::OnSpeedLimitChange({this=000063AC0232AD40}, {new_limit=59})
[88664:77012:0924/211114.808:VERBOSE1:media_stream_manager.cc(1533)] MSPL::OnSpeedLimitChange({this=000063AC0232AD40}, {new_limit=60})
[88664:77012:0924/211115.810:VERBOSE1:media_stream_manager.cc(1533)] MSPL::OnSpeedLimitChange({this=000063AC0232AD40}, {new_limit=61})
[88664:77012:0924/211116.805:VERBOSE1:media_stream_manager.cc(1533)] MSPL::OnSpeedLimitChange({this=000063AC0232AD40}, {new_limit=60})
[88664:77012:0924/211117.807:VERBOSE1:media_stream_manager.cc(1533)] MSPL::OnSpeedLimitChange({this=000063AC0232AD40}, {new_limit=62})
[88664:77012:0924/211118.806:VERBOSE1:media_stream_manager.cc(1533)] MSPL::OnSpeedLimitChange({this=000063AC0232AD40}, {new_limit=61})
[88664:77012:0924/211119.809:VERBOSE1:media_stream_manager.cc(1533)] MSPL::OnSpeedLimitChange({this=000063AC0232AD40}, {new_limit=60})
[88664:77012:0924/211120.820:VERBOSE1:media_stream_manager.cc(1533)] MSPL::OnSpeedLimitChange({this=000063AC0232AD40}, {new_limit=59})
[88664:77012:0924/211125.813:VERBOSE1:media_stream_manager.cc(1533)] MSPL::OnSpeedLimitChange({this=000063AC0232AD40}, {new_limit=57})
[88664:77012:0924/211126.814:VERBOSE1:media_stream_manager.cc(1533)] MSPL::OnSpeedLimitChange({this=000063AC0232AD40}, {new_limit=56})
[88664:77012:0924/211127.815:VERBOSE1:media_stream_manager.cc(1533)] MSPL::OnSpeedLimitChange({this=000063AC0232AD40}, {new_limit=54})
[88664:77012:0924/211128.826:VERBOSE1:media_stream_manager.cc(1533)] MSPL::OnSpeedLimitChange({this=000063AC0232AD40}, {new_limit=53})
[88664:77012:0924/211130.819:VERBOSE1:media_stream_manager.cc(1533)] MSPL::OnSpeedLimitChange({this=000063AC0232AD40}, {new_limit=54})
[88664:77012:0924/211131.815:VERBOSE1:media_stream_manager.cc(1533)] MSPL::OnSpeedLimitChange({this=000063AC0232AD40}, {new_limit=55})
[88664:77012:0924/211133.820:VERBOSE1:media_stream_manager.cc(1533)] MSPL::OnSpeedLimitChange({this=000063AC0232AD40}, {new_limit=54})
[88664:77012:0924/211134.824:VERBOSE1:media_stream_manager.cc(1533)] MSPL::OnSpeedLimitChange({this=000063AC0232AD40}, {new_limit=52})
[88664:77012:0924/211137.830:VERBOSE1:media_stream_manager.cc(1533)] MSPL::OnSpeedLimitChange({this=000063AC0232AD40}, {new_limit=50})
[88664:77012:0924/211138.829:VERBOSE1:media_stream_manager.cc(1533)] MSPL::OnSpeedLimitChange({this=000063AC0232AD40}, {new_limit=51})
[88664:77012:0924/211139.823:VERBOSE1:media_stream_manager.cc(1533)] MSPL::OnSpeedLimitChange({this=000063AC0232AD40}, {new_limit=52})
[88664:77012:0924/211140.822:VERBOSE1:media_stream_manager.cc(1533)] MSPL::OnSpeedLimitChange({this=000063AC0232AD40}, {new_limit=50})
[88664:77012:0924/211141.829:VERBOSE1:media_stream_manager.cc(1533)] MSPL::OnSpeedLimitChange({this=000063AC0232AD40}, {new_limit=47})
[88664:77012:0924/211142.834:VERBOSE1:media_stream_manager.cc(1533)] MSPL::OnSpeedLimitChange({this=000063AC0232AD40}, {new_limit=49})
[88664:77012:0924/211143.825:VERBOSE1:media_stream_manager.cc(1533)] MSPL::OnSpeedLimitChange({this=000063AC0232AD40}, {new_limit=47})
[88664:77012:0924/211144.825:VERBOSE1:media_stream_manager.cc(1533)] MSPL::OnSpeedLimitChange({this=000063AC0232AD40}, {new_limit=48})
[88664:77012:0924/211145.838:VERBOSE1:media_stream_manager.cc(1533)] MSPL::OnSpeedLimitChange({this=000063AC0232AD40}, {new_limit=50})
[88664:77012:0924/211146.829:VERBOSE1:media_stream_manager.cc(1533)] MSPL::OnSpeedLimitChange({this=000063AC0232AD40}, {new_limit=49})
[88664:77012:0924/211147.837:VERBOSE1:media_stream_manager.cc(1533)] MSPL::OnSpeedLimitChange({this=000063AC0232AD40}, {new_limit=51})
[88664:77012:0924/211150.837:VERBOSE1:media_stream_manager.cc(1533)] MSPL::OnSpeedLimitChange({this=000063AC0232AD40}, {new_limit=52})
[88664:77012:0924/211151.836:VERBOSE1:media_stream_manager.cc(1533)] MSPL::OnSpeedLimitChange({this=000063AC0232AD40}, {new_limit=53})
[88664:77012:0924/211152.846:VERBOSE1:media_stream_manager.cc(1533)] MSPL::OnSpeedLimitChange({this=000063AC0232AD40}, {new_limit=52})
[88664:77012:0924/211153.834:VERBOSE1:media_stream_manager.cc(1533)] MSPL::OnSpeedLimitChange({this=000063AC0232AD40}, {new_limit=54})
[88664:77012:0924/211154.846:VERBOSE1:media_stream_manager.cc(1533)] MSPL::OnSpeedLimitChange({this=000063AC0232AD40}, {new_limit=57})
[88664:77012:0924/211156.837:VERBOSE1:media_stream_manager.cc(1533)] MSPL::OnSpeedLimitChange({this=000063AC0232AD40}, {new_limit=58})
[88664:77012:0924/211159.843:VERBOSE1:media_stream_manager.cc(1533)] MSPL::OnSpeedLimitChange({this=000063AC0232AD40}, {new_limit=60})
[88664:77012:0924/211200.834:VERBOSE1:media_stream_manager.cc(1533)] MSPL::OnSpeedLimitChange({this=000063AC0232AD40}, {new_limit=61})
[88664:77012:0924/211202.848:VERBOSE1:media_stream_manager.cc(1533)] MSPL::OnSpeedLimitChange({this=000063AC0232AD40}, {new_limit=63})
[88664:77012:0924/211204.839:VERBOSE1:media_stream_manager.cc(1533)] MSPL::OnSpeedLimitChange({this=000063AC0232AD40}, {new_limit=61})
[88664:77012:0924/211206.844:VERBOSE1:media_stream_manager.cc(1533)] MSPL::OnSpeedLimitChange({this=000063AC0232AD40}, {new_limit=62})
[88664:77012:0924/211209.859:VERBOSE1:media_stream_manager.cc(1533)] MSPL::OnSpeedLimitChange({this=000063AC0232AD40}, {new_limit=63})
[88664:77012:0924/211211.854:VERBOSE1:media_stream_manager.cc(1533)] MSPL::OnSpeedLimitChange({this=000063AC0232AD40}, {new_limit=62})
[88664:77012:0924/211214.864:VERBOSE1:media_stream_manager.cc(1533)] MSPL::OnSpeedLimitChange({this=000063AC0232AD40}, {new_limit=63})
[88664:77012:0924/211215.851:VERBOSE1:media_stream_manager.cc(1533)] MSPL::OnSpeedLimitChange({this=000063AC0232AD40}, {new_limit=62})
[88664:77012:0924/211216.859:VERBOSE1:media_stream_manager.cc(1533)] MSPL::OnSpeedLimitChange({this=000063AC0232AD40}, {new_limit=61})
[88664:77012:0924/211219.850:VERBOSE1:media_stream_manager.cc(1533)] MSPL::OnSpeedLimitChange({this=000063AC0232AD40}, {new_limit=60})
[88664:77012:0924/211220.867:VERBOSE1:media_stream_manager.cc(1533)] MSPL::OnSpeedLimitChange({this=000063AC0232AD40}, {new_limit=58})
[88664:77012:0924/211222.865:VERBOSE1:media_stream_manager.cc(1533)] MSPL::OnSpeedLimitChange({this=000063AC0232AD40}, {new_limit=57})
[88664:77012:0924/211223.862:VERBOSE1:media_stream_manager.cc(1533)] MSPL::OnSpeedLimitChange({this=000063AC0232AD40}, {new_limit=56})
[88664:77012:0924/211224.855:VERBOSE1:media_stream_manager.cc(1533)] MSPL::OnSpeedLimitChange({this=000063AC0232AD40}, {new_limit=55})
[88664:77012:0924/211225.859:VERBOSE1:media_stream_manager.cc(1533)] MSPL::OnSpeedLimitChange({this=000063AC0232AD40}, {new_limit=56})
[88664:77012:0924/211227.872:VERBOSE1:media_stream_manager.cc(1533)] MSPL::OnSpeedLimitChange({this=000063AC0232AD40}, {new_limit=57})
[88664:77012:0924/211229.868:VERBOSE1:media_stream_manager.cc(1533)] MSPL::OnSpeedLimitChange({this=000063AC0232AD40}, {new_limit=58})
[88664:77012:0924/211230.867:VERBOSE1:media_stream_manager.cc(1533)] MSPL::OnSpeedLimitChange({this=000063AC0232AD40}, {new_limit=59})
[88664:77012:0924/211231.865:VERBOSE1:media_stream_manager.cc(1533)] MSPL::OnSpeedLimitChange({this=000063AC0232AD40}, {new_limit=58})
[88664:77012:0924/211236.877:VERBOSE1:media_stream_manager.cc(1533)] MSPL::OnSpeedLimitChange({this=000063AC0232AD40}, {new_limit=56})
[88664:77012:0924/211239.869:VERBOSE1:media_stream_manager.cc(1533)] MSPL::OnSpeedLimitChange({this=000063AC0232AD40}, {new_limit=53})
[88664:77012:0924/211241.873:VERBOSE1:media_stream_manager.cc(1533)] MSPL::OnSpeedLimitChange({this=000063AC0232AD40}, {new_limit=54})
[88664:77012:0924/211242.882:VERBOSE1:media_stream_manager.cc(1533)] MSPL::OnSpeedLimitChange({this=000063AC0232AD40}, {new_limit=55})
[88664:77012:0924/211243.869:VERBOSE1:media_stream_manager.cc(1533)] MSPL::OnSpeedLimitChange({this=000063AC0232AD40}, {new_limit=56})
[88664:77012:0924/211247.878:VERBOSE1:media_stream_manager.cc(1533)] MSPL::OnSpeedLimitChange({this=000063AC0232AD40}, {new_limit=57})
[88664:77012:0924/211248.878:VERBOSE1:media_stream_manager.cc(1533)] MSPL::OnSpeedLimitChange({this=000063AC0232AD40}, {new_limit=58})
[88664:77012:0924/211249.889:VERBOSE1:media_stream_manager.cc(1533)] MSPL::OnSpeedLimitChange({this=000063AC0232AD40}, {new_limit=59})
[88664:77012:0924/211251.884:VERBOSE1:media_stream_manager.cc(1533)] MSPL::OnSpeedLimitChange({this=000063AC0232AD40}, {new_limit=60})
[88664:77012:0924/211253.896:VERBOSE1:media_stream_manager.cc(1533)] MSPL::OnSpeedLimitChange({this=000063AC0232AD40}, {new_limit=61})
[88664:77012:0924/211256.887:VERBOSE1:media_stream_manager.cc(1533)] MSPL::OnSpeedLimitChange({this=000063AC0232AD40}, {new_limit=62})
[88664:77012:0924/211258.898:VERBOSE1:media_stream_manager.cc(1533)] MSPL::OnSpeedLimitChange({this=000063AC0232AD40}, {new_limit=61})
[88664:77012:0924/211259.896:VERBOSE1:media_stream_manager.cc(1533)] MSPL::OnSpeedLimitChange({this=000063AC0232AD40}, {new_limit=62})
[88664:77012:0924/211300.892:VERBOSE1:media_stream_manager.cc(1533)] MSPL::OnSpeedLimitChange({this=000063AC0232AD40}, {new_limit=61})
[88664:77012:0924/211301.905:VERBOSE1:media_stream_manager.cc(1533)] MSPL::OnSpeedLimitChange({this=000063AC0232AD40}, {new_limit=58})
[88664:77012:0924/211302.889:VERBOSE1:media_stream_manager.cc(1533)] MSPL::OnSpeedLimitChange({this=000063AC0232AD40}, {new_limit=60})
[88664:77012:0924/211303.893:VERBOSE1:media_stream_manager.cc(1533)] MSPL::OnSpeedLimitChange({this=000063AC0232AD40}, {new_limit=59})
[88664:77012:0924/211305.890:VERBOSE1:media_stream_manager.cc(1533)] MSPL::OnSpeedLimitChange({this=000063AC0232AD40}, {new_limit=60})
[88664:77012:0924/211306.892:VERBOSE1:media_stream_manager.cc(1533)] MSPL::OnSpeedLimitChange({this=000063AC0232AD40}, {new_limit=61})
[88664:77012:0924/211307.886:VERBOSE1:media_stream_manager.cc(1533)] MSPL::OnSpeedLimitChange({this=000063AC0232AD40}, {new_limit=59})
[88664:77012:0924/211309.886:VERBOSE1:media_stream_manager.cc(1533)] MSPL::OnSpeedLimitChange({this=000063AC0232AD40}, {new_limit=60})
[88664:77012:0924/211310.892:VERBOSE1:media_stream_manager.cc(1533)] MSPL::OnSpeedLimitChange({this=000063AC0232AD40}, {new_limit=62})
[88664:77012:0924/211311.897:VERBOSE1:media_stream_manager.cc(1533)] MSPL::OnSpeedLimitChange({this=000063AC0232AD40}, {new_limit=64})
[88664:77012:0924/211312.905:VERBOSE1:media_stream_manager.cc(1533)] MSPL::OnSpeedLimitChange({this=000063AC0232AD40}, {new_limit=63})
[88664:77012:0924/211314.894:VERBOSE1:media_stream_manager.cc(1533)] MSPL::OnSpeedLimitChange({this=000063AC0232AD40}, {new_limit=64})
[88664:77012:0924/211315.895:VERBOSE1:media_stream_manager.cc(1533)] MSPL::OnSpeedLimitChange({this=000063AC0232AD40}, {new_limit=63})
[88664:77012:0924/211316.906:VERBOSE1:media_stream_manager.cc(1533)] MSPL::OnSpeedLimitChange({this=000063AC0232AD40}, {new_limit=62})
[88664:77012:0924/211317.907:VERBOSE1:media_stream_manager.cc(1533)] MSPL::OnSpeedLimitChange({this=000063AC0232AD40}, {new_limit=64})
[88664:77012:0924/211319.899:VERBOSE1:media_stream_manager.cc(1533)] MSPL::OnSpeedLimitChange({this=000063AC0232AD40}, {new_limit=63})
[88664:77012:0924/211320.898:VERBOSE1:media_stream_manager.cc(1533)] MSPL::OnSpeedLimitChange({this=000063AC0232AD40}, {new_limit=64})
[88664:77012:0924/211321.896:VERBOSE1:media_stream_manager.cc(1533)] MSPL::OnSpeedLimitChange({this=000063AC0232AD40}, {new_limit=63})
[88664:77012:0924/211322.898:VERBOSE1:media_stream_manager.cc(1533)] MSPL::OnSpeedLimitChange({this=000063AC0232AD40}, {new_limit=64})
[88664:77012:0924/211323.906:VERBOSE1:media_stream_manager.cc(1533)] MSPL::OnSpeedLimitChange({this=000063AC0232AD40}, {new_limit=63})
[88664:77012:0924/211328.913:VERBOSE1:media_stream_manager.cc(1533)] MSPL::OnSpeedLimitChange({this=000063AC0232AD40}, {new_limit=65})
[88664:77012:0924/211329.918:VERBOSE1:media_stream_manager.cc(1533)] MSPL::OnSpeedLimitChange({this=000063AC0232AD40}, {new_limit=64})
[88664:77012:0924/211330.906:VERBOSE1:media_stream_manager.cc(1533)] MSPL::OnSpeedLimitChange({this=000063AC0232AD40}, {new_limit=63})
[88664:77012:0924/211335.924:VERBOSE1:media_stream_manager.cc(1533)] MSPL::OnSpeedLimitChange({this=000063AC0232AD40}, {new_limit=64})
[88664:77012:0924/211336.913:VERBOSE1:media_stream_manager.cc(1533)] MSPL::OnSpeedLimitChange({this=000063AC0232AD40}, {new_limit=63})
[88664:77012:0924/211337.919:VERBOSE1:media_stream_manager.cc(1533)] MSPL::OnSpeedLimitChange({this=000063AC0232AD40}, {new_limit=62})
[88664:77012:0924/211338.908:VERBOSE1:media_stream_manager.cc(1533)] MSPL::OnSpeedLimitChange({this=000063AC0232AD40}, {new_limit=61})
[88664:77012:0924/211339.928:VERBOSE1:media_stream_manager.cc(1533)] MSPL::OnSpeedLimitChange({this=000063AC0232AD40}, {new_limit=62})
[88664:77012:0924/211341.920:VERBOSE1:media_stream_manager.cc(1533)] MSPL::OnSpeedLimitChange({this=000063AC0232AD40}, {new_limit=63})
[88664:77012:0924/211342.929:VERBOSE1:media_stream_manager.cc(1533)] MSPL::OnSpeedLimitChange({this=000063AC0232AD40}, {new_limit=64})
[88664:77012:0924/211343.915:VERBOSE1:media_stream_manager.cc(1533)] MSPL::OnSpeedLimitChange({this=000063AC0232AD40}, {new_limit=63})
[88664:77012:0924/211344.918:VERBOSE1:media_stream_manager.cc(1533)] MSPL::OnSpeedLimitChange({this=000063AC0232AD40}, {new_limit=61})
[88664:77012:0924/211345.929:VERBOSE1:media_stream_manager.cc(1533)] MSPL::OnSpeedLimitChange({this=000063AC0232AD40}, {new_limit=62})
[88664:77012:0924/211346.917:VERBOSE1:media_stream_manager.cc(1533)] MSPL::OnSpeedLimitChange({this=000063AC0232AD40}, {new_limit=63})
[88664:77012:0924/211347.926:VERBOSE1:media_stream_manager.cc(1533)] MSPL::OnSpeedLimitChange({this=000063AC0232AD40}, {new_limit=62})
[88664:77012:0924/211351.932:VERBOSE1:media_stream_manager.cc(1533)] MSPL::OnSpeedLimitChange({this=000063AC0232AD40}, {new_limit=61})
[88664:77012:0924/211353.934:VERBOSE1:media_stream_manager.cc(1533)] MSPL::OnSpeedLimitChange({this=000063AC0232AD40}, {new_limit=62})
[88664:77012:0924/211354.927:VERBOSE1:media_stream_manager.cc(1533)] MSPL::OnSpeedLimitChange({this=000063AC0232AD40}, {new_limit=63})
[88664:77012:0924/211357.931:VERBOSE1:media_stream_manager.cc(1533)] MSPL::OnSpeedLimitChange({this=000063AC0232AD40}, {new_limit=64})
[88664:77012:0924/211400.924:VERBOSE1:media_stream_manager.cc(1533)] MSPL::OnSpeedLimitChange({this=000063AC0232AD40}, {new_limit=65})
[88664:77012:0924/211401.932:VERBOSE1:media_stream_manager.cc(1533)] MSPL::OnSpeedLimitChange({this=000063AC0232AD40}, {new_limit=64})
[88664:77012:0924/211405.922:VERBOSE1:media_stream_manager.cc(1533)] MSPL::OnSpeedLimitChange({this=000063AC0232AD40}, {new_limit=62})
[88664:77012:0924/211406.924:VERBOSE1:media_stream_manager.cc(1533)] MSPL::OnSpeedLimitChange({this=000063AC0232AD40}, {new_limit=61})
[88664:77012:0924/211407.938:VERBOSE1:media_stream_manager.cc(1533)] MSPL::OnSpeedLimitChange({this=000063AC0232AD40}, {new_limit=62})
[88664:77012:0924/211409.946:VERBOSE1:media_stream_manager.cc(1533)] MSPL::OnSpeedLimitChange({this=000063AC0232AD40}, {new_limit=60})
[88664:77012:0924/211411.935:VERBOSE1:media_stream_manager.cc(1533)] MSPL::OnSpeedLimitChange({this=000063AC0232AD40}, {new_limit=62})
[88664:77012:0924/211413.944:VERBOSE1:media_stream_manager.cc(1533)] MSPL::OnSpeedLimitChange({this=000063AC0232AD40}, {new_limit=61})
[88664:77012:0924/211414.930:VERBOSE1:media_stream_manager.cc(1533)] MSPL::OnSpeedLimitChange({this=000063AC0232AD40}, {new_limit=62})
[88664:77012:0924/211415.939:VERBOSE1:media_stream_manager.cc(1533)] MSPL::OnSpeedLimitChange({this=000063AC0232AD40}, {new_limit=63})
[88664:77012:0924/211417.935:VERBOSE1:media_stream_manager.cc(1533)] MSPL::OnSpeedLimitChange({this=000063AC0232AD40}, {new_limit=62})
[88664:77012:0924/211418.944:VERBOSE1:media_stream_manager.cc(1533)] MSPL::OnSpeedLimitChange({this=000063AC0232AD40}, {new_limit=63})
[88664:77012:0924/211419.946:VERBOSE1:media_stream_manager.cc(1533)] MSPL::OnSpeedLimitChange({this=000063AC0232AD40}, {new_limit=64})
[88664:77012:0924/211420.953:VERBOSE1:media_stream_manager.cc(1533)] MSPL::OnSpeedLimitChange({this=000063AC0232AD40}, {new_limit=62})
[88664:77012:0924/211423.959:VERBOSE1:media_stream_manager.cc(1533)] MSPL::OnSpeedLimitChange({this=000063AC0232AD40}, {new_limit=61})
[88664:77012:0924/211426.942:VERBOSE1:media_stream_manager.cc(1533)] MSPL::OnSpeedLimitChange({this=000063AC0232AD40}, {new_limit=60})
[88664:77012:0924/211427.947:VERBOSE1:media_stream_manager.cc(1533)] MSPL::OnSpeedLimitChange({this=000063AC0232AD40}, {new_limit=59})
[88664:77012:0924/211431.951:VERBOSE1:media_stream_manager.cc(1533)] MSPL::OnSpeedLimitChange({this=000063AC0232AD40}, {new_limit=58})
[88664:77012:0924/211433.952:VERBOSE1:media_stream_manager.cc(1533)] MSPL::OnSpeedLimitChange({this=000063AC0232AD40}, {new_limit=59})
[88664:77012:0924/211434.952:VERBOSE1:media_stream_manager.cc(1533)] MSPL::OnSpeedLimitChange({this=000063AC0232AD40}, {new_limit=58})
[88664:77012:0924/211435.969:VERBOSE1:media_stream_manager.cc(1533)] MSPL::OnSpeedLimitChange({this=000063AC0232AD40}, {new_limit=59})
[88664:77012:0924/211436.960:VERBOSE1:media_stream_manager.cc(1533)] MSPL::OnSpeedLimitChange({this=000063AC0232AD40}, {new_limit=60})
[88664:77012:0924/211439.948:VERBOSE1:media_stream_manager.cc(1533)] MSPL::OnSpeedLimitChange({this=000063AC0232AD40}, {new_limit=61})
[88664:77012:0924/211441.965:VERBOSE1:media_stream_manager.cc(1533)] MSPL::OnSpeedLimitChange({this=000063AC0232AD40}, {new_limit=62})
[88664:77012:0924/211442.950:VERBOSE1:media_stream_manager.cc(1533)] MSPL::OnSpeedLimitChange({this=000063AC0232AD40}, {new_limit=61})
[88664:77012:0924/211443.970:VERBOSE1:media_stream_manager.cc(1533)] MSPL::OnSpeedLimitChange({this=000063AC0232AD40}, {new_limit=62})
[88664:77012:0924/211449.956:VERBOSE1:media_stream_manager.cc(1533)] MSPL::OnSpeedLimitChange({this=000063AC0232AD40}, {new_limit=61})
[88664:77012:0924/211450.973:VERBOSE1:media_stream_manager.cc(1533)] MSPL::OnSpeedLimitChange({this=000063AC0232AD40}, {new_limit=62})
[88664:77012:0924/211452.959:VERBOSE1:media_stream_manager.cc(1533)] MSPL::OnSpeedLimitChange({this=000063AC0232AD40}, {new_limit=63})
[88664:77012:0924/211453.973:VERBOSE1:media_stream_manager.cc(1533)] MSPL::OnSpeedLimitChange({this=000063AC0232AD40}, {new_limit=62})
[88664:77012:0924/211457.968:VERBOSE1:media_stream_manager.cc(1533)] MSPL::OnSpeedLimitChange({this=000063AC0232AD40}, {new_limit=63})
[88664:77012:0924/211458.963:VERBOSE1:media_stream_manager.cc(1533)] MSPL::OnSpeedLimitChange({this=000063AC0232AD40}, {new_limit=62})
[88664:77012:0924/211501.966:VERBOSE1:media_stream_manager.cc(1533)] MSPL::OnSpeedLimitChange({this=000063AC0232AD40}, {new_limit=60})
[88664:77012:0924/211504.974:VERBOSE1:media_stream_manager.cc(1533)] MSPL::OnSpeedLimitChange({this=000063AC0232AD40}, {new_limit=61})
[88664:77012:0924/211505.982:VERBOSE1:media_stream_manager.cc(1533)] MSPL::OnSpeedLimitChange({this=000063AC0232AD40}, {new_limit=60})
[88664:77012:0924/211508.036:VERBOSE1:media_stream_manager.cc(1533)] MSPL::OnSpeedLimitChange({this=000063AC0232AD40}, {new_limit=58})
[88664:77012:0924/211508.983:VERBOSE1:media_stream_manager.cc(1533)] MSPL::OnSpeedLimitChange({this=000063AC0232AD40}, {new_limit=59})
[88664:77012:0924/211511.974:VERBOSE1:media_stream_manager.cc(1533)] MSPL::OnSpeedLimitChange({this=000063AC0232AD40}, {new_limit=60})
[88664:77012:0924/211512.982:VERBOSE1:media_stream_manager.cc(1533)] MSPL::OnSpeedLimitChange({this=000063AC0232AD40}, {new_limit=59})
[88664:77012:0924/211514.982:VERBOSE1:media_stream_manager.cc(1533)] MSPL::OnSpeedLimitChange({this=000063AC0232AD40}, {new_limit=58})
[88664:77012:0924/211517.989:VERBOSE1:media_stream_manager.cc(1533)] MSPL::OnSpeedLimitChange({this=000063AC0232AD40}, {new_limit=59})
[88664:77012:0924/211523.997:VERBOSE1:media_stream_manager.cc(1533)] MSPL::OnSpeedLimitChange({this=000063AC0232AD40}, {new_limit=58})
[88664:77012:0924/211524.984:VERBOSE1:media_stream_manager.cc(1533)] MSPL::OnSpeedLimitChange({this=000063AC0232AD40}, {new_limit=59})
[88664:77012:0924/211525.995:VERBOSE1:media_stream_manager.cc(1533)] MSPL::OnSpeedLimitChange({this=000063AC0232AD40}, {new_limit=58})
[88664:77012:0924/211531.996:VERBOSE1:media_stream_manager.cc(1533)] MSPL::OnSpeedLimitChange({this=000063AC0232AD40}, {new_limit=57})
[88664:77012:0924/211533.996:VERBOSE1:media_stream_manager.cc(1533)] MSPL::OnSpeedLimitChange({this=000063AC0232AD40}, {new_limit=56})
[88664:77012:0924/211535.993:VERBOSE1:media_stream_manager.cc(1533)] MSPL::OnSpeedLimitChange({this=000063AC0232AD40}, {new_limit=57})
[88664:77012:0924/211537.005:VERBOSE1:media_stream_manager.cc(1533)] MSPL::OnSpeedLimitChange({this=000063AC0232AD40}, {new_limit=56})
[88664:77012:0924/211539.007:VERBOSE1:media_stream_manager.cc(1533)] MSPL::OnSpeedLimitChange({this=000063AC0232AD40}, {new_limit=58})
[88664:77012:0924/211541.012:VERBOSE1:media_stream_manager.cc(1533)] MSPL::OnSpeedLimitChange({this=000063AC0232AD40}, {new_limit=57})
[88664:77012:0924/211542.063:VERBOSE1:media_stream_manager.cc(1533)] MSPL::OnSpeedLimitChange({this=000063AC0232AD40}, {new_limit=60})
[88664:77012:0924/211546.001:VERBOSE1:media_stream_manager.cc(1533)] MSPL::OnSpeedLimitChange({this=000063AC0232AD40}, {new_limit=61})
[88664:77012:0924/211551.003:VERBOSE1:media_stream_manager.cc(1533)] MSPL::OnSpeedLimitChange({this=000063AC0232AD40}, {new_limit=62})
[88664:77012:0924/211552.003:VERBOSE1:media_stream_manager.cc(1533)] MSPL::OnSpeedLimitChange({this=000063AC0232AD40}, {new_limit=60})
[88664:77012:0924/211553.002:VERBOSE1:media_stream_manager.cc(1533)] MSPL::OnSpeedLimitChange({this=000063AC0232AD40}, {new_limit=61})
[88664:77012:0924/211554.005:VERBOSE1:media_stream_manager.cc(1533)] MSPL::OnSpeedLimitChange({this=000063AC0232AD40}, {new_limit=62})
[88664:77012:0924/211557.010:VERBOSE1:media_stream_manager.cc(1533)] MSPL::OnSpeedLimitChange({this=000063AC0232AD40}, {new_limit=63})
[88664:77012:0924/211558.018:VERBOSE1:media_stream_manager.cc(1533)] MSPL::OnSpeedLimitChange({this=000063AC0232AD40}, {new_limit=62})
[88664:77012:0924/211559.024:VERBOSE1:media_stream_manager.cc(1533)] MSPL::OnSpeedLimitChange({this=000063AC0232AD40}, {new_limit=61})
[88664:77012:0924/211600.027:VERBOSE1:media_stream_manager.cc(1533)] MSPL::OnSpeedLimitChange({this=000063AC0232AD40}, {new_limit=60})
[88664:77012:0924/211601.014:VERBOSE1:media_stream_manager.cc(1533)] MSPL::OnSpeedLimitChange({this=000063AC0232AD40}, {new_limit=59})
[88664:77012:0924/211606.016:VERBOSE1:media_stream_manager.cc(1533)] MSPL::OnSpeedLimitChange({this=000063AC0232AD40}, {new_limit=58})
[88664:77012:0924/211608.028:VERBOSE1:media_stream_manager.cc(1533)] MSPL::OnSpeedLimitChange({this=000063AC0232AD40}, {new_limit=60})
[88664:77012:0924/211609.028:VERBOSE1:media_stream_manager.cc(1533)] MSPL::OnSpeedLimitChange({this=000063AC0232AD40}, {new_limit=59})
[88664:77012:0924/211611.022:VERBOSE1:media_stream_manager.cc(1533)] MSPL::OnSpeedLimitChange({this=000063AC0232AD40}, {new_limit=60})
[88664:77012:0924/211612.029:VERBOSE1:media_stream_manager.cc(1533)] MSPL::OnSpeedLimitChange({this=000063AC0232AD40}, {new_limit=59})
[88664:77012:0924/211613.038:VERBOSE1:media_stream_manager.cc(1533)] MSPL::OnSpeedLimitChange({this=000063AC0232AD40}, {new_limit=60})
[88664:77012:0924/211614.032:VERBOSE1:media_stream_manager.cc(1533)] MSPL::OnSpeedLimitChange({this=000063AC0232AD40}, {new_limit=59})
[88664:77012:0924/211615.033:VERBOSE1:media_stream_manager.cc(1533)] MSPL::OnSpeedLimitChange({this=000063AC0232AD40}, {new_limit=60})
[88664:77012:0924/211616.032:VERBOSE1:media_stream_manager.cc(1533)] MSPL::OnSpeedLimitChange({this=000063AC0232AD40}, {new_limit=59})
[88664:77012:0924/211618.039:VERBOSE1:media_stream_manager.cc(1533)] MSPL::OnSpeedLimitChange({this=000063AC0232AD40}, {new_limit=58})
[88664:77012:0924/211620.037:VERBOSE1:media_stream_manager.cc(1533)] MSPL::OnSpeedLimitChange({this=000063AC0232AD40}, {new_limit=60})
[88664:77012:0924/211621.032:VERBOSE1:media_stream_manager.cc(1533)] MSPL::OnSpeedLimitChange({this=000063AC0232AD40}, {new_limit=58})
[88664:77012:0924/211622.028:VERBOSE1:media_stream_manager.cc(1533)] MSPL::OnSpeedLimitChange({this=000063AC0232AD40}, {new_limit=59})
[88664:77012:0924/211623.029:VERBOSE1:media_stream_manager.cc(1533)] MSPL::OnSpeedLimitChange({this=000063AC0232AD40}, {new_limit=57})
[88664:77012:0924/211624.032:VERBOSE1:media_stream_manager.cc(1533)] MSPL::OnSpeedLimitChange({this=000063AC0232AD40}, {new_limit=56})
[88664:77012:0924/211625.030:VERBOSE1:media_stream_manager.cc(1533)] MSPL::OnSpeedLimitChange({this=000063AC0232AD40}, {new_limit=55})
[88664:77012:0924/211626.029:VERBOSE1:media_stream_manager.cc(1533)] MSPL::OnSpeedLimitChange({this=000063AC0232AD40}, {new_limit=57})
[88664:77012:0924/211630.046:VERBOSE1:media_stream_manager.cc(1533)] MSPL::OnSpeedLimitChange({this=000063AC0232AD40}, {new_limit=58})
[88664:77012:0924/211631.059:VERBOSE1:media_stream_manager.cc(1533)] MSPL::OnSpeedLimitChange({this=000063AC0232AD40}, {new_limit=59})
[88664:77012:0924/211632.047:VERBOSE1:media_stream_manager.cc(1533)] MSPL::OnSpeedLimitChange({this=000063AC0232AD40}, {new_limit=58})
[88664:77012:0924/211633.037:VERBOSE1:media_stream_manager.cc(1533)] MSPL::OnSpeedLimitChange({this=000063AC0232AD40}, {new_limit=61})
[88664:77012:0924/211636.043:VERBOSE1:media_stream_manager.cc(1533)] MSPL::OnSpeedLimitChange({this=000063AC0232AD40}, {new_limit=60})
[88664:77012:0924/211637.048:VERBOSE1:media_stream_manager.cc(1533)] MSPL::OnSpeedLimitChange({this=000063AC0232AD40}, {new_limit=62})
[88664:77012:0924/211639.053:VERBOSE1:media_stream_manager.cc(1533)] MSPL::OnSpeedLimitChange({this=000063AC0232AD40}, {new_limit=61})
[88664:77012:0924/211641.054:VERBOSE1:media_stream_manager.cc(1533)] MSPL::OnSpeedLimitChange({this=000063AC0232AD40}, {new_limit=60})
[88664:77012:0924/211642.057:VERBOSE1:media_stream_manager.cc(1533)] MSPL::OnSpeedLimitChange({this=000063AC0232AD40}, {new_limit=59})
[88664:77012:0924/211643.052:VERBOSE1:media_stream_manager.cc(1533)] MSPL::OnSpeedLimitChange({this=000063AC0232AD40}, {new_limit=58})
[88664:77012:0924/211644.057:VERBOSE1:media_stream_manager.cc(1533)] MSPL::OnSpeedLimitChange({this=000063AC0232AD40}, {new_limit=60})
[88664:77012:0924/211645.071:VERBOSE1:media_stream_manager.cc(1533)] MSPL::OnSpeedLimitChange({this=000063AC0232AD40}, {new_limit=62})
[88664:77012:0924/211646.060:VERBOSE1:media_stream_manager.cc(1533)] MSPL::OnSpeedLimitChange({this=000063AC0232AD40}, {new_limit=61})
[88664:77012:0924/211650.052:VERBOSE1:media_stream_manager.cc(1533)] MSPL::OnSpeedLimitChange({this=000063AC0232AD40}, {new_limit=60})
[88664:77012:0924/211651.064:VERBOSE1:media_stream_manager.cc(1533)] MSPL::OnSpeedLimitChange({this=000063AC0232AD40}, {new_limit=61})
[88664:77012:0924/211653.053:VERBOSE1:media_stream_manager.cc(1533)] MSPL::OnSpeedLimitChange({this=000063AC0232AD40}, {new_limit=63})
[88664:77012:0924/211654.052:VERBOSE1:media_stream_manager.cc(1533)] MSPL::OnSpeedLimitChange({this=000063AC0232AD40}, {new_limit=62})
[88664:77012:0924/211655.060:VERBOSE1:media_stream_manager.cc(1533)] MSPL::OnSpeedLimitChange({this=000063AC0232AD40}, {new_limit=61})
[88664:77012:0924/211656.065:VERBOSE1:media_stream_manager.cc(1533)] MSPL::OnSpeedLimitChange({this=000063AC0232AD40}, {new_limit=60})
[88664:77012:0924/211700.059:VERBOSE1:media_stream_manager.cc(1533)] MSPL::OnSpeedLimitChange({this=000063AC0232AD40}, {new_limit=59})
[88664:77012:0924/211701.073:VERBOSE1:media_stream_manager.cc(1533)] MSPL::OnSpeedLimitChange({this=000063AC0232AD40}, {new_limit=60})
[88664:77012:0924/211702.066:VERBOSE1:media_stream_manager.cc(1533)] MSPL::OnSpeedLimitChange({this=000063AC0232AD40}, {new_limit=61})
[88664:77012:0924/211703.063:VERBOSE1:media_stream_manager.cc(1533)] MSPL::OnSpeedLimitChange({this=000063AC0232AD40}, {new_limit=59})
[88664:77012:0924/211710.097:VERBOSE1:media_stream_manager.cc(1533)] MSPL::OnSpeedLimitChange({this=000063AC0232AD40}, {new_limit=60})
[88664:77012:0924/211711.077:VERBOSE1:media_stream_manager.cc(1533)] MSPL::OnSpeedLimitChange({this=000063AC0232AD40}, {new_limit=59})
[88664:77012:0924/211712.080:VERBOSE1:media_stream_manager.cc(1533)] MSPL::OnSpeedLimitChange({this=000063AC0232AD40}, {new_limit=60})
[88664:77012:0924/211713.074:VERBOSE1:media_stream_manager.cc(1533)] MSPL::OnSpeedLimitChange({this=000063AC0232AD40}, {new_limit=59})
[88664:77012:0924/211715.073:VERBOSE1:media_stream_manager.cc(1533)] MSPL::OnSpeedLimitChange({this=000063AC0232AD40}, {new_limit=58})
[88664:77012:0924/211716.076:VERBOSE1:media_stream_manager.cc(1533)] MSPL::OnSpeedLimitChange({this=000063AC0232AD40}, {new_limit=57})
[88664:77012:0924/211717.079:VERBOSE1:media_stream_manager.cc(1533)] MSPL::OnSpeedLimitChange({this=000063AC0232AD40}, {new_limit=56})
[88664:77012:0924/211718.077:VERBOSE1:media_stream_manager.cc(1533)] MSPL::OnSpeedLimitChange({this=000063AC0232AD40}, {new_limit=54})
[88664:77012:0924/211720.092:VERBOSE1:media_stream_manager.cc(1533)] MSPL::OnSpeedLimitChange({this=000063AC0232AD40}, {new_limit=51})
[88664:77012:0924/211721.088:VERBOSE1:media_stream_manager.cc(1533)] MSPL::OnSpeedLimitChange({this=000063AC0232AD40}, {new_limit=50})
[88664:77012:0924/211722.080:VERBOSE1:media_stream_manager.cc(1533)] MSPL::OnSpeedLimitChange({this=000063AC0232AD40}, {new_limit=47})
[88664:77012:0924/211724.090:VERBOSE1:media_stream_manager.cc(1533)] MSPL::OnSpeedLimitChange({this=000063AC0232AD40}, {new_limit=46})
[88664:77012:0924/211726.088:VERBOSE1:media_stream_manager.cc(1533)] MSPL::OnSpeedLimitChange({this=000063AC0232AD40}, {new_limit=47})
[88664:77012:0924/211727.085:VERBOSE1:media_stream_manager.cc(1533)] MSPL::OnSpeedLimitChange({this=000063AC0232AD40}, {new_limit=48})
[88664:77012:0924/211729.098:VERBOSE1:media_stream_manager.cc(1533)] MSPL::OnSpeedLimitChange({this=000063AC0232AD40}, {new_limit=49})
[88664:77012:0924/211730.092:VERBOSE1:media_stream_manager.cc(1533)] MSPL::OnSpeedLimitChange({this=000063AC0232AD40}, {new_limit=51})
[88664:77012:0924/211731.090:VERBOSE1:media_stream_manager.cc(1533)] MSPL::OnSpeedLimitChange({this=000063AC0232AD40}, {new_limit=52})
[88664:77012:0924/211732.084:VERBOSE1:media_stream_manager.cc(1533)] MSPL::OnSpeedLimitChange({this=000063AC0232AD40}, {new_limit=54})
[88664:77012:0924/211733.094:VERBOSE1:media_stream_manager.cc(1533)] MSPL::OnSpeedLimitChange({this=000063AC0232AD40}, {new_limit=56})
[88664:77012:0924/211737.098:VERBOSE1:media_stream_manager.cc(1533)] MSPL::OnSpeedLimitChange({this=000063AC0232AD40}, {new_limit=55})
[88664:77012:0924/211738.098:VERBOSE1:media_stream_manager.cc(1533)] MSPL::OnSpeedLimitChange({this=000063AC0232AD40}, {new_limit=54})
[88664:77012:0924/211739.095:VERBOSE1:media_stream_manager.cc(1533)] MSPL::OnSpeedLimitChange({this=000063AC0232AD40}, {new_limit=55})
[88664:77012:0924/211740.097:VERBOSE1:media_stream_manager.cc(1533)] MSPL::OnSpeedLimitChange({this=000063AC0232AD40}, {new_limit=54})
[88664:77012:0924/211743.091:VERBOSE1:media_stream_manager.cc(1533)] MSPL::OnSpeedLimitChange({this=000063AC0232AD40}, {new_limit=52})
[88664:77012:0924/211745.097:VERBOSE1:media_stream_manager.cc(1533)] MSPL::OnSpeedLimitChange({this=000063AC0232AD40}, {new_limit=54})
[88664:77012:0924/211747.096:VERBOSE1:media_stream_manager.cc(1533)] MSPL::OnSpeedLimitChange({this=000063AC0232AD40}, {new_limit=53})
[88664:77012:0924/211748.099:VERBOSE1:media_stream_manager.cc(1533)] MSPL::OnSpeedLimitChange({this=000063AC0232AD40}, {new_limit=55})
[88664:77012:0924/211750.100:VERBOSE1:media_stream_manager.cc(1533)] MSPL::OnSpeedLimitChange({this=000063AC0232AD40}, {new_limit=56})
[88664:77012:0924/211751.109:VERBOSE1:media_stream_manager.cc(1533)] MSPL::OnSpeedLimitChange({this=000063AC0232AD40}, {new_limit=55})
[88664:77012:0924/211752.099:VERBOSE1:media_stream_manager.cc(1533)] MSPL::OnSpeedLimitChange({this=000063AC0232AD40}, {new_limit=56})
[88664:77012:0924/211753.100:VERBOSE1:media_stream_manager.cc(1533)] MSPL::OnSpeedLimitChange({this=000063AC0232AD40}, {new_limit=58})
[88664:77012:0924/211754.107:VERBOSE1:media_stream_manager.cc(1533)] MSPL::OnSpeedLimitChange({this=000063AC0232AD40}, {new_limit=59})
[88664:77012:0924/211755.103:VERBOSE1:media_stream_manager.cc(1533)] MSPL::OnSpeedLimitChange({this=000063AC0232AD40}, {new_limit=58})
[88664:77012:0924/211756.106:VERBOSE1:media_stream_manager.cc(1533)] MSPL::OnSpeedLimitChange({this=000063AC0232AD40}, {new_limit=60})
[88664:77012:0924/211757.109:VERBOSE1:media_stream_manager.cc(1533)] MSPL::OnSpeedLimitChange({this=000063AC0232AD40}, {new_limit=61})
[88664:77012:0924/211758.116:VERBOSE1:media_stream_manager.cc(1533)] MSPL::OnSpeedLimitChange({this=000063AC0232AD40}, {new_limit=59})
[88664:77012:0924/211759.104:VERBOSE1:media_stream_manager.cc(1533)] MSPL::OnSpeedLimitChange({this=000063AC0232AD40}, {new_limit=60})
[88664:77012:0924/211800.104:VERBOSE1:media_stream_manager.cc(1533)] MSPL::OnSpeedLimitChange({this=000063AC0232AD40}, {new_limit=58})
[88664:77012:0924/211801.109:VERBOSE1:media_stream_manager.cc(1533)] MSPL::OnSpeedLimitChange({this=000063AC0232AD40}, {new_limit=60})
[88664:77012:0924/211802.121:VERBOSE1:media_stream_manager.cc(1533)] MSPL::OnSpeedLimitChange({this=000063AC0232AD40}, {new_limit=58})
[88664:77012:0924/211803.108:VERBOSE1:media_stream_manager.cc(1533)] MSPL::OnSpeedLimitChange({this=000063AC0232AD40}, {new_limit=59})
[88664:77012:0924/211804.105:VERBOSE1:media_stream_manager.cc(1533)] MSPL::OnSpeedLimitChange({this=000063AC0232AD40}, {new_limit=58})
[88664:77012:0924/211810.123:VERBOSE1:media_stream_manager.cc(1533)] MSPL::OnSpeedLimitChange({this=000063AC0232AD40}, {new_limit=60})
[88664:77012:0924/211811.110:VERBOSE1:media_stream_manager.cc(1533)] MSPL::OnSpeedLimitChange({this=000063AC0232AD40}, {new_limit=59})
[88664:77012:0924/211813.117:VERBOSE1:media_stream_manager.cc(1533)] MSPL::OnSpeedLimitChange({this=000063AC0232AD40}, {new_limit=58})
[88664:77012:0924/211815.119:VERBOSE1:media_stream_manager.cc(1533)] MSPL::OnSpeedLimitChange({this=000063AC0232AD40}, {new_limit=59})
[88664:77012:0924/211816.134:VERBOSE1:media_stream_manager.cc(1533)] MSPL::OnSpeedLimitChange({this=000063AC0232AD40}, {new_limit=58})
[88664:77012:0924/211818.123:VERBOSE1:media_stream_manager.cc(1533)] MSPL::OnSpeedLimitChange({this=000063AC0232AD40}, {new_limit=59})
[88664:77012:0924/211819.117:VERBOSE1:media_stream_manager.cc(1533)] MSPL::OnSpeedLimitChange({this=000063AC0232AD40}, {new_limit=60})
[88664:77012:0924/211821.130:VERBOSE1:media_stream_manager.cc(1533)] MSPL::OnSpeedLimitChange({this=000063AC0232AD40}, {new_limit=62})
[88664:77012:0924/211822.128:VERBOSE1:media_stream_manager.cc(1533)] MSPL::OnSpeedLimitChange({this=000063AC0232AD40}, {new_limit=63})
[88664:77012:0924/211823.134:VERBOSE1:media_stream_manager.cc(1533)] MSPL::OnSpeedLimitChange({this=000063AC0232AD40}, {new_limit=62})
[88664:77012:0924/211824.134:VERBOSE1:media_stream_manager.cc(1533)] MSPL::OnSpeedLimitChange({this=000063AC0232AD40}, {new_limit=63})
[88664:77012:0924/211825.133:VERBOSE1:media_stream_manager.cc(1533)] MSPL::OnSpeedLimitChange({this=000063AC0232AD40}, {new_limit=62})
[88664:77012:0924/211826.120:VERBOSE1:media_stream_manager.cc(1533)] MSPL::OnSpeedLimitChange({this=000063AC0232AD40}, {new_limit=61})
[88664:77012:0924/211827.132:VERBOSE1:media_stream_manager.cc(1533)] MSPL::OnSpeedLimitChange({this=000063AC0232AD40}, {new_limit=60})
[88664:77012:0924/211830.128:VERBOSE1:media_stream_manager.cc(1533)] MSPL::OnSpeedLimitChange({this=000063AC0232AD40}, {new_limit=58})
[88664:77012:0924/211833.126:VERBOSE1:media_stream_manager.cc(1533)] MSPL::OnSpeedLimitChange({this=000063AC0232AD40}, {new_limit=57})
[88664:77012:0924/211834.139:VERBOSE1:media_stream_manager.cc(1533)] MSPL::OnSpeedLimitChange({this=000063AC0232AD40}, {new_limit=55})
[88664:77012:0924/211835.132:VERBOSE1:media_stream_manager.cc(1533)] MSPL::OnSpeedLimitChange({this=000063AC0232AD40}, {new_limit=56})
[88664:77012:0924/211836.502:VERBOSE1:media_stream_manager.cc(1533)] MSPL::OnSpeedLimitChange({this=000063AC0232AD40}, {new_limit=100})
[88664:77012:0924/211850.138:VERBOSE1:media_stream_manager.cc(1533)] MSPL::OnSpeedLimitChange({this=000063AC0232AD40}, {new_limit=62})
[88664:77012:0924/211851.143:VERBOSE1:media_stream_manager.cc(1533)] MSPL::OnSpeedLimitChange({this=000063AC0232AD40}, {new_limit=63})
[88664:77012:0924/211852.143:VERBOSE1:media_stream_manager.cc(1533)] MSPL::OnSpeedLimitChange({this=000063AC0232AD40}, {new_limit=64})
[88664:77012:0924/211853.154:VERBOSE1:media_stream_manager.cc(1533)] MSPL::OnSpeedLimitChange({this=000063AC0232AD40}, {new_limit=63})
[88664:77012:0924/211854.151:VERBOSE1:media_stream_manager.cc(1533)] MSPL::OnSpeedLimitChange({this=000063AC0232AD40}, {new_limit=62})
[88664:77012:0924/211855.148:VERBOSE1:media_stream_manager.cc(1533)] MSPL::OnSpeedLimitChange({this=000063AC0232AD40}, {new_limit=61})
[88664:77012:0924/211856.158:VERBOSE1:media_stream_manager.cc(1533)] MSPL::OnSpeedLimitChange({this=000063AC0232AD40}, {new_limit=60})
[88664:77012:0924/211857.147:VERBOSE1:media_stream_manager.cc(1533)] MSPL::OnSpeedLimitChange({this=000063AC0232AD40}, {new_limit=59})
[88664:77012:0924/211858.512:VERBOSE1:media_stream_manager.cc(1533)] MSPL::OnSpeedLimitChange({this=000063AC0232AD40}, {new_limit=63})
[88664:77012:0924/211859.156:VERBOSE1:media_stream_manager.cc(1533)] MSPL::OnSpeedLimitChange({this=000063AC0232AD40}, {new_limit=62})
[88664:77012:0924/211900.163:VERBOSE1:media_stream_manager.cc(1533)] MSPL::OnSpeedLimitChange({this=000063AC0232AD40}, {new_limit=60})
[88664:77012:0924/211901.161:VERBOSE1:media_stream_manager.cc(1533)] MSPL::OnSpeedLimitChange({this=000063AC0232AD40}, {new_limit=59})
[88664:77012:0924/211902.155:VERBOSE1:media_stream_manager.cc(1533)] MSPL::OnSpeedLimitChange({this=000063AC0232AD40}, {new_limit=60})
[88664:77012:0924/211903.163:VERBOSE1:media_stream_manager.cc(1533)] MSPL::OnSpeedLimitChange({this=000063AC0232AD40}, {new_limit=59})
[88664:77012:0924/211905.157:VERBOSE1:media_stream_manager.cc(1533)] MSPL::OnSpeedLimitChange({this=000063AC0232AD40}, {new_limit=60})
[88664:77012:0924/211906.152:VERBOSE1:media_stream_manager.cc(1533)] MSPL::OnSpeedLimitChange({this=000063AC0232AD40}, {new_limit=59})
[88664:77012:0924/211908.154:VERBOSE1:media_stream_manager.cc(1533)] MSPL::OnSpeedLimitChange({this=000063AC0232AD40}, {new_limit=57})
[88664:77012:0924/211910.171:VERBOSE1:media_stream_manager.cc(1533)] MSPL::OnSpeedLimitChange({this=000063AC0232AD40}, {new_limit=58})
[88664:77012:0924/211911.156:VERBOSE1:media_stream_manager.cc(1533)] MSPL::OnSpeedLimitChange({this=000063AC0232AD40}, {new_limit=57})
[88664:77012:0924/211913.171:VERBOSE1:media_stream_manager.cc(1533)] MSPL::OnSpeedLimitChange({this=000063AC0232AD40}, {new_limit=58})
[88664:77012:0924/211916.173:VERBOSE1:media_stream_manager.cc(1533)] MSPL::OnSpeedLimitChange({this=000063AC0232AD40}, {new_limit=60})
[88664:77012:0924/211918.172:VERBOSE1:media_stream_manager.cc(1533)] MSPL::OnSpeedLimitChange({this=000063AC0232AD40}, {new_limit=59})
[88664:77012:0924/211920.176:VERBOSE1:media_stream_manager.cc(1533)] MSPL::OnSpeedLimitChange({this=000063AC0232AD40}, {new_limit=60})
[88664:77012:0924/211925.172:VERBOSE1:media_stream_manager.cc(1533)] MSPL::OnSpeedLimitChange({this=000063AC0232AD40}, {new_limit=58})
[88664:77012:0924/211926.181:VERBOSE1:media_stream_manager.cc(1533)] MSPL::OnSpeedLimitChange({this=000063AC0232AD40}, {new_limit=56})
[88664:77012:0924/211927.180:VERBOSE1:media_stream_manager.cc(1533)] MSPL::OnSpeedLimitChange({this=000063AC0232AD40}, {new_limit=57})
[88664:77012:0924/211928.174:VERBOSE1:media_stream_manager.cc(1533)] MSPL::OnSpeedLimitChange({this=000063AC0232AD40}, {new_limit=58})
[88664:77012:0924/211931.178:VERBOSE1:media_stream_manager.cc(1533)] MSPL::OnSpeedLimitChange({this=000063AC0232AD40}, {new_limit=57})
[88664:77012:0924/211935.190:VERBOSE1:media_stream_manager.cc(1533)] MSPL::OnSpeedLimitChange({this=000063AC0232AD40}, {new_limit=58})
[88664:77012:0924/211936.193:VERBOSE1:media_stream_manager.cc(1533)] MSPL::OnSpeedLimitChange({this=000063AC0232AD40}, {new_limit=60})
[88664:77012:0924/211939.183:VERBOSE1:media_stream_manager.cc(1533)] MSPL::OnSpeedLimitChange({this=000063AC0232AD40}, {new_limit=59})
[88664:77012:0924/211940.193:VERBOSE1:media_stream_manager.cc(1533)] MSPL::OnSpeedLimitChange({this=000063AC0232AD40}, {new_limit=60})
[88664:77012:0924/211941.190:VERBOSE1:media_stream_manager.cc(1533)] MSPL::OnSpeedLimitChange({this=000063AC0232AD40}, {new_limit=61})
[88664:77012:0924/211942.192:VERBOSE1:media_stream_manager.cc(1533)] MSPL::OnSpeedLimitChange({this=000063AC0232AD40}, {new_limit=60})
[88664:77012:0924/211943.196:VERBOSE1:media_stream_manager.cc(1533)] MSPL::OnSpeedLimitChange({this=000063AC0232AD40}, {new_limit=61})
[88664:77012:0924/211946.195:VERBOSE1:media_stream_manager.cc(1533)] MSPL::OnSpeedLimitChange({this=000063AC0232AD40}, {new_limit=59})
[88664:77012:0924/211948.189:VERBOSE1:media_stream_manager.cc(1533)] MSPL::OnSpeedLimitChange({this=000063AC0232AD40}, {new_limit=58})
[88664:77012:0924/211949.189:VERBOSE1:media_stream_manager.cc(1533)] MSPL::OnSpeedLimitChange({this=000063AC0232AD40}, {new_limit=59})
[88664:77012:0924/211950.188:VERBOSE1:media_stream_manager.cc(1533)] MSPL::OnSpeedLimitChange({this=000063AC0232AD40}, {new_limit=58})
[88664:77012:0924/211951.194:VERBOSE1:media_stream_manager.cc(1533)] MSPL::OnSpeedLimitChange({this=000063AC0232AD40}, {new_limit=57})
[88664:77012:0924/211953.199:VERBOSE1:media_stream_manager.cc(1533)] MSPL::OnSpeedLimitChange({this=000063AC0232AD40}, {new_limit=56})
[88664:77012:0924/211956.193:VERBOSE1:media_stream_manager.cc(1533)] MSPL::OnSpeedLimitChange({this=000063AC0232AD40}, {new_limit=57})
[88664:77012:0924/211957.190:VERBOSE1:media_stream_manager.cc(1533)] MSPL::OnSpeedLimitChange({this=000063AC0232AD40}, {new_limit=56})
[88664:77012:0924/211958.195:VERBOSE1:media_stream_manager.cc(1533)] MSPL::OnSpeedLimitChange({this=000063AC0232AD40}, {new_limit=57})
[88664:77012:0924/211959.192:VERBOSE1:media_stream_manager.cc(1533)] MSPL::OnSpeedLimitChange({this=000063AC0232AD40}, {new_limit=58})
[88664:77012:0924/212001.203:VERBOSE1:media_stream_manager.cc(1533)] MSPL::OnSpeedLimitChange({this=000063AC0232AD40}, {new_limit=57})
[88664:77012:0924/212002.205:VERBOSE1:media_stream_manager.cc(1533)] MSPL::OnSpeedLimitChange({this=000063AC0232AD40}, {new_limit=59})
[88664:77012:0924/212006.208:VERBOSE1:media_stream_manager.cc(1533)] MSPL::OnSpeedLimitChange({this=000063AC0232AD40}, {new_limit=60})
[88664:77012:0924/212008.206:VERBOSE1:media_stream_manager.cc(1533)] MSPL::OnSpeedLimitChange({this=000063AC0232AD40}, {new_limit=59})
[88664:77012:0924/212009.206:VERBOSE1:media_stream_manager.cc(1533)] MSPL::OnSpeedLimitChange({this=000063AC0232AD40}, {new_limit=57})
[88664:77012:0924/212011.209:VERBOSE1:media_stream_manager.cc(1533)] MSPL::OnSpeedLimitChange({this=000063AC0232AD40}, {new_limit=58})
[88664:77012:0924/212012.212:VERBOSE1:media_stream_manager.cc(1533)] MSPL::OnSpeedLimitChange({this=000063AC0232AD40}, {new_limit=57})
[88664:77012:0924/212013.467:VERBOSE1:media_stream_manager.cc(1533)] MSPL::OnSpeedLimitChange({this=000063AC0232AD40}, {new_limit=59})
[88664:77012:0924/212015.217:VERBOSE1:media_stream_manager.cc(1533)] MSPL::OnSpeedLimitChange({this=000063AC0232AD40}, {new_limit=57})
[88664:77012:0924/212017.218:VERBOSE1:media_stream_manager.cc(1533)] MSPL::OnSpeedLimitChange({this=000063AC0232AD40}, {new_limit=58})
[88664:77012:0924/212019.219:VERBOSE1:media_stream_manager.cc(1533)] MSPL::OnSpeedLimitChange({this=000063AC0232AD40}, {new_limit=59})
[88664:77012:0924/212020.214:VERBOSE1:media_stream_manager.cc(1533)] MSPL::OnSpeedLimitChange({this=000063AC0232AD40}, {new_limit=61})
[88664:77012:0924/212023.218:VERBOSE1:media_stream_manager.cc(1533)] MSPL::OnSpeedLimitChange({this=000063AC0232AD40}, {new_limit=59})
[88664:77012:0924/212024.217:VERBOSE1:media_stream_manager.cc(1533)] MSPL::OnSpeedLimitChange({this=000063AC0232AD40}, {new_limit=60})
[88664:77012:0924/212025.227:VERBOSE1:media_stream_manager.cc(1533)] MSPL::OnSpeedLimitChange({this=000063AC0232AD40}, {new_limit=62})
[88664:77012:0924/212026.212:VERBOSE1:media_stream_manager.cc(1533)] MSPL::OnSpeedLimitChange({this=000063AC0232AD40}, {new_limit=61})
[88664:77012:0924/212028.218:VERBOSE1:media_stream_manager.cc(1533)] MSPL::OnSpeedLimitChange({this=000063AC0232AD40}, {new_limit=62})
[88664:77012:0924/212029.225:VERBOSE1:media_stream_manager.cc(1533)] MSPL::OnSpeedLimitChange({this=000063AC0232AD40}, {new_limit=61})
[88664:77012:0924/212031.224:VERBOSE1:media_stream_manager.cc(1533)] MSPL::OnSpeedLimitChange({this=000063AC0232AD40}, {new_limit=60})
[88664:77012:0924/212032.228:VERBOSE1:media_stream_manager.cc(1533)] MSPL::OnSpeedLimitChange({this=000063AC0232AD40}, {new_limit=59})
[88664:77012:0924/212033.224:VERBOSE1:media_stream_manager.cc(1533)] MSPL::OnSpeedLimitChange({this=000063AC0232AD40}, {new_limit=60})
[88664:77012:0924/212036.239:VERBOSE1:media_stream_manager.cc(1533)] MSPL::OnSpeedLimitChange({this=000063AC0232AD40}, {new_limit=61})
[88664:77012:0924/212037.234:VERBOSE1:media_stream_manager.cc(1533)] MSPL::OnSpeedLimitChange({this=000063AC0232AD40}, {new_limit=59})
[88664:77012:0924/212040.235:VERBOSE1:media_stream_manager.cc(1533)] MSPL::OnSpeedLimitChange({this=000063AC0232AD40}, {new_limit=58})
[88664:77012:0924/212042.226:VERBOSE1:media_stream_manager.cc(1533)] MSPL::OnSpeedLimitChange({this=000063AC0232AD40}, {new_limit=60})
[88664:77012:0924/212043.238:VERBOSE1:media_stream_manager.cc(1533)] MSPL::OnSpeedLimitChange({this=000063AC0232AD40}, {new_limit=58})
[88664:77012:0924/212045.242:VERBOSE1:media_stream_manager.cc(1533)] MSPL::OnSpeedLimitChange({this=000063AC0232AD40}, {new_limit=57})
[88664:77012:0924/212046.230:VERBOSE1:media_stream_manager.cc(1533)] MSPL::OnSpeedLimitChange({this=000063AC0232AD40}, {new_limit=58})
[88664:77012:0924/212047.234:VERBOSE1:media_stream_manager.cc(1533)] MSPL::OnSpeedLimitChange({this=000063AC0232AD40}, {new_limit=59})
[88664:77012:0924/212048.228:VERBOSE1:media_stream_manager.cc(1533)] MSPL::OnSpeedLimitChange({this=000063AC0232AD40}, {new_limit=58})
[88664:77012:0924/212049.233:VERBOSE1:media_stream_manager.cc(1533)] MSPL::OnSpeedLimitChange({this=000063AC0232AD40}, {new_limit=59})
[88664:77012:0924/212051.229:VERBOSE1:media_stream_manager.cc(1533)] MSPL::OnSpeedLimitChange({this=000063AC0232AD40}, {new_limit=60})
[88664:77012:0924/212052.241:VERBOSE1:media_stream_manager.cc(1533)] MSPL::OnSpeedLimitChange({this=000063AC0232AD40}, {new_limit=59})
[88664:77012:0924/212053.227:VERBOSE1:media_stream_manager.cc(1533)] MSPL::OnSpeedLimitChange({this=000063AC0232AD40}, {new_limit=60})
[88664:77012:0924/212054.246:VERBOSE1:media_stream_manager.cc(1533)] MSPL::OnSpeedLimitChange({this=000063AC0232AD40}, {new_limit=61})
[88664:77012:0924/212058.241:VERBOSE1:media_stream_manager.cc(1533)] MSPL::OnSpeedLimitChange({this=000063AC0232AD40}, {new_limit=62})
[88664:77012:0924/212059.247:VERBOSE1:media_stream_manager.cc(1533)] MSPL::OnSpeedLimitChange({this=000063AC0232AD40}, {new_limit=61})
[88664:77012:0924/212100.245:VERBOSE1:media_stream_manager.cc(1533)] MSPL::OnSpeedLimitChange({this=000063AC0232AD40}, {new_limit=62})
[88664:77012:0924/212101.252:VERBOSE1:media_stream_manager.cc(1533)] MSPL::OnSpeedLimitChange({this=000063AC0232AD40}, {new_limit=61})
[88664:77012:0924/212102.251:VERBOSE1:media_stream_manager.cc(1533)] MSPL::OnSpeedLimitChange({this=000063AC0232AD40}, {new_limit=62})
[88664:77012:0924/212103.245:VERBOSE1:media_stream_manager.cc(1533)] MSPL::OnSpeedLimitChange({this=000063AC0232AD40}, {new_limit=61})
[88664:77012:0924/212106.243:VERBOSE1:media_stream_manager.cc(1533)] MSPL::OnSpeedLimitChange({this=000063AC0232AD40}, {new_limit=60})
[88664:77012:0924/212107.244:VERBOSE1:media_stream_manager.cc(1533)] MSPL::OnSpeedLimitChange({this=000063AC0232AD40}, {new_limit=59})
[88664:77012:0924/212108.237:VERBOSE1:media_stream_manager.cc(1533)] MSPL::OnSpeedLimitChange({this=000063AC0232AD40}, {new_limit=60})
[88664:77012:0924/212110.306:VERBOSE1:media_stream_manager.cc(1533)] MSPL::OnSpeedLimitChange({this=000063AC0232AD40}, {new_limit=62})
[88664:77012:0924/212111.260:VERBOSE1:media_stream_manager.cc(1533)] MSPL::OnSpeedLimitChange({this=000063AC0232AD40}, {new_limit=61})
[88664:77012:0924/212113.259:VERBOSE1:media_stream_manager.cc(1533)] MSPL::OnSpeedLimitChange({this=000063AC0232AD40}, {new_limit=60})
[88664:77012:0924/212114.261:VERBOSE1:media_stream_manager.cc(1533)] MSPL::OnSpeedLimitChange({this=000063AC0232AD40}, {new_limit=58})
[88664:77012:0924/212115.257:VERBOSE1:media_stream_manager.cc(1533)] MSPL::OnSpeedLimitChange({this=000063AC0232AD40}, {new_limit=55})
[88664:77012:0924/212120.254:VERBOSE1:media_stream_manager.cc(1533)] MSPL::OnSpeedLimitChange({this=000063AC0232AD40}, {new_limit=53})
[88664:77012:0924/212121.251:VERBOSE1:media_stream_manager.cc(1533)] MSPL::OnSpeedLimitChange({this=000063AC0232AD40}, {new_limit=54})
[88664:77012:0924/212123.263:VERBOSE1:media_stream_manager.cc(1533)] MSPL::OnSpeedLimitChange({this=000063AC0232AD40}, {new_limit=55})
[88664:77012:0924/212124.256:VERBOSE1:media_stream_manager.cc(1533)] MSPL::OnSpeedLimitChange({this=000063AC0232AD40}, {new_limit=57})
[88664:77012:0924/212125.268:VERBOSE1:media_stream_manager.cc(1533)] MSPL::OnSpeedLimitChange({this=000063AC0232AD40}, {new_limit=60})
[88664:77012:0924/212126.260:VERBOSE1:media_stream_manager.cc(1533)] MSPL::OnSpeedLimitChange({this=000063AC0232AD40}, {new_limit=61})
[88664:77012:0924/212129.275:VERBOSE1:media_stream_manager.cc(1533)] MSPL::OnSpeedLimitChange({this=000063AC0232AD40}, {new_limit=62})
[88664:77012:0924/212131.270:VERBOSE1:media_stream_manager.cc(1533)] MSPL::OnSpeedLimitChange({this=000063AC0232AD40}, {new_limit=61})
[88664:77012:0924/212133.262:VERBOSE1:media_stream_manager.cc(1533)] MSPL::OnSpeedLimitChange({this=000063AC0232AD40}, {new_limit=62})
[88664:77012:0924/212134.268:VERBOSE1:media_stream_manager.cc(1533)] MSPL::OnSpeedLimitChange({this=000063AC0232AD40}, {new_limit=64})
[88664:77012:0924/212135.267:VERBOSE1:media_stream_manager.cc(1533)] MSPL::OnSpeedLimitChange({this=000063AC0232AD40}, {new_limit=63})
[88664:77012:0924/212139.281:VERBOSE1:media_stream_manager.cc(1533)] MSPL::OnSpeedLimitChange({this=000063AC0232AD40}, {new_limit=62})
[88664:77012:0924/212140.267:VERBOSE1:media_stream_manager.cc(1533)] MSPL::OnSpeedLimitChange({this=000063AC0232AD40}, {new_limit=63})
[88664:77012:0924/212146.277:VERBOSE1:media_stream_manager.cc(1533)] MSPL::OnSpeedLimitChange({this=000063AC0232AD40}, {new_limit=64})
[88664:77012:0924/212147.276:VERBOSE1:media_stream_manager.cc(1533)] MSPL::OnSpeedLimitChange({this=000063AC0232AD40}, {new_limit=65})
[88664:77012:0924/212149.290:VERBOSE1:media_stream_manager.cc(1533)] MSPL::OnSpeedLimitChange({this=000063AC0232AD40}, {new_limit=64})
[88664:77012:0924/212150.290:VERBOSE1:media_stream_manager.cc(1533)] MSPL::OnSpeedLimitChange({this=000063AC0232AD40}, {new_limit=63})
[88664:77012:0924/212152.276:VERBOSE1:media_stream_manager.cc(1533)] MSPL::OnSpeedLimitChange({this=000063AC0232AD40}, {new_limit=62})
[88664:77012:0924/212153.287:VERBOSE1:media_stream_manager.cc(1533)] MSPL::OnSpeedLimitChange({this=000063AC0232AD40}, {new_limit=61})
[88664:77012:0924/212154.290:VERBOSE1:media_stream_manager.cc(1533)] MSPL::OnSpeedLimitChange({this=000063AC0232AD40}, {new_limit=59})
[88664:77012:0924/212157.284:VERBOSE1:media_stream_manager.cc(1533)] MSPL::OnSpeedLimitChange({this=000063AC0232AD40}, {new_limit=60})
[88664:77012:0924/212158.298:VERBOSE1:media_stream_manager.cc(1533)] MSPL::OnSpeedLimitChange({this=000063AC0232AD40}, {new_limit=61})
[88664:77012:0924/212200.293:VERBOSE1:media_stream_manager.cc(1533)] MSPL::OnSpeedLimitChange({this=000063AC0232AD40}, {new_limit=60})
[88664:77012:0924/212201.285:VERBOSE1:media_stream_manager.cc(1533)] MSPL::OnSpeedLimitChange({this=000063AC0232AD40}, {new_limit=61})
[88664:77012:0924/212202.285:VERBOSE1:media_stream_manager.cc(1533)] MSPL::OnSpeedLimitChange({this=000063AC0232AD40}, {new_limit=62})
[88664:77012:0924/212204.300:VERBOSE1:media_stream_manager.cc(1533)] MSPL::OnSpeedLimitChange({this=000063AC0232AD40}, {new_limit=63})
[88664:77012:0924/212206.299:VERBOSE1:media_stream_manager.cc(1533)] MSPL::OnSpeedLimitChange({this=000063AC0232AD40}, {new_limit=62})
[88664:77012:0924/212207.291:VERBOSE1:media_stream_manager.cc(1533)] MSPL::OnSpeedLimitChange({this=000063AC0232AD40}, {new_limit=61})
[88664:77012:0924/212208.297:VERBOSE1:media_stream_manager.cc(1533)] MSPL::OnSpeedLimitChange({this=000063AC0232AD40}, {new_limit=60})
[88664:77012:0924/212209.308:VERBOSE1:media_stream_manager.cc(1533)] MSPL::OnSpeedLimitChange({this=000063AC0232AD40}, {new_limit=62})
[88664:77012:0924/212210.349:VERBOSE1:media_stream_manager.cc(1533)] MSPL::OnSpeedLimitChange({this=000063AC0232AD40}, {new_limit=64})
[88664:77012:0924/212212.305:VERBOSE1:media_stream_manager.cc(1533)] MSPL::OnSpeedLimitChange({this=000063AC0232AD40}, {new_limit=65})
[88664:77012:0924/212213.296:VERBOSE1:media_stream_manager.cc(1533)] MSPL::OnSpeedLimitChange({this=000063AC0232AD40}, {new_limit=64})
[88664:77012:0924/212214.296:VERBOSE1:media_stream_manager.cc(1533)] MSPL::OnSpeedLimitChange({this=000063AC0232AD40}, {new_limit=65})
[88664:77012:0924/212216.297:VERBOSE1:media_stream_manager.cc(1533)] MSPL::OnSpeedLimitChange({this=000063AC0232AD40}, {new_limit=64})
[88664:77012:0924/212220.305:VERBOSE1:media_stream_manager.cc(1533)] MSPL::OnSpeedLimitChange({this=000063AC0232AD40}, {new_limit=59})
[88664:77012:0924/212221.304:VERBOSE1:media_stream_manager.cc(1533)] MSPL::OnSpeedLimitChange({this=000063AC0232AD40}, {new_limit=58})
[88664:77012:0924/212222.311:VERBOSE1:media_stream_manager.cc(1533)] MSPL::OnSpeedLimitChange({this=000063AC0232AD40}, {new_limit=57})
[88664:77012:0924/212223.320:VERBOSE1:media_stream_manager.cc(1533)] MSPL::OnSpeedLimitChange({this=000063AC0232AD40}, {new_limit=58})
[88664:77012:0924/212224.314:VERBOSE1:media_stream_manager.cc(1533)] MSPL::OnSpeedLimitChange({this=000063AC0232AD40}, {new_limit=57})
[88664:77012:0924/212226.303:VERBOSE1:media_stream_manager.cc(1533)] MSPL::OnSpeedLimitChange({this=000063AC0232AD40}, {new_limit=60})
[88664:77012:0924/212230.310:VERBOSE1:media_stream_manager.cc(1533)] MSPL::OnSpeedLimitChange({this=000063AC0232AD40}, {new_limit=62})
[88664:77012:0924/212232.447:VERBOSE1:media_stream_manager.cc(1533)] MSPL::OnSpeedLimitChange({this=000063AC0232AD40}, {new_limit=100})
[88664:77012:0924/212242.325:VERBOSE1:media_stream_manager.cc(1533)] MSPL::OnSpeedLimitChange({this=000063AC0232AD40}, {new_limit=60})
[88664:77012:0924/212243.341:VERBOSE1:media_stream_manager.cc(1533)] MSPL::OnSpeedLimitChange({this=000063AC0232AD40}, {new_limit=62})
[88664:77012:0924/212245.334:VERBOSE1:media_stream_manager.cc(1533)] MSPL::OnSpeedLimitChange({this=000063AC0232AD40}, {new_limit=61})
[88664:77012:0924/212246.341:VERBOSE1:media_stream_manager.cc(1533)] MSPL::OnSpeedLimitChange({this=000063AC0232AD40}, {new_limit=63})
[88664:77012:0924/212248.328:VERBOSE1:media_stream_manager.cc(1533)] MSPL::OnSpeedLimitChange({this=000063AC0232AD40}, {new_limit=64})
[88664:77012:0924/212249.336:VERBOSE1:media_stream_manager.cc(1533)] MSPL::OnSpeedLimitChange({this=000063AC0232AD40}, {new_limit=65})
[88664:77012:0924/212256.337:VERBOSE1:media_stream_manager.cc(1533)] MSPL::OnSpeedLimitChange({this=000063AC0232AD40}, {new_limit=66})
[88664:77012:0924/212258.340:VERBOSE1:media_stream_manager.cc(1533)] MSPL::OnSpeedLimitChange({this=000063AC0232AD40}, {new_limit=65})
[88664:77012:0924/212301.351:VERBOSE1:media_stream_manager.cc(1533)] MSPL::OnSpeedLimitChange({this=000063AC0232AD40}, {new_limit=64})
[88664:77012:0924/212308.339:VERBOSE1:media_stream_manager.cc(1533)] MSPL::OnSpeedLimitChange({this=000063AC0232AD40}, {new_limit=63})
[88664:77012:0924/212309.340:VERBOSE1:media_stream_manager.cc(1533)] MSPL::OnSpeedLimitChange({this=000063AC0232AD40}, {new_limit=64})
[88664:77012:0924/212310.340:VERBOSE1:media_stream_manager.cc(1533)] MSPL::OnSpeedLimitChange({this=000063AC0232AD40}, {new_limit=65})
[88664:77012:0924/212312.340:VERBOSE1:media_stream_manager.cc(1533)] MSPL::OnSpeedLimitChange({this=000063AC0232AD40}, {new_limit=64})
[88664:77012:0924/212313.354:VERBOSE1:media_stream_manager.cc(1533)] MSPL::OnSpeedLimitChange({this=000063AC0232AD40}, {new_limit=65})
[88664:77012:0924/212314.358:VERBOSE1:media_stream_manager.cc(1533)] MSPL::OnSpeedLimitChange({this=000063AC0232AD40}, {new_limit=66})
[88664:77012:0924/212315.347:VERBOSE1:media_stream_manager.cc(1533)] MSPL::OnSpeedLimitChange({this=000063AC0232AD40}, {new_limit=64})
[88664:77012:0924/212316.348:VERBOSE1:media_stream_manager.cc(1533)] MSPL::OnSpeedLimitChange({this=000063AC0232AD40}, {new_limit=63})
[88664:77012:0924/212317.355:VERBOSE1:media_stream_manager.cc(1533)] MSPL::OnSpeedLimitChange({this=000063AC0232AD40}, {new_limit=64})
[88664:77012:0924/212318.365:VERBOSE1:media_stream_manager.cc(1533)] MSPL::OnSpeedLimitChange({this=000063AC0232AD40}, {new_limit=66})
[88664:77012:0924/212319.361:VERBOSE1:media_stream_manager.cc(1533)] MSPL::OnSpeedLimitChange({this=000063AC0232AD40}, {new_limit=64})
[88664:77012:0924/212320.367:VERBOSE1:media_stream_manager.cc(1533)] MSPL::OnSpeedLimitChange({this=000063AC0232AD40}, {new_limit=63})
[88664:77012:0924/212321.377:VERBOSE1:media_stream_manager.cc(1533)] MSPL::OnSpeedLimitChange({this=000063AC0232AD40}, {new_limit=64})
[88664:77012:0924/212323.356:VERBOSE1:media_stream_manager.cc(1533)] MSPL::OnSpeedLimitChange({this=000063AC0232AD40}, {new_limit=65})
[88664:77012:0924/212324.361:VERBOSE1:media_stream_manager.cc(1533)] MSPL::OnSpeedLimitChange({this=000063AC0232AD40}, {new_limit=66})
[88664:77012:0924/212325.349:VERBOSE1:media_stream_manager.cc(1533)] MSPL::OnSpeedLimitChange({this=000063AC0232AD40}, {new_limit=68})
[88664:77012:0924/212327.368:VERBOSE1:media_stream_manager.cc(1533)] MSPL::OnSpeedLimitChange({this=000063AC0232AD40}, {new_limit=67})
[88664:77012:0924/212328.374:VERBOSE1:media_stream_manager.cc(1533)] MSPL::OnSpeedLimitChange({this=000063AC0232AD40}, {new_limit=69})
[88664:77012:0924/212329.370:VERBOSE1:media_stream_manager.cc(1533)] MSPL::OnSpeedLimitChange({this=000063AC0232AD40}, {new_limit=70})
[88664:77012:0924/212330.496:VERBOSE1:media_stream_manager.cc(1533)] MSPL::OnSpeedLimitChange({this=000063AC0232AD40}, {new_limit=69})
[88664:77012:0924/212332.384:VERBOSE1:media_stream_manager.cc(1533)] MSPL::OnSpeedLimitChange({this=000063AC0232AD40}, {new_limit=72})
[88664:77012:0924/212333.375:VERBOSE1:media_stream_manager.cc(1533)] MSPL::OnSpeedLimitChange({this=000063AC0232AD40}, {new_limit=69})
[88664:77012:0924/212336.364:VERBOSE1:media_stream_manager.cc(1533)] MSPL::OnSpeedLimitChange({this=000063AC0232AD40}, {new_limit=70})
[88664:77012:0924/212337.375:VERBOSE1:media_stream_manager.cc(1533)] MSPL::OnSpeedLimitChange({this=000063AC0232AD40}, {new_limit=69})
[88664:77012:0924/212338.390:VERBOSE1:media_stream_manager.cc(1533)] MSPL::OnSpeedLimitChange({this=000063AC0232AD40}, {new_limit=67})
[88664:77012:0924/212340.371:VERBOSE1:media_stream_manager.cc(1533)] MSPL::OnSpeedLimitChange({this=000063AC0232AD40}, {new_limit=69})
[88664:77012:0924/212341.360:VERBOSE1:media_stream_manager.cc(1533)] MSPL::OnSpeedLimitChange({this=000063AC0232AD40}, {new_limit=67})
[88664:77012:0924/212345.409:VERBOSE1:media_stream_manager.cc(1533)] MSPL::OnSpeedLimitChange({this=000063AC0232AD40}, {new_limit=68})
[88664:77012:0924/212347.384:VERBOSE1:media_stream_manager.cc(1533)] MSPL::OnSpeedLimitChange({this=000063AC0232AD40}, {new_limit=71})
[88664:77012:0924/212348.377:VERBOSE1:media_stream_manager.cc(1533)] MSPL::OnSpeedLimitChange({this=000063AC0232AD40}, {new_limit=73})
[88664:77012:0924/212349.393:VERBOSE1:media_stream_manager.cc(1533)] MSPL::OnSpeedLimitChange({this=000063AC0232AD40}, {new_limit=71})
[88664:77012:0924/212350.368:VERBOSE1:media_stream_manager.cc(1533)] MSPL::OnSpeedLimitChange({this=000063AC0232AD40}, {new_limit=70})
[88664:77012:0924/212352.379:VERBOSE1:media_stream_manager.cc(1533)] MSPL::OnSpeedLimitChange({this=000063AC0232AD40}, {new_limit=68})
[88664:77012:0924/212353.378:VERBOSE1:media_stream_manager.cc(1533)] MSPL::OnSpeedLimitChange({this=000063AC0232AD40}, {new_limit=67})
[88664:77012:0924/212354.385:VERBOSE1:media_stream_manager.cc(1533)] MSPL::OnSpeedLimitChange({this=000063AC0232AD40}, {new_limit=68})
[88664:77012:0924/212355.387:VERBOSE1:media_stream_manager.cc(1533)] MSPL::OnSpeedLimitChange({this=000063AC0232AD40}, {new_limit=67})
[88664:77012:0924/212357.384:VERBOSE1:media_stream_manager.cc(1533)] MSPL::OnSpeedLimitChange({this=000063AC0232AD40}, {new_limit=65})
[88664:77012:0924/212359.417:VERBOSE1:media_stream_manager.cc(1533)] MSPL::OnSpeedLimitChange({this=000063AC0232AD40}, {new_limit=67})
[88664:77012:0924/212400.397:VERBOSE1:media_stream_manager.cc(1533)] MSPL::OnSpeedLimitChange({this=000063AC0232AD40}, {new_limit=65})
[88664:77012:0924/212401.375:VERBOSE1:media_stream_manager.cc(1533)] MSPL::OnSpeedLimitChange({this=000063AC0232AD40}, {new_limit=63})
[88664:77012:0924/212402.395:VERBOSE1:media_stream_manager.cc(1533)] MSPL::OnSpeedLimitChange({this=000063AC0232AD40}, {new_limit=64})
[88664:77012:0924/212403.392:VERBOSE1:media_stream_manager.cc(1533)] MSPL::OnSpeedLimitChange({this=000063AC0232AD40}, {new_limit=65})
[88664:77012:0924/212404.385:VERBOSE1:media_stream_manager.cc(1533)] MSPL::OnSpeedLimitChange({this=000063AC0232AD40}, {new_limit=62})
[88664:77012:0924/212406.388:VERBOSE1:media_stream_manager.cc(1533)] MSPL::OnSpeedLimitChange({this=000063AC0232AD40}, {new_limit=61})
[88664:77012:0924/212407.396:VERBOSE1:media_stream_manager.cc(1533)] MSPL::OnSpeedLimitChange({this=000063AC0232AD40}, {new_limit=62})
[88664:77012:0924/212408.389:VERBOSE1:media_stream_manager.cc(1533)] MSPL::OnSpeedLimitChange({this=000063AC0232AD40}, {new_limit=61})
[88664:77012:0924/212409.396:VERBOSE1:media_stream_manager.cc(1533)] MSPL::OnSpeedLimitChange({this=000063AC0232AD40}, {new_limit=60})
[88664:77012:0924/212410.395:VERBOSE1:media_stream_manager.cc(1533)] MSPL::OnSpeedLimitChange({this=000063AC0232AD40}, {new_limit=62})
[88664:77012:0924/212411.390:VERBOSE1:media_stream_manager.cc(1533)] MSPL::OnSpeedLimitChange({this=000063AC0232AD40}, {new_limit=65})
[88664:77012:0924/212412.387:VERBOSE1:media_stream_manager.cc(1533)] MSPL::OnSpeedLimitChange({this=000063AC0232AD40}, {new_limit=64})
[88664:77012:0924/212413.396:VERBOSE1:media_stream_manager.cc(1533)] MSPL::OnSpeedLimitChange({this=000063AC0232AD40}, {new_limit=66})
[88664:77012:0924/212418.391:VERBOSE1:media_stream_manager.cc(1533)] MSPL::OnSpeedLimitChange({this=000063AC0232AD40}, {new_limit=65})
[88664:77012:0924/212420.394:VERBOSE1:media_stream_manager.cc(1533)] MSPL::OnSpeedLimitChange({this=000063AC0232AD40}, {new_limit=64})
[88664:77012:0924/212421.406:VERBOSE1:media_stream_manager.cc(1533)] MSPL::OnSpeedLimitChange({this=000063AC0232AD40}, {new_limit=63})
[88664:77012:0924/212423.396:VERBOSE1:media_stream_manager.cc(1533)] MSPL::OnSpeedLimitChange({this=000063AC0232AD40}, {new_limit=62})
[88664:77012:0924/212425.407:VERBOSE1:media_stream_manager.cc(1533)] MSPL::OnSpeedLimitChange({this=000063AC0232AD40}, {new_limit=61})
[88664:77012:0924/212427.403:VERBOSE1:media_stream_manager.cc(1533)] MSPL::OnSpeedLimitChange({this=000063AC0232AD40}, {new_limit=60})
[88664:77012:0924/212428.408:VERBOSE1:media_stream_manager.cc(1533)] MSPL::OnSpeedLimitChange({this=000063AC0232AD40}, {new_limit=61})
[88664:77012:0924/212431.394:VERBOSE1:media_stream_manager.cc(1533)] MSPL::OnSpeedLimitChange({this=000063AC0232AD40}, {new_limit=62})
[88664:77012:0924/212432.419:VERBOSE1:media_stream_manager.cc(1533)] MSPL::OnSpeedLimitChange({this=000063AC0232AD40}, {new_limit=60})
[88664:77012:0924/212433.397:VERBOSE1:media_stream_manager.cc(1533)] MSPL::OnSpeedLimitChange({this=000063AC0232AD40}, {new_limit=61})
[88664:77012:0924/212434.405:VERBOSE1:media_stream_manager.cc(1533)] MSPL::OnSpeedLimitChange({this=000063AC0232AD40}, {new_limit=62})
[88664:77012:0924/212437.415:VERBOSE1:media_stream_manager.cc(1533)] MSPL::OnSpeedLimitChange({this=000063AC0232AD40}, {new_limit=63})
[88664:77012:0924/212439.417:VERBOSE1:media_stream_manager.cc(1533)] MSPL::OnSpeedLimitChange({this=000063AC0232AD40}, {new_limit=62})
[88664:77012:0924/212442.415:VERBOSE1:media_stream_manager.cc(1533)] MSPL::OnSpeedLimitChange({this=000063AC0232AD40}, {new_limit=64})
[88664:77012:0924/212443.404:VERBOSE1:media_stream_manager.cc(1533)] MSPL::OnSpeedLimitChange({this=000063AC0232AD40}, {new_limit=62})
[88664:77012:0924/212444.409:VERBOSE1:media_stream_manager.cc(1533)] MSPL::OnSpeedLimitChange({this=000063AC0232AD40}, {new_limit=63})
[88664:77012:0924/212446.408:VERBOSE1:media_stream_manager.cc(1533)] MSPL::OnSpeedLimitChange({this=000063AC0232AD40}, {new_limit=64})
[88664:77012:0924/212447.414:VERBOSE1:media_stream_manager.cc(1533)] MSPL::OnSpeedLimitChange({this=000063AC0232AD40}, {new_limit=63})
[88664:77012:0924/212448.425:VERBOSE1:media_stream_manager.cc(1533)] MSPL::OnSpeedLimitChange({this=000063AC0232AD40}, {new_limit=64})
[88664:77012:0924/212449.424:VERBOSE1:media_stream_manager.cc(1533)] MSPL::OnSpeedLimitChange({this=000063AC0232AD40}, {new_limit=65})
[88664:77012:0924/212451.425:VERBOSE1:media_stream_manager.cc(1533)] MSPL::OnSpeedLimitChange({this=000063AC0232AD40}, {new_limit=64})
[88664:77012:0924/212453.413:VERBOSE1:media_stream_manager.cc(1533)] MSPL::OnSpeedLimitChange({this=000063AC0232AD40}, {new_limit=65})
[88664:77012:0924/212458.415:VERBOSE1:media_stream_manager.cc(1533)] MSPL::OnSpeedLimitChange({this=000063AC0232AD40}, {new_limit=64})
[88664:77012:0924/212500.428:VERBOSE1:media_stream_manager.cc(1533)] MSPL::OnSpeedLimitChange({this=000063AC0232AD40}, {new_limit=63})
[88664:77012:0924/212501.422:VERBOSE1:media_stream_manager.cc(1533)] MSPL::OnSpeedLimitChange({this=000063AC0232AD40}, {new_limit=61})
[88664:77012:0924/212502.420:VERBOSE1:media_stream_manager.cc(1533)] MSPL::OnSpeedLimitChange({this=000063AC0232AD40}, {new_limit=60})
[88664:77012:0924/212503.423:VERBOSE1:media_stream_manager.cc(1533)] MSPL::OnSpeedLimitChange({this=000063AC0232AD40}, {new_limit=61})
[88664:77012:0924/212507.432:VERBOSE1:media_stream_manager.cc(1533)] MSPL::OnSpeedLimitChange({this=000063AC0232AD40}, {new_limit=60})
[88664:77012:0924/212511.430:VERBOSE1:media_stream_manager.cc(1533)] MSPL::OnSpeedLimitChange({this=000063AC0232AD40}, {new_limit=61})
[88664:77012:0924/212512.425:VERBOSE1:media_stream_manager.cc(1533)] MSPL::OnSpeedLimitChange({this=000063AC0232AD40}, {new_limit=63})
[88664:77012:0924/212518.429:VERBOSE1:media_stream_manager.cc(1533)] MSPL::OnSpeedLimitChange({this=000063AC0232AD40}, {new_limit=62})
[88664:77012:0924/212519.428:VERBOSE1:media_stream_manager.cc(1533)] MSPL::OnSpeedLimitChange({this=000063AC0232AD40}, {new_limit=61})
[88664:77012:0924/212521.025:VERBOSE1:media_stream_manager.cc(1533)] MSPL::OnSpeedLimitChange({this=000063AC0232AD40}, {new_limit=62})
[88664:77012:0924/212521.433:VERBOSE1:media_stream_manager.cc(1533)] MSPL::OnSpeedLimitChange({this=000063AC0232AD40}, {new_limit=63})
[88664:77012:0924/212522.433:VERBOSE1:media_stream_manager.cc(1533)] MSPL::OnSpeedLimitChange({this=000063AC0232AD40}, {new_limit=59})
[88664:77012:0924/212526.430:VERBOSE1:media_stream_manager.cc(1533)] MSPL::OnSpeedLimitChange({this=000063AC0232AD40}, {new_limit=58})
[88664:77012:0924/212528.439:VERBOSE1:media_stream_manager.cc(1533)] MSPL::OnSpeedLimitChange({this=000063AC0232AD40}, {new_limit=60})
[88664:77012:0924/212530.439:VERBOSE1:media_stream_manager.cc(1533)] MSPL::OnSpeedLimitChange({this=000063AC0232AD40}, {new_limit=58})
[88664:77012:0924/212539.442:VERBOSE1:media_stream_manager.cc(1533)] MSPL::OnSpeedLimitChange({this=000063AC0232AD40}, {new_limit=57})
[88664:77012:0924/212541.443:VERBOSE1:media_stream_manager.cc(1533)] MSPL::OnSpeedLimitChange({this=000063AC0232AD40}, {new_limit=58})
[88664:77012:0924/212543.462:VERBOSE1:media_stream_manager.cc(1533)] MSPL::OnSpeedLimitChange({this=000063AC0232AD40}, {new_limit=59})
[88664:77012:0924/212545.452:VERBOSE1:media_stream_manager.cc(1533)] MSPL::OnSpeedLimitChange({this=000063AC0232AD40}, {new_limit=58})
[88664:77012:0924/212546.447:VERBOSE1:media_stream_manager.cc(1533)] MSPL::OnSpeedLimitChange({this=000063AC0232AD40}, {new_limit=59})
[88664:77012:0924/212547.449:VERBOSE1:media_stream_manager.cc(1533)] MSPL::OnSpeedLimitChange({this=000063AC0232AD40}, {new_limit=58})
[88664:77012:0924/212548.454:VERBOSE1:media_stream_manager.cc(1533)] MSPL::OnSpeedLimitChange({this=000063AC0232AD40}, {new_limit=59})
[88664:77012:0924/212549.456:VERBOSE1:media_stream_manager.cc(1533)] MSPL::OnSpeedLimitChange({this=000063AC0232AD40}, {new_limit=60})
[88664:77012:0924/212550.448:VERBOSE1:media_stream_manager.cc(1533)] MSPL::OnSpeedLimitChange({this=000063AC0232AD40}, {new_limit=61})
[88664:77012:0924/212554.457:VERBOSE1:media_stream_manager.cc(1533)] MSPL::OnSpeedLimitChange({this=000063AC0232AD40}, {new_limit=62})
[88664:77012:0924/212556.464:VERBOSE1:media_stream_manager.cc(1533)] MSPL::OnSpeedLimitChange({this=000063AC0232AD40}, {new_limit=63})
[88664:77012:0924/212557.468:VERBOSE1:media_stream_manager.cc(1533)] MSPL::OnSpeedLimitChange({this=000063AC0232AD40}, {new_limit=64})
[88664:77012:0924/212559.465:VERBOSE1:media_stream_manager.cc(1533)] MSPL::OnSpeedLimitChange({this=000063AC0232AD40}, {new_limit=63})
[88664:77012:0924/212600.460:VERBOSE1:media_stream_manager.cc(1533)] MSPL::OnSpeedLimitChange({this=000063AC0232AD40}, {new_limit=64})
[88664:77012:0924/212603.470:VERBOSE1:media_stream_manager.cc(1533)] MSPL::OnSpeedLimitChange({this=000063AC0232AD40}, {new_limit=65})
[88664:77012:0924/212604.717:VERBOSE1:media_stream_manager.cc(1533)] MSPL::OnSpeedLimitChange({this=000063AC0232AD40}, {new_limit=64})
[88664:77012:0924/212605.459:VERBOSE1:media_stream_manager.cc(1533)] MSPL::OnSpeedLimitChange({this=000063AC0232AD40}, {new_limit=62})
[88664:77012:0924/212606.472:VERBOSE1:media_stream_manager.cc(1533)] MSPL::OnSpeedLimitChange({this=000063AC0232AD40}, {new_limit=60})
[88664:77012:0924/212607.902:VERBOSE1:media_stream_manager.cc(1533)] MSPL::OnSpeedLimitChange({this=000063AC0232AD40}, {new_limit=63})
[88664:77012:0924/212608.474:VERBOSE1:media_stream_manager.cc(1533)] MSPL::OnSpeedLimitChange({this=000063AC0232AD40}, {new_limit=60})
[88664:77012:0924/212609.470:VERBOSE1:media_stream_manager.cc(1533)] MSPL::OnSpeedLimitChange({this=000063AC0232AD40}, {new_limit=58})
[88664:77012:0924/212610.473:VERBOSE1:media_stream_manager.cc(1533)] MSPL::OnSpeedLimitChange({this=000063AC0232AD40}, {new_limit=54})
[88664:77012:0924/212611.470:VERBOSE1:media_stream_manager.cc(1533)] MSPL::OnSpeedLimitChange({this=000063AC0232AD40}, {new_limit=52})
[88664:77012:0924/212612.468:VERBOSE1:media_stream_manager.cc(1533)] MSPL::OnSpeedLimitChange({this=000063AC0232AD40}, {new_limit=51})
[88664:77012:0924/212613.475:VERBOSE1:media_stream_manager.cc(1533)] MSPL::OnSpeedLimitChange({this=000063AC0232AD40}, {new_limit=49})
[88664:77012:0924/212614.470:VERBOSE1:media_stream_manager.cc(1533)] MSPL::OnSpeedLimitChange({this=000063AC0232AD40}, {new_limit=47})
[88664:77012:0924/212615.716:VERBOSE1:media_stream_manager.cc(1533)] MSPL::OnSpeedLimitChange({this=000063AC0232AD40}, {new_limit=48})
[88664:77012:0924/212617.476:VERBOSE1:media_stream_manager.cc(1533)] MSPL::OnSpeedLimitChange({this=000063AC0232AD40}, {new_limit=45})
[88664:77012:0924/212618.482:VERBOSE1:media_stream_manager.cc(1533)] MSPL::OnSpeedLimitChange({this=000063AC0232AD40}, {new_limit=48})
[88664:77012:0924/212619.486:VERBOSE1:media_stream_manager.cc(1533)] MSPL::OnSpeedLimitChange({this=000063AC0232AD40}, {new_limit=49})
[88664:77012:0924/212620.483:VERBOSE1:media_stream_manager.cc(1533)] MSPL::OnSpeedLimitChange({this=000063AC0232AD40}, {new_limit=51})
[88664:77012:0924/212621.483:VERBOSE1:media_stream_manager.cc(1533)] MSPL::OnSpeedLimitChange({this=000063AC0232AD40}, {new_limit=54})
[88664:77012:0924/212622.486:VERBOSE1:media_stream_manager.cc(1533)] MSPL::OnSpeedLimitChange({this=000063AC0232AD40}, {new_limit=56})
[88664:77012:0924/212623.486:VERBOSE1:media_stream_manager.cc(1533)] MSPL::OnSpeedLimitChange({this=000063AC0232AD40}, {new_limit=58})
[88664:77012:0924/212624.485:VERBOSE1:media_stream_manager.cc(1533)] MSPL::OnSpeedLimitChange({this=000063AC0232AD40}, {new_limit=59})
[88664:77012:0924/212626.488:VERBOSE1:media_stream_manager.cc(1533)] MSPL::OnSpeedLimitChange({this=000063AC0232AD40}, {new_limit=61})
[88664:77012:0924/212627.680:VERBOSE1:media_stream_manager.cc(1533)] MSPL::OnSpeedLimitChange({this=000063AC0232AD40}, {new_limit=64})
[88664:77012:0924/212629.493:VERBOSE1:media_stream_manager.cc(1533)] MSPL::OnSpeedLimitChange({this=000063AC0232AD40}, {new_limit=63})
[88664:77012:0924/212630.487:VERBOSE1:media_stream_manager.cc(1533)] MSPL::OnSpeedLimitChange({this=000063AC0232AD40}, {new_limit=65})
[88664:77012:0924/212632.488:VERBOSE1:media_stream_manager.cc(1533)] MSPL::OnSpeedLimitChange({this=000063AC0232AD40}, {new_limit=63})
[88664:77012:0924/212633.490:VERBOSE1:media_stream_manager.cc(1533)] MSPL::OnSpeedLimitChange({this=000063AC0232AD40}, {new_limit=62})
[88664:77012:0924/212634.481:VERBOSE1:media_stream_manager.cc(1533)] MSPL::OnSpeedLimitChange({this=000063AC0232AD40}, {new_limit=63})
[88664:77012:0924/212636.497:VERBOSE1:media_stream_manager.cc(1533)] MSPL::OnSpeedLimitChange({this=000063AC0232AD40}, {new_limit=61})
[88664:77012:0924/212637.496:VERBOSE1:media_stream_manager.cc(1533)] MSPL::OnSpeedLimitChange({this=000063AC0232AD40}, {new_limit=59})
[88664:77012:0924/212640.494:VERBOSE1:media_stream_manager.cc(1533)] MSPL::OnSpeedLimitChange({this=000063AC0232AD40}, {new_limit=57})
[88664:77012:0924/212642.501:VERBOSE1:media_stream_manager.cc(1533)] MSPL::OnSpeedLimitChange({this=000063AC0232AD40}, {new_limit=58})
[88664:77012:0924/212646.495:VERBOSE1:media_stream_manager.cc(1533)] MSPL::OnSpeedLimitChange({this=000063AC0232AD40}, {new_limit=59})
[88664:77012:0924/212647.495:VERBOSE1:media_stream_manager.cc(1533)] MSPL::OnSpeedLimitChange({this=000063AC0232AD40}, {new_limit=60})
[88664:77012:0924/212650.506:VERBOSE1:media_stream_manager.cc(1533)] MSPL::OnSpeedLimitChange({this=000063AC0232AD40}, {new_limit=59})
[88664:77012:0924/212651.503:VERBOSE1:media_stream_manager.cc(1533)] MSPL::OnSpeedLimitChange({this=000063AC0232AD40}, {new_limit=60})
[88664:77012:0924/212652.503:VERBOSE1:media_stream_manager.cc(1533)] MSPL::OnSpeedLimitChange({this=000063AC0232AD40}, {new_limit=61})
[88664:77012:0924/212653.494:VERBOSE1:media_stream_manager.cc(1533)] MSPL::OnSpeedLimitChange({this=000063AC0232AD40}, {new_limit=59})
[88664:77012:0924/212654.502:VERBOSE1:media_stream_manager.cc(1533)] MSPL::OnSpeedLimitChange({this=000063AC0232AD40}, {new_limit=60})
[88664:77012:0924/212656.516:VERBOSE1:media_stream_manager.cc(1533)] MSPL::OnSpeedLimitChange({this=000063AC0232AD40}, {new_limit=61})
[88664:77012:0924/212659.506:VERBOSE1:media_stream_manager.cc(1533)] MSPL::OnSpeedLimitChange({this=000063AC0232AD40}, {new_limit=63})
[88664:77012:0924/212700.509:VERBOSE1:media_stream_manager.cc(1533)] MSPL::OnSpeedLimitChange({this=000063AC0232AD40}, {new_limit=64})
[88664:77012:0924/212701.515:VERBOSE1:media_stream_manager.cc(1533)] MSPL::OnSpeedLimitChange({this=000063AC0232AD40}, {new_limit=63})
[88664:77012:0924/212703.511:VERBOSE1:media_stream_manager.cc(1533)] MSPL::OnSpeedLimitChange({this=000063AC0232AD40}, {new_limit=65})
[88664:77012:0924/212704.514:VERBOSE1:media_stream_manager.cc(1533)] MSPL::OnSpeedLimitChange({this=000063AC0232AD40}, {new_limit=64})
[88664:77012:0924/212705.517:VERBOSE1:media_stream_manager.cc(1533)] MSPL::OnSpeedLimitChange({this=000063AC0232AD40}, {new_limit=63})
[88664:77012:0924/212706.523:VERBOSE1:media_stream_manager.cc(1533)] MSPL::OnSpeedLimitChange({this=000063AC0232AD40}, {new_limit=64})
[88664:77012:0924/212707.660:VERBOSE1:media_stream_manager.cc(1533)] MSPL::OnSpeedLimitChange({this=000063AC0232AD40}, {new_limit=100})
[88664:77012:0924/212717.520:VERBOSE1:media_stream_manager.cc(1533)] MSPL::OnSpeedLimitChange({this=000063AC0232AD40}, {new_limit=56})
[88664:77012:0924/212718.528:VERBOSE1:media_stream_manager.cc(1533)] MSPL::OnSpeedLimitChange({this=000063AC0232AD40}, {new_limit=57})
[88664:77012:0924/212719.519:VERBOSE1:media_stream_manager.cc(1533)] MSPL::OnSpeedLimitChange({this=000063AC0232AD40}, {new_limit=58})
[88664:77012:0924/212720.527:VERBOSE1:media_stream_manager.cc(1533)] MSPL::OnSpeedLimitChange({this=000063AC0232AD40}, {new_limit=55})
[88664:77012:0924/212721.532:VERBOSE1:media_stream_manager.cc(1533)] MSPL::OnSpeedLimitChange({this=000063AC0232AD40}, {new_limit=53})
[88664:77012:0924/212724.531:VERBOSE1:media_stream_manager.cc(1533)] MSPL::OnSpeedLimitChange({this=000063AC0232AD40}, {new_limit=51})
[88664:77012:0924/212726.527:VERBOSE1:media_stream_manager.cc(1533)] MSPL::OnSpeedLimitChange({this=000063AC0232AD40}, {new_limit=50})
[88664:77012:0924/212727.532:VERBOSE1:media_stream_manager.cc(1533)] MSPL::OnSpeedLimitChange({this=000063AC0232AD40}, {new_limit=49})
[88664:77012:0924/212728.530:VERBOSE1:media_stream_manager.cc(1533)] MSPL::OnSpeedLimitChange({this=000063AC0232AD40}, {new_limit=48})
[88664:77012:0924/212729.535:VERBOSE1:media_stream_manager.cc(1533)] MSPL::OnSpeedLimitChange({this=000063AC0232AD40}, {new_limit=50})
[88664:77012:0924/212730.534:VERBOSE1:media_stream_manager.cc(1533)] MSPL::OnSpeedLimitChange({this=000063AC0232AD40}, {new_limit=51})
[88664:77012:0924/212731.542:VERBOSE1:media_stream_manager.cc(1533)] MSPL::OnSpeedLimitChange({this=000063AC0232AD40}, {new_limit=52})
[88664:77012:0924/212732.530:VERBOSE1:media_stream_manager.cc(1533)] MSPL::OnSpeedLimitChange({this=000063AC0232AD40}, {new_limit=51})
[88664:77012:0924/212733.540:VERBOSE1:media_stream_manager.cc(1533)] MSPL::OnSpeedLimitChange({this=000063AC0232AD40}, {new_limit=52})
[88664:77012:0924/212736.537:VERBOSE1:media_stream_manager.cc(1533)] MSPL::OnSpeedLimitChange({this=000063AC0232AD40}, {new_limit=53})
[88664:77012:0924/212738.543:VERBOSE1:media_stream_manager.cc(1533)] MSPL::OnSpeedLimitChange({this=000063AC0232AD40}, {new_limit=52})
[88664:77012:0924/212740.548:VERBOSE1:media_stream_manager.cc(1533)] MSPL::OnSpeedLimitChange({this=000063AC0232AD40}, {new_limit=51})
[88664:77012:0924/212741.535:VERBOSE1:media_stream_manager.cc(1533)] MSPL::OnSpeedLimitChange({this=000063AC0232AD40}, {new_limit=52})
[88664:77012:0924/212743.513:VERBOSE1:media_stream_manager.cc(1533)] MSPL::OnSpeedLimitChange({this=000063AC0232AD40}, {new_limit=56})
[88664:77012:0924/212744.552:VERBOSE1:media_stream_manager.cc(1533)] MSPL::OnSpeedLimitChange({this=000063AC0232AD40}, {new_limit=58})
[88664:77012:0924/212747.279:VERBOSE1:media_stream_manager.cc(1533)] MSPL::OnSpeedLimitChange({this=000063AC0232AD40}, {new_limit=60})
[88664:77012:0924/212747.279:VERBOSE1:media_stream_manager.cc(1533)] MSPL::OnSpeedLimitChange({this=000063AC0232AD40}, {new_limit=100})
[88664:77012:0924/212756.552:VERBOSE1:media_stream_manager.cc(1533)] MSPL::OnSpeedLimitChange({this=000063AC0232AD40}, {new_limit=59})
[88664:77012:0924/212757.550:VERBOSE1:media_stream_manager.cc(1533)] MSPL::OnSpeedLimitChange({this=000063AC0232AD40}, {new_limit=60})
[88664:77012:0924/212758.552:VERBOSE1:media_stream_manager.cc(1533)] MSPL::OnSpeedLimitChange({this=000063AC0232AD40}, {new_limit=58})
[88664:77012:0924/212759.551:VERBOSE1:media_stream_manager.cc(1533)] MSPL::OnSpeedLimitChange({this=000063AC0232AD40}, {new_limit=60})
[88664:77012:0924/212801.547:VERBOSE1:media_stream_manager.cc(1533)] MSPL::OnSpeedLimitChange({this=000063AC0232AD40}, {new_limit=61})
[88664:77012:0924/212802.550:VERBOSE1:media_stream_manager.cc(1533)] MSPL::OnSpeedLimitChange({this=000063AC0232AD40}, {new_limit=60})
[88664:77012:0924/212803.552:VERBOSE1:media_stream_manager.cc(1533)] MSPL::OnSpeedLimitChange({this=000063AC0232AD40}, {new_limit=59})
[88664:77012:0924/212805.553:VERBOSE1:media_stream_manager.cc(1533)] MSPL::OnSpeedLimitChange({this=000063AC0232AD40}, {new_limit=60})
[88664:77012:0924/212806.553:VERBOSE1:media_stream_manager.cc(1533)] MSPL::OnSpeedLimitChange({this=000063AC0232AD40}, {new_limit=59})
[88664:77012:0924/212807.555:VERBOSE1:media_stream_manager.cc(1533)] MSPL::OnSpeedLimitChange({this=000063AC0232AD40}, {new_limit=56})
[88664:77012:0924/212808.554:VERBOSE1:media_stream_manager.cc(1533)] MSPL::OnSpeedLimitChange({this=000063AC0232AD40}, {new_limit=58})
[88664:77012:0924/212809.559:VERBOSE1:media_stream_manager.cc(1533)] MSPL::OnSpeedLimitChange({this=000063AC0232AD40}, {new_limit=57})
[88664:77012:0924/212812.557:VERBOSE1:media_stream_manager.cc(1533)] MSPL::OnSpeedLimitChange({this=000063AC0232AD40}, {new_limit=58})
[88664:77012:0924/212816.563:VERBOSE1:media_stream_manager.cc(1533)] MSPL::OnSpeedLimitChange({this=000063AC0232AD40}, {new_limit=60})
[88664:77012:0924/212817.571:VERBOSE1:media_stream_manager.cc(1533)] MSPL::OnSpeedLimitChange({this=000063AC0232AD40}, {new_limit=62})
[88664:77012:0924/212818.575:VERBOSE1:media_stream_manager.cc(1533)] MSPL::OnSpeedLimitChange({this=000063AC0232AD40}, {new_limit=63})
[88664:77012:0924/212820.565:VERBOSE1:media_stream_manager.cc(1533)] MSPL::OnSpeedLimitChange({this=000063AC0232AD40}, {new_limit=64})
[88664:77012:0924/212821.565:VERBOSE1:media_stream_manager.cc(1533)] MSPL::OnSpeedLimitChange({this=000063AC0232AD40}, {new_limit=63})
[88664:77012:0924/212822.580:VERBOSE1:media_stream_manager.cc(1533)] MSPL::OnSpeedLimitChange({this=000063AC0232AD40}, {new_limit=62})
[88664:77012:0924/212823.571:VERBOSE1:media_stream_manager.cc(1533)] MSPL::OnSpeedLimitChange({this=000063AC0232AD40}, {new_limit=63})
[88664:77012:0924/212825.572:VERBOSE1:media_stream_manager.cc(1533)] MSPL::OnSpeedLimitChange({this=000063AC0232AD40}, {new_limit=61})
[88664:77012:0924/212828.580:VERBOSE1:media_stream_manager.cc(1533)] MSPL::OnSpeedLimitChange({this=000063AC0232AD40}, {new_limit=60})
[88664:77012:0924/212832.571:VERBOSE1:media_stream_manager.cc(1533)] MSPL::OnSpeedLimitChange({this=000063AC0232AD40}, {new_limit=59})
[88664:77012:0924/212835.582:VERBOSE1:media_stream_manager.cc(1533)] MSPL::OnSpeedLimitChange({this=000063AC0232AD40}, {new_limit=60})
[88664:77012:0924/212841.588:VERBOSE1:media_stream_manager.cc(1533)] MSPL::OnSpeedLimitChange({this=000063AC0232AD40}, {new_limit=61})
[88664:77012:0924/212842.577:VERBOSE1:media_stream_manager.cc(1533)] MSPL::OnSpeedLimitChange({this=000063AC0232AD40}, {new_limit=60})
[88664:77012:0924/212847.586:VERBOSE1:media_stream_manager.cc(1533)] MSPL::OnSpeedLimitChange({this=000063AC0232AD40}, {new_limit=59})
[88664:77012:0924/212848.594:VERBOSE1:media_stream_manager.cc(1533)] MSPL::OnSpeedLimitChange({this=000063AC0232AD40}, {new_limit=60})
[88664:77012:0924/212849.577:VERBOSE1:media_stream_manager.cc(1533)] MSPL::OnSpeedLimitChange({this=000063AC0232AD40}, {new_limit=59})
[88664:77012:0924/212850.592:VERBOSE1:media_stream_manager.cc(1533)] MSPL::OnSpeedLimitChange({this=000063AC0232AD40}, {new_limit=58})
[88664:77012:0924/212852.587:VERBOSE1:media_stream_manager.cc(1533)] MSPL::OnSpeedLimitChange({this=000063AC0232AD40}, {new_limit=59})
[88664:77012:0924/212853.579:VERBOSE1:media_stream_manager.cc(1533)] MSPL::OnSpeedLimitChange({this=000063AC0232AD40}, {new_limit=58})
[88664:77012:0924/212854.582:VERBOSE1:media_stream_manager.cc(1533)] MSPL::OnSpeedLimitChange({this=000063AC0232AD40}, {new_limit=59})
[88664:77012:0924/212855.589:VERBOSE1:media_stream_manager.cc(1533)] MSPL::OnSpeedLimitChange({this=000063AC0232AD40}, {new_limit=60})
[88664:77012:0924/212856.592:VERBOSE1:media_stream_manager.cc(1533)] MSPL::OnSpeedLimitChange({this=000063AC0232AD40}, {new_limit=59})
[88664:77012:0924/212858.593:VERBOSE1:media_stream_manager.cc(1533)] MSPL::OnSpeedLimitChange({this=000063AC0232AD40}, {new_limit=60})
[88664:77012:0924/212904.306:VERBOSE1:media_stream_manager.cc(1533)] MSPL::OnSpeedLimitChange({this=000063AC0232AD40}, {new_limit=63})
[88664:77012:0924/212904.307:VERBOSE1:media_stream_manager.cc(1533)] MSPL::OnSpeedLimitChange({this=000063AC0232AD40}, {new_limit=65})
[88664:77012:0924/212904.307:VERBOSE1:media_stream_manager.cc(1533)] MSPL::OnSpeedLimitChange({this=000063AC0232AD40}, {new_limit=68})
[88664:77012:0924/212904.307:VERBOSE1:media_stream_manager.cc(1533)] MSPL::OnSpeedLimitChange({this=000063AC0232AD40}, {new_limit=70})
[88664:77012:0924/212904.590:VERBOSE1:media_stream_manager.cc(1533)] MSPL::OnSpeedLimitChange({this=000063AC0232AD40}, {new_limit=69})
[88664:77012:0924/212905.674:VERBOSE1:media_stream_manager.cc(1533)] MSPL::OnSpeedLimitChange({this=000063AC0232AD40}, {new_limit=70})
[88664:77012:0924/212906.604:VERBOSE1:media_stream_manager.cc(1533)] MSPL::OnSpeedLimitChange({this=000063AC0232AD40}, {new_limit=69})
[88664:77012:0924/212907.599:VERBOSE1:media_stream_manager.cc(1533)] MSPL::OnSpeedLimitChange({this=000063AC0232AD40}, {new_limit=68})
[88664:77012:0924/212908.595:VERBOSE1:media_stream_manager.cc(1533)] MSPL::OnSpeedLimitChange({this=000063AC0232AD40}, {new_limit=69})
[88664:77012:0924/212909.595:VERBOSE1:media_stream_manager.cc(1533)] MSPL::OnSpeedLimitChange({this=000063AC0232AD40}, {new_limit=71})
[88664:77012:0924/212910.596:VERBOSE1:media_stream_manager.cc(1533)] MSPL::OnSpeedLimitChange({this=000063AC0232AD40}, {new_limit=67})
[88664:77012:0924/212911.595:VERBOSE1:media_stream_manager.cc(1533)] MSPL::OnSpeedLimitChange({this=000063AC0232AD40}, {new_limit=65})
[88664:77012:0924/212912.596:VERBOSE1:media_stream_manager.cc(1533)] MSPL::OnSpeedLimitChange({this=000063AC0232AD40}, {new_limit=64})
[88664:77012:0924/212913.597:VERBOSE1:media_stream_manager.cc(1533)] MSPL::OnSpeedLimitChange({this=000063AC0232AD40}, {new_limit=63})
[88664:77012:0924/212915.604:VERBOSE1:media_stream_manager.cc(1533)] MSPL::OnSpeedLimitChange({this=000063AC0232AD40}, {new_limit=62})
[88664:77012:0924/212916.610:VERBOSE1:media_stream_manager.cc(1533)] MSPL::OnSpeedLimitChange({this=000063AC0232AD40}, {new_limit=64})
[88664:77012:0924/212918.611:VERBOSE1:media_stream_manager.cc(1533)] MSPL::OnSpeedLimitChange({this=000063AC0232AD40}, {new_limit=63})
[88664:77012:0924/212920.601:VERBOSE1:media_stream_manager.cc(1533)] MSPL::OnSpeedLimitChange({this=000063AC0232AD40}, {new_limit=100})
[88664:77012:0924/212930.621:VERBOSE1:media_stream_manager.cc(1533)] MSPL::OnSpeedLimitChange({this=000063AC0232AD40}, {new_limit=61})
[88664:77012:0924/212931.606:VERBOSE1:media_stream_manager.cc(1533)] MSPL::OnSpeedLimitChange({this=000063AC0232AD40}, {new_limit=58})
[88664:77012:0924/212933.609:VERBOSE1:media_stream_manager.cc(1533)] MSPL::OnSpeedLimitChange({this=000063AC0232AD40}, {new_limit=57})
[88664:77012:0924/212936.655:VERBOSE1:media_stream_manager.cc(1533)] MSPL::OnSpeedLimitChange({this=000063AC0232AD40}, {new_limit=56})
[88664:77012:0924/212937.624:VERBOSE1:media_stream_manager.cc(1533)] MSPL::OnSpeedLimitChange({this=000063AC0232AD40}, {new_limit=57})
[88664:77012:0924/212938.731:VERBOSE1:media_stream_manager.cc(1533)] MSPL::OnSpeedLimitChange({this=000063AC0232AD40}, {new_limit=56})
[88664:77012:0924/212941.629:VERBOSE1:media_stream_manager.cc(1533)] MSPL::OnSpeedLimitChange({this=000063AC0232AD40}, {new_limit=57})
[88664:77012:0924/212942.632:VERBOSE1:media_stream_manager.cc(1533)] MSPL::OnSpeedLimitChange({this=000063AC0232AD40}, {new_limit=55})
[88664:77012:0924/212945.626:VERBOSE1:media_stream_manager.cc(1533)] MSPL::OnSpeedLimitChange({this=000063AC0232AD40}, {new_limit=56})
[88664:77012:0924/212946.617:VERBOSE1:media_stream_manager.cc(1533)] MSPL::OnSpeedLimitChange({this=000063AC0232AD40}, {new_limit=57})
[88664:77012:0924/212948.780:VERBOSE1:media_stream_manager.cc(1533)] MSPL::OnSpeedLimitChange({this=000063AC0232AD40}, {new_limit=100})
[88664:77012:0924/212958.633:VERBOSE1:media_stream_manager.cc(1533)] MSPL::OnSpeedLimitChange({this=000063AC0232AD40}, {new_limit=63})
[88664:77012:0924/213000.630:VERBOSE1:media_stream_manager.cc(1533)] MSPL::OnSpeedLimitChange({this=000063AC0232AD40}, {new_limit=62})
[88664:77012:0924/213001.631:VERBOSE1:media_stream_manager.cc(1533)] MSPL::OnSpeedLimitChange({this=000063AC0232AD40}, {new_limit=63})
[88664:77012:0924/213004.635:VERBOSE1:media_stream_manager.cc(1533)] MSPL::OnSpeedLimitChange({this=000063AC0232AD40}, {new_limit=62})
[88664:77012:0924/213005.631:VERBOSE1:media_stream_manager.cc(1533)] MSPL::OnSpeedLimitChange({this=000063AC0232AD40}, {new_limit=63})
[88664:77012:0924/213006.632:VERBOSE1:media_stream_manager.cc(1533)] MSPL::OnSpeedLimitChange({this=000063AC0232AD40}, {new_limit=62})
[88664:77012:0924/213007.636:VERBOSE1:media_stream_manager.cc(1533)] MSPL::OnSpeedLimitChange({this=000063AC0232AD40}, {new_limit=63})
[88664:77012:0924/213008.635:VERBOSE1:media_stream_manager.cc(1533)] MSPL::OnSpeedLimitChange({this=000063AC0232AD40}, {new_limit=65})
[88664:77012:0924/213009.642:VERBOSE1:media_stream_manager.cc(1533)] MSPL::OnSpeedLimitChange({this=000063AC0232AD40}, {new_limit=64})
[88664:77012:0924/213011.637:VERBOSE1:media_stream_manager.cc(1533)] MSPL::OnSpeedLimitChange({this=000063AC0232AD40}, {new_limit=60})
[88664:77012:0924/213013.636:VERBOSE1:media_stream_manager.cc(1533)] MSPL::OnSpeedLimitChange({this=000063AC0232AD40}, {new_limit=59})
[88664:77012:0924/213014.645:VERBOSE1:media_stream_manager.cc(1533)] MSPL::OnSpeedLimitChange({this=000063AC0232AD40}, {new_limit=60})
[88664:77012:0924/213017.652:VERBOSE1:media_stream_manager.cc(1533)] MSPL::OnSpeedLimitChange({this=000063AC0232AD40}, {new_limit=59})
[88664:77012:0924/213019.649:VERBOSE1:media_stream_manager.cc(1533)] MSPL::OnSpeedLimitChange({this=000063AC0232AD40}, {new_limit=58})
[88664:77012:0924/213021.653:VERBOSE1:media_stream_manager.cc(1533)] MSPL::OnSpeedLimitChange({this=000063AC0232AD40}, {new_limit=61})
[88664:77012:0924/213022.653:VERBOSE1:media_stream_manager.cc(1533)] MSPL::OnSpeedLimitChange({this=000063AC0232AD40}, {new_limit=62})
[88664:77012:0924/213035.653:VERBOSE1:media_stream_manager.cc(1533)] MSPL::OnSpeedLimitChange({this=000063AC0232AD40}, {new_limit=61})
[88664:77012:0924/213036.665:VERBOSE1:media_stream_manager.cc(1533)] MSPL::OnSpeedLimitChange({this=000063AC0232AD40}, {new_limit=62})
[88664:77012:0924/213039.668:VERBOSE1:media_stream_manager.cc(1533)] MSPL::OnSpeedLimitChange({this=000063AC0232AD40}, {new_limit=64})
[88664:77012:0924/213040.669:VERBOSE1:media_stream_manager.cc(1533)] MSPL::OnSpeedLimitChange({this=000063AC0232AD40}, {new_limit=63})
[88664:77012:0924/213044.671:VERBOSE1:media_stream_manager.cc(1533)] MSPL::OnSpeedLimitChange({this=000063AC0232AD40}, {new_limit=64})
[88664:77012:0924/213046.672:VERBOSE1:media_stream_manager.cc(1533)] MSPL::OnSpeedLimitChange({this=000063AC0232AD40}, {new_limit=65})
[88664:77012:0924/213047.670:VERBOSE1:media_stream_manager.cc(1533)] MSPL::OnSpeedLimitChange({this=000063AC0232AD40}, {new_limit=64})
[88664:77012:0924/213049.668:VERBOSE1:media_stream_manager.cc(1533)] MSPL::OnSpeedLimitChange({this=000063AC0232AD40}, {new_limit=63})
[88664:77012:0924/213055.673:VERBOSE1:media_stream_manager.cc(1533)] MSPL::OnSpeedLimitChange({this=000063AC0232AD40}, {new_limit=62})
[88664:77012:0924/213101.681:VERBOSE1:media_stream_manager.cc(1533)] MSPL::OnSpeedLimitChange({this=000063AC0232AD40}, {new_limit=63})
[88664:77012:0924/213105.680:VERBOSE1:media_stream_manager.cc(1533)] MSPL::OnSpeedLimitChange({this=000063AC0232AD40}, {new_limit=64})
[88664:77012:0924/213107.683:VERBOSE1:media_stream_manager.cc(1533)] MSPL::OnSpeedLimitChange({this=000063AC0232AD40}, {new_limit=63})
[88664:77012:0924/213108.674:VERBOSE1:media_stream_manager.cc(1533)] MSPL::OnSpeedLimitChange({this=000063AC0232AD40}, {new_limit=62})
[88664:77012:0924/213109.682:VERBOSE1:media_stream_manager.cc(1533)] MSPL::OnSpeedLimitChange({this=000063AC0232AD40}, {new_limit=63})
[88664:77012:0924/213111.689:VERBOSE1:media_stream_manager.cc(1533)] MSPL::OnSpeedLimitChange({this=000063AC0232AD40}, {new_limit=62})
[88664:77012:0924/213114.677:VERBOSE1:media_stream_manager.cc(1533)] MSPL::OnSpeedLimitChange({this=000063AC0232AD40}, {new_limit=61})
[88664:77012:0924/213115.678:VERBOSE1:media_stream_manager.cc(1533)] MSPL::OnSpeedLimitChange({this=000063AC0232AD40}, {new_limit=60})
[88664:77012:0924/213117.695:VERBOSE1:media_stream_manager.cc(1533)] MSPL::OnSpeedLimitChange({this=000063AC0232AD40}, {new_limit=61})
[88664:77012:0924/213118.681:VERBOSE1:media_stream_manager.cc(1533)] MSPL::OnSpeedLimitChange({this=000063AC0232AD40}, {new_limit=60})
[88664:77012:0924/213120.684:VERBOSE1:media_stream_manager.cc(1533)] MSPL::OnSpeedLimitChange({this=000063AC0232AD40}, {new_limit=62})
[88664:77012:0924/213121.697:VERBOSE1:media_stream_manager.cc(1533)] MSPL::OnSpeedLimitChange({this=000063AC0232AD40}, {new_limit=61})
[88664:77012:0924/213123.685:VERBOSE1:media_stream_manager.cc(1533)] MSPL::OnSpeedLimitChange({this=000063AC0232AD40}, {new_limit=63})
[88664:77012:0924/213124.687:VERBOSE1:media_stream_manager.cc(1533)] MSPL::OnSpeedLimitChange({this=000063AC0232AD40}, {new_limit=64})
[88664:77012:0924/213125.688:VERBOSE1:media_stream_manager.cc(1533)] MSPL::OnSpeedLimitChange({this=000063AC0232AD40}, {new_limit=63})
[88664:77012:0924/213126.688:VERBOSE1:media_stream_manager.cc(1533)] MSPL::OnSpeedLimitChange({this=000063AC0232AD40}, {new_limit=64})
[88664:77012:0924/213127.686:VERBOSE1:media_stream_manager.cc(1533)] MSPL::OnSpeedLimitChange({this=000063AC0232AD40}, {new_limit=65})
[88664:77012:0924/213130.695:VERBOSE1:media_stream_manager.cc(1533)] MSPL::OnSpeedLimitChange({this=000063AC0232AD40}, {new_limit=64})
[88664:77012:0924/213131.706:VERBOSE1:media_stream_manager.cc(1533)] MSPL::OnSpeedLimitChange({this=000063AC0232AD40}, {new_limit=66})
[88664:77012:0924/213132.691:VERBOSE1:media_stream_manager.cc(1533)] MSPL::OnSpeedLimitChange({this=000063AC0232AD40}, {new_limit=64})
[88664:77012:0924/213133.697:VERBOSE1:media_stream_manager.cc(1533)] MSPL::OnSpeedLimitChange({this=000063AC0232AD40}, {new_limit=62})
[88664:77012:0924/213138.710:VERBOSE1:media_stream_manager.cc(1533)] MSPL::OnSpeedLimitChange({this=000063AC0232AD40}, {new_limit=63})
[88664:77012:0924/213139.702:VERBOSE1:media_stream_manager.cc(1533)] MSPL::OnSpeedLimitChange({this=000063AC0232AD40}, {new_limit=62})
[88664:77012:0924/213142.709:VERBOSE1:media_stream_manager.cc(1533)] MSPL::OnSpeedLimitChange({this=000063AC0232AD40}, {new_limit=63})
[88664:77012:0924/213144.707:VERBOSE1:media_stream_manager.cc(1533)] MSPL::OnSpeedLimitChange({this=000063AC0232AD40}, {new_limit=64})
[88664:77012:0924/213147.706:VERBOSE1:media_stream_manager.cc(1533)] MSPL::OnSpeedLimitChange({this=000063AC0232AD40}, {new_limit=63})
[88664:77012:0924/213148.717:VERBOSE1:media_stream_manager.cc(1533)] MSPL::OnSpeedLimitChange({this=000063AC0232AD40}, {new_limit=64})
[88664:77012:0924/213149.704:VERBOSE1:media_stream_manager.cc(1533)] MSPL::OnSpeedLimitChange({this=000063AC0232AD40}, {new_limit=63})
[88664:77012:0924/213151.714:VERBOSE1:media_stream_manager.cc(1533)] MSPL::OnSpeedLimitChange({this=000063AC0232AD40}, {new_limit=64})
[88664:77012:0924/213153.719:VERBOSE1:media_stream_manager.cc(1533)] MSPL::OnSpeedLimitChange({this=000063AC0232AD40}, {new_limit=63})
[88664:77012:0924/213155.724:VERBOSE1:media_stream_manager.cc(1533)] MSPL::OnSpeedLimitChange({this=000063AC0232AD40}, {new_limit=64})
[88664:77012:0924/213156.720:VERBOSE1:media_stream_manager.cc(1533)] MSPL::OnSpeedLimitChange({this=000063AC0232AD40}, {new_limit=63})
[88664:77012:0924/213158.723:VERBOSE1:media_stream_manager.cc(1533)] MSPL::OnSpeedLimitChange({this=000063AC0232AD40}, {new_limit=62})
[88664:77012:0924/213200.712:VERBOSE1:media_stream_manager.cc(1533)] MSPL::OnSpeedLimitChange({this=000063AC0232AD40}, {new_limit=61})
[88664:77012:0924/213202.725:VERBOSE1:media_stream_manager.cc(1533)] MSPL::OnSpeedLimitChange({this=000063AC0232AD40}, {new_limit=62})
[88664:77012:0924/213205.728:VERBOSE1:media_stream_manager.cc(1533)] MSPL::OnSpeedLimitChange({this=000063AC0232AD40}, {new_limit=61})
[88664:77012:0924/213206.728:VERBOSE1:media_stream_manager.cc(1533)] MSPL::OnSpeedLimitChange({this=000063AC0232AD40}, {new_limit=63})
[88664:77012:0924/213207.724:VERBOSE1:media_stream_manager.cc(1533)] MSPL::OnSpeedLimitChange({this=000063AC0232AD40}, {new_limit=62})
[88664:77012:0924/213208.728:VERBOSE1:media_stream_manager.cc(1533)] MSPL::OnSpeedLimitChange({this=000063AC0232AD40}, {new_limit=63})
[88664:77012:0924/213209.731:VERBOSE1:media_stream_manager.cc(1533)] MSPL::OnSpeedLimitChange({this=000063AC0232AD40}, {new_limit=65})
[88664:77012:0924/213210.717:VERBOSE1:media_stream_manager.cc(1533)] MSPL::OnSpeedLimitChange({this=000063AC0232AD40}, {new_limit=64})
[88664:77012:0924/213213.047:VERBOSE1:media_stream_manager.cc(1533)] MSPL::OnSpeedLimitChange({this=000063AC0232AD40}, {new_limit=100})
[88664:77012:0924/213222.736:VERBOSE1:media_stream_manager.cc(1533)] MSPL::OnSpeedLimitChange({this=000063AC0232AD40}, {new_limit=53})
[88664:77012:0924/213225.736:VERBOSE1:media_stream_manager.cc(1533)] MSPL::OnSpeedLimitChange({this=000063AC0232AD40}, {new_limit=52})
[88664:77012:0924/213227.726:VERBOSE1:media_stream_manager.cc(1533)] MSPL::OnSpeedLimitChange({this=000063AC0232AD40}, {new_limit=51})
[88664:77012:0924/213228.732:VERBOSE1:media_stream_manager.cc(1533)] MSPL::OnSpeedLimitChange({this=000063AC0232AD40}, {new_limit=52})
[88664:77012:0924/213230.735:VERBOSE1:media_stream_manager.cc(1533)] MSPL::OnSpeedLimitChange({this=000063AC0232AD40}, {new_limit=53})
[88664:77012:0924/213231.742:VERBOSE1:media_stream_manager.cc(1533)] MSPL::OnSpeedLimitChange({this=000063AC0232AD40}, {new_limit=54})
[88664:77012:0924/213232.740:VERBOSE1:media_stream_manager.cc(1533)] MSPL::OnSpeedLimitChange({this=000063AC0232AD40}, {new_limit=55})
[88664:77012:0924/213233.739:VERBOSE1:media_stream_manager.cc(1533)] MSPL::OnSpeedLimitChange({this=000063AC0232AD40}, {new_limit=54})
[88664:77012:0924/213234.744:VERBOSE1:media_stream_manager.cc(1533)] MSPL::OnSpeedLimitChange({this=000063AC0232AD40}, {new_limit=56})
[88664:77012:0924/213235.738:VERBOSE1:media_stream_manager.cc(1533)] MSPL::OnSpeedLimitChange({this=000063AC0232AD40}, {new_limit=55})
[88664:77012:0924/213236.742:VERBOSE1:media_stream_manager.cc(1533)] MSPL::OnSpeedLimitChange({this=000063AC0232AD40}, {new_limit=56})
[88664:77012:0924/213237.738:VERBOSE1:media_stream_manager.cc(1533)] MSPL::OnSpeedLimitChange({this=000063AC0232AD40}, {new_limit=55})
[88664:77012:0924/213239.742:VERBOSE1:media_stream_manager.cc(1533)] MSPL::OnSpeedLimitChange({this=000063AC0232AD40}, {new_limit=56})
[88664:77012:0924/213242.738:VERBOSE1:media_stream_manager.cc(1533)] MSPL::OnSpeedLimitChange({this=000063AC0232AD40}, {new_limit=57})
[88664:77012:0924/213243.743:VERBOSE1:media_stream_manager.cc(1533)] MSPL::OnSpeedLimitChange({this=000063AC0232AD40}, {new_limit=59})
[88664:77012:0924/213245.737:VERBOSE1:media_stream_manager.cc(1533)] MSPL::OnSpeedLimitChange({this=000063AC0232AD40}, {new_limit=60})
[88664:77012:0924/213246.749:VERBOSE1:media_stream_manager.cc(1533)] MSPL::OnSpeedLimitChange({this=000063AC0232AD40}, {new_limit=61})
[88664:77012:0924/213247.754:VERBOSE1:media_stream_manager.cc(1533)] MSPL::OnSpeedLimitChange({this=000063AC0232AD40}, {new_limit=62})
[88664:77012:0924/213250.744:VERBOSE1:media_stream_manager.cc(1533)] MSPL::OnSpeedLimitChange({this=000063AC0232AD40}, {new_limit=64})
[88664:77012:0924/213252.748:VERBOSE1:media_stream_manager.cc(1533)] MSPL::OnSpeedLimitChange({this=000063AC0232AD40}, {new_limit=63})
[88664:77012:0924/213254.753:VERBOSE1:media_stream_manager.cc(1533)] MSPL::OnSpeedLimitChange({this=000063AC0232AD40}, {new_limit=62})
[88664:77012:0924/213255.746:VERBOSE1:media_stream_manager.cc(1533)] MSPL::OnSpeedLimitChange({this=000063AC0232AD40}, {new_limit=61})
[88664:77012:0924/213256.758:VERBOSE1:media_stream_manager.cc(1533)] MSPL::OnSpeedLimitChange({this=000063AC0232AD40}, {new_limit=60})
[88664:77012:0924/213257.747:VERBOSE1:media_stream_manager.cc(1533)] MSPL::OnSpeedLimitChange({this=000063AC0232AD40}, {new_limit=61})
[88664:77012:0924/213301.749:VERBOSE1:media_stream_manager.cc(1533)] MSPL::OnSpeedLimitChange({this=000063AC0232AD40}, {new_limit=63})
[88664:77012:0924/213302.770:VERBOSE1:media_stream_manager.cc(1533)] MSPL::OnSpeedLimitChange({this=000063AC0232AD40}, {new_limit=64})
[88664:77012:0924/213303.752:VERBOSE1:media_stream_manager.cc(1533)] MSPL::OnSpeedLimitChange({this=000063AC0232AD40}, {new_limit=65})
[88664:77012:0924/213304.764:VERBOSE1:media_stream_manager.cc(1533)] MSPL::OnSpeedLimitChange({this=000063AC0232AD40}, {new_limit=67})
[88664:77012:0924/213305.752:VERBOSE1:media_stream_manager.cc(1533)] MSPL::OnSpeedLimitChange({this=000063AC0232AD40}, {new_limit=68})
[88664:77012:0924/213306.754:VERBOSE1:media_stream_manager.cc(1533)] MSPL::OnSpeedLimitChange({this=000063AC0232AD40}, {new_limit=67})
[88664:77012:0924/213309.766:VERBOSE1:media_stream_manager.cc(1533)] MSPL::OnSpeedLimitChange({this=000063AC0232AD40}, {new_limit=66})
[88664:77012:0924/213311.766:VERBOSE1:media_stream_manager.cc(1533)] MSPL::OnSpeedLimitChange({this=000063AC0232AD40}, {new_limit=64})
[88664:77012:0924/213312.765:VERBOSE1:media_stream_manager.cc(1533)] MSPL::OnSpeedLimitChange({this=000063AC0232AD40}, {new_limit=63})
[88664:77012:0924/213313.762:VERBOSE1:media_stream_manager.cc(1533)] MSPL::OnSpeedLimitChange({this=000063AC0232AD40}, {new_limit=62})
[88664:77012:0924/213314.766:VERBOSE1:media_stream_manager.cc(1533)] MSPL::OnSpeedLimitChange({this=000063AC0232AD40}, {new_limit=61})
[88664:77012:0924/213315.766:VERBOSE1:media_stream_manager.cc(1533)] MSPL::OnSpeedLimitChange({this=000063AC0232AD40}, {new_limit=62})
[88664:77012:0924/213319.760:VERBOSE1:media_stream_manager.cc(1533)] MSPL::OnSpeedLimitChange({this=000063AC0232AD40}, {new_limit=63})
[88664:77012:0924/213322.769:VERBOSE1:media_stream_manager.cc(1533)] MSPL::OnSpeedLimitChange({this=000063AC0232AD40}, {new_limit=64})
[88664:77012:0924/213323.764:VERBOSE1:media_stream_manager.cc(1533)] MSPL::OnSpeedLimitChange({this=000063AC0232AD40}, {new_limit=65})
[88664:77012:0924/213324.778:VERBOSE1:media_stream_manager.cc(1533)] MSPL::OnSpeedLimitChange({this=000063AC0232AD40}, {new_limit=64})
[88664:77012:0924/213325.779:VERBOSE1:media_stream_manager.cc(1533)] MSPL::OnSpeedLimitChange({this=000063AC0232AD40}, {new_limit=65})
[88664:77012:0924/213326.779:VERBOSE1:media_stream_manager.cc(1533)] MSPL::OnSpeedLimitChange({this=000063AC0232AD40}, {new_limit=66})
[88664:77012:0924/213327.780:VERBOSE1:media_stream_manager.cc(1533)] MSPL::OnSpeedLimitChange({this=000063AC0232AD40}, {new_limit=64})
[88664:77012:0924/213328.781:VERBOSE1:media_stream_manager.cc(1533)] MSPL::OnSpeedLimitChange({this=000063AC0232AD40}, {new_limit=65})
[88664:77012:0924/213329.781:VERBOSE1:media_stream_manager.cc(1533)] MSPL::OnSpeedLimitChange({this=000063AC0232AD40}, {new_limit=66})
[88664:77012:0924/213330.780:VERBOSE1:media_stream_manager.cc(1533)] MSPL::OnSpeedLimitChange({this=000063AC0232AD40}, {new_limit=67})
[88664:77012:0924/213332.784:VERBOSE1:media_stream_manager.cc(1533)] MSPL::OnSpeedLimitChange({this=000063AC0232AD40}, {new_limit=66})
[88664:77012:0924/213334.778:VERBOSE1:media_stream_manager.cc(1533)] MSPL::OnSpeedLimitChange({this=000063AC0232AD40}, {new_limit=65})
[88664:77012:0924/213335.775:VERBOSE1:media_stream_manager.cc(1533)] MSPL::OnSpeedLimitChange({this=000063AC0232AD40}, {new_limit=63})
[88664:77012:0924/213337.781:VERBOSE1:media_stream_manager.cc(1533)] MSPL::OnSpeedLimitChange({this=000063AC0232AD40}, {new_limit=64})
[88664:77012:0924/213338.784:VERBOSE1:media_stream_manager.cc(1533)] MSPL::OnSpeedLimitChange({this=000063AC0232AD40}, {new_limit=62})
[88664:77012:0924/213339.784:VERBOSE1:media_stream_manager.cc(1533)] MSPL::OnSpeedLimitChange({this=000063AC0232AD40}, {new_limit=61})
[88664:77012:0924/213341.778:VERBOSE1:media_stream_manager.cc(1533)] MSPL::OnSpeedLimitChange({this=000063AC0232AD40}, {new_limit=60})
[88664:77012:0924/213343.778:VERBOSE1:media_stream_manager.cc(1533)] MSPL::OnSpeedLimitChange({this=000063AC0232AD40}, {new_limit=59})
[88664:77012:0924/213344.789:VERBOSE1:media_stream_manager.cc(1533)] MSPL::OnSpeedLimitChange({this=000063AC0232AD40}, {new_limit=61})
[88664:77012:0924/213348.784:VERBOSE1:media_stream_manager.cc(1533)] MSPL::OnSpeedLimitChange({this=000063AC0232AD40}, {new_limit=62})
[88664:77012:0924/213351.797:VERBOSE1:media_stream_manager.cc(1533)] MSPL::OnSpeedLimitChange({this=000063AC0232AD40}, {new_limit=64})
[88664:77012:0924/213355.788:VERBOSE1:media_stream_manager.cc(1533)] MSPL::OnSpeedLimitChange({this=000063AC0232AD40}, {new_limit=65})
[88664:77012:0924/213356.791:VERBOSE1:media_stream_manager.cc(1533)] MSPL::OnSpeedLimitChange({this=000063AC0232AD40}, {new_limit=64})
[88664:77012:0924/213359.799:VERBOSE1:media_stream_manager.cc(1533)] MSPL::OnSpeedLimitChange({this=000063AC0232AD40}, {new_limit=66})
[88664:77012:0924/213400.804:VERBOSE1:media_stream_manager.cc(1533)] MSPL::OnSpeedLimitChange({this=000063AC0232AD40}, {new_limit=65})
[88664:77012:0924/213401.799:VERBOSE1:media_stream_manager.cc(1533)] MSPL::OnSpeedLimitChange({this=000063AC0232AD40}, {new_limit=64})
[88664:77012:0924/213402.798:VERBOSE1:media_stream_manager.cc(1533)] MSPL::OnSpeedLimitChange({this=000063AC0232AD40}, {new_limit=65})
[88664:77012:0924/213403.806:VERBOSE1:media_stream_manager.cc(1533)] MSPL::OnSpeedLimitChange({this=000063AC0232AD40}, {new_limit=64})
[88664:77012:0924/213404.788:VERBOSE1:media_stream_manager.cc(1533)] MSPL::OnSpeedLimitChange({this=000063AC0232AD40}, {new_limit=65})
[88664:77012:0924/213405.794:VERBOSE1:media_stream_manager.cc(1533)] MSPL::OnSpeedLimitChange({this=000063AC0232AD40}, {new_limit=64})
[88664:77012:0924/213407.791:VERBOSE1:media_stream_manager.cc(1533)] MSPL::OnSpeedLimitChange({this=000063AC0232AD40}, {new_limit=63})
[88664:77012:0924/213410.801:VERBOSE1:media_stream_manager.cc(1533)] MSPL::OnSpeedLimitChange({this=000063AC0232AD40}, {new_limit=62})
[88664:77012:0924/213412.794:VERBOSE1:media_stream_manager.cc(1533)] MSPL::OnSpeedLimitChange({this=000063AC0232AD40}, {new_limit=61})
[88664:77012:0924/213414.810:VERBOSE1:media_stream_manager.cc(1533)] MSPL::OnSpeedLimitChange({this=000063AC0232AD40}, {new_limit=59})
[88664:77012:0924/213415.796:VERBOSE1:media_stream_manager.cc(1533)] MSPL::OnSpeedLimitChange({this=000063AC0232AD40}, {new_limit=60})
[88664:77012:0924/213416.808:VERBOSE1:media_stream_manager.cc(1533)] MSPL::OnSpeedLimitChange({this=000063AC0232AD40}, {new_limit=62})
[88664:77012:0924/213420.808:VERBOSE1:media_stream_manager.cc(1533)] MSPL::OnSpeedLimitChange({this=000063AC0232AD40}, {new_limit=61})
[88664:77012:0924/213421.809:VERBOSE1:media_stream_manager.cc(1533)] MSPL::OnSpeedLimitChange({this=000063AC0232AD40}, {new_limit=62})
[88664:77012:0924/213423.808:VERBOSE1:media_stream_manager.cc(1533)] MSPL::OnSpeedLimitChange({this=000063AC0232AD40}, {new_limit=63})
[88664:77012:0924/213426.815:VERBOSE1:media_stream_manager.cc(1533)] MSPL::OnSpeedLimitChange({this=000063AC0232AD40}, {new_limit=61})
[88664:77012:0924/213427.806:VERBOSE1:media_stream_manager.cc(1533)] MSPL::OnSpeedLimitChange({this=000063AC0232AD40}, {new_limit=62})
[88664:77012:0924/213430.818:VERBOSE1:media_stream_manager.cc(1533)] MSPL::OnSpeedLimitChange({this=000063AC0232AD40}, {new_limit=63})
[88664:77012:0924/213431.824:VERBOSE1:media_stream_manager.cc(1533)] MSPL::OnSpeedLimitChange({this=000063AC0232AD40}, {new_limit=62})
[88664:77012:0924/213433.808:VERBOSE1:media_stream_manager.cc(1533)] MSPL::OnSpeedLimitChange({this=000063AC0232AD40}, {new_limit=63})
[88664:77012:0924/213434.816:VERBOSE1:media_stream_manager.cc(1533)] MSPL::OnSpeedLimitChange({this=000063AC0232AD40}, {new_limit=62})
[88664:77012:0924/213435.828:VERBOSE1:media_stream_manager.cc(1533)] MSPL::OnSpeedLimitChange({this=000063AC0232AD40}, {new_limit=63})
[88664:77012:0924/213438.817:VERBOSE1:media_stream_manager.cc(1533)] MSPL::OnSpeedLimitChange({this=000063AC0232AD40}, {new_limit=62})
[88664:77012:0924/213440.835:VERBOSE1:media_stream_manager.cc(1533)] MSPL::OnSpeedLimitChange({this=000063AC0232AD40}, {new_limit=63})
[88664:77012:0924/213441.827:VERBOSE1:media_stream_manager.cc(1533)] MSPL::OnSpeedLimitChange({this=000063AC0232AD40}, {new_limit=62})
[88664:77012:0924/213444.829:VERBOSE1:media_stream_manager.cc(1533)] MSPL::OnSpeedLimitChange({this=000063AC0232AD40}, {new_limit=63})
[88664:77012:0924/213445.836:VERBOSE1:media_stream_manager.cc(1533)] MSPL::OnSpeedLimitChange({this=000063AC0232AD40}, {new_limit=62})
[88664:77012:0924/213446.828:VERBOSE1:media_stream_manager.cc(1533)] MSPL::OnSpeedLimitChange({this=000063AC0232AD40}, {new_limit=61})
[88664:77012:0924/213447.829:VERBOSE1:media_stream_manager.cc(1533)] MSPL::OnSpeedLimitChange({this=000063AC0232AD40}, {new_limit=62})
[88664:77012:0924/213452.836:VERBOSE1:media_stream_manager.cc(1533)] MSPL::OnSpeedLimitChange({this=000063AC0232AD40}, {new_limit=61})
[88664:77012:0924/213453.828:VERBOSE1:media_stream_manager.cc(1533)] MSPL::OnSpeedLimitChange({this=000063AC0232AD40}, {new_limit=59})
[88664:77012:0924/213455.832:VERBOSE1:media_stream_manager.cc(1533)] MSPL::OnSpeedLimitChange({this=000063AC0232AD40}, {new_limit=57})
[88664:77012:0924/213501.830:VERBOSE1:media_stream_manager.cc(1533)] MSPL::OnSpeedLimitChange({this=000063AC0232AD40}, {new_limit=55})
[88664:77012:0924/213502.840:VERBOSE1:media_stream_manager.cc(1533)] MSPL::OnSpeedLimitChange({this=000063AC0232AD40}, {new_limit=57})
[88664:77012:0924/213503.838:VERBOSE1:media_stream_manager.cc(1533)] MSPL::OnSpeedLimitChange({this=000063AC0232AD40}, {new_limit=58})
[88664:77012:0924/213504.838:VERBOSE1:media_stream_manager.cc(1533)] MSPL::OnSpeedLimitChange({this=000063AC0232AD40}, {new_limit=59})
[88664:77012:0924/213505.849:VERBOSE1:media_stream_manager.cc(1533)] MSPL::OnSpeedLimitChange({this=000063AC0232AD40}, {new_limit=61})
[88664:77012:0924/213508.833:VERBOSE1:media_stream_manager.cc(1533)] MSPL::OnSpeedLimitChange({this=000063AC0232AD40}, {new_limit=60})
[88664:77012:0924/213510.842:VERBOSE1:media_stream_manager.cc(1533)] MSPL::OnSpeedLimitChange({this=000063AC0232AD40}, {new_limit=61})
[88664:77012:0924/213511.834:VERBOSE1:media_stream_manager.cc(1533)] MSPL::OnSpeedLimitChange({this=000063AC0232AD40}, {new_limit=63})
[88664:77012:0924/213512.839:VERBOSE1:media_stream_manager.cc(1533)] MSPL::OnSpeedLimitChange({this=000063AC0232AD40}, {new_limit=62})
[88664:77012:0924/213514.852:VERBOSE1:media_stream_manager.cc(1533)] MSPL::OnSpeedLimitChange({this=000063AC0232AD40}, {new_limit=63})
[88664:77012:0924/213515.841:VERBOSE1:media_stream_manager.cc(1533)] MSPL::OnSpeedLimitChange({this=000063AC0232AD40}, {new_limit=62})
[88664:77012:0924/213517.850:VERBOSE1:media_stream_manager.cc(1533)] MSPL::OnSpeedLimitChange({this=000063AC0232AD40}, {new_limit=63})
[88664:77012:0924/213519.852:VERBOSE1:media_stream_manager.cc(1533)] MSPL::OnSpeedLimitChange({this=000063AC0232AD40}, {new_limit=64})
[88664:77012:0924/213520.850:VERBOSE1:media_stream_manager.cc(1533)] MSPL::OnSpeedLimitChange({this=000063AC0232AD40}, {new_limit=63})
[88664:77012:0924/213522.844:VERBOSE1:media_stream_manager.cc(1533)] MSPL::OnSpeedLimitChange({this=000063AC0232AD40}, {new_limit=62})
[88664:77012:0924/213531.702:VERBOSE1:media_stream_manager.cc(1533)] MSPL::OnSpeedLimitChange({this=000063AC0232AD40}, {new_limit=63})
[88664:77012:0924/213532.851:VERBOSE1:media_stream_manager.cc(1533)] MSPL::OnSpeedLimitChange({this=000063AC0232AD40}, {new_limit=64})
[88664:77012:0924/213537.856:VERBOSE1:media_stream_manager.cc(1533)] MSPL::OnSpeedLimitChange({this=000063AC0232AD40}, {new_limit=63})
[88664:77012:0924/213538.850:VERBOSE1:media_stream_manager.cc(1533)] MSPL::OnSpeedLimitChange({this=000063AC0232AD40}, {new_limit=62})
[88664:77012:0924/213540.854:VERBOSE1:media_stream_manager.cc(1533)] MSPL::OnSpeedLimitChange({this=000063AC0232AD40}, {new_limit=61})
[88664:77012:0924/213541.856:VERBOSE1:media_stream_manager.cc(1533)] MSPL::OnSpeedLimitChange({this=000063AC0232AD40}, {new_limit=62})
[88664:77012:0924/213542.858:VERBOSE1:media_stream_manager.cc(1533)] MSPL::OnSpeedLimitChange({this=000063AC0232AD40}, {new_limit=61})
[88664:77012:0924/213543.860:VERBOSE1:media_stream_manager.cc(1533)] MSPL::OnSpeedLimitChange({this=000063AC0232AD40}, {new_limit=60})
[88664:77012:0924/213544.860:VERBOSE1:media_stream_manager.cc(1533)] MSPL::OnSpeedLimitChange({this=000063AC0232AD40}, {new_limit=61})
[88664:77012:0924/213547.880:VERBOSE1:media_stream_manager.cc(1533)] MSPL::OnSpeedLimitChange({this=000063AC0232AD40}, {new_limit=63})
[88664:77012:0924/213548.872:VERBOSE1:media_stream_manager.cc(1533)] MSPL::OnSpeedLimitChange({this=000063AC0232AD40}, {new_limit=65})
[88664:77012:0924/213550.857:VERBOSE1:media_stream_manager.cc(1533)] MSPL::OnSpeedLimitChange({this=000063AC0232AD40}, {new_limit=64})
[88664:77012:0924/213551.861:VERBOSE1:media_stream_manager.cc(1533)] MSPL::OnSpeedLimitChange({this=000063AC0232AD40}, {new_limit=65})
[88664:77012:0924/213555.861:VERBOSE1:media_stream_manager.cc(1533)] MSPL::OnSpeedLimitChange({this=000063AC0232AD40}, {new_limit=63})
[88664:77012:0924/213557.861:VERBOSE1:media_stream_manager.cc(1533)] MSPL::OnSpeedLimitChange({this=000063AC0232AD40}, {new_limit=62})
[88664:77012:0924/213558.867:VERBOSE1:media_stream_manager.cc(1533)] MSPL::OnSpeedLimitChange({this=000063AC0232AD40}, {new_limit=59})
[88664:77012:0924/213559.871:VERBOSE1:media_stream_manager.cc(1533)] MSPL::OnSpeedLimitChange({this=000063AC0232AD40}, {new_limit=60})
[88664:77012:0924/213601.879:VERBOSE1:media_stream_manager.cc(1533)] MSPL::OnSpeedLimitChange({this=000063AC0232AD40}, {new_limit=57})
[88664:77012:0924/213602.866:VERBOSE1:media_stream_manager.cc(1533)] MSPL::OnSpeedLimitChange({this=000063AC0232AD40}, {new_limit=59})
[88664:77012:0924/213603.867:VERBOSE1:media_stream_manager.cc(1533)] MSPL::OnSpeedLimitChange({this=000063AC0232AD40}, {new_limit=60})
[88664:77012:0924/213605.870:VERBOSE1:media_stream_manager.cc(1533)] MSPL::OnSpeedLimitChange({this=000063AC0232AD40}, {new_limit=62})
[88664:77012:0924/213606.867:VERBOSE1:media_stream_manager.cc(1533)] MSPL::OnSpeedLimitChange({this=000063AC0232AD40}, {new_limit=63})
[88664:77012:0924/213607.885:VERBOSE1:media_stream_manager.cc(1533)] MSPL::OnSpeedLimitChange({this=000063AC0232AD40}, {new_limit=64})
[88664:77012:0924/213608.900:VERBOSE1:media_stream_manager.cc(1533)] MSPL::OnSpeedLimitChange({this=000063AC0232AD40}, {new_limit=68})
[88664:77012:0924/213609.911:VERBOSE1:media_stream_manager.cc(1533)] MSPL::OnSpeedLimitChange({this=000063AC0232AD40}, {new_limit=69})
[88664:77012:0924/213610.878:VERBOSE1:media_stream_manager.cc(1533)] MSPL::OnSpeedLimitChange({this=000063AC0232AD40}, {new_limit=70})
[88664:77012:0924/213611.876:VERBOSE1:media_stream_manager.cc(1533)] MSPL::OnSpeedLimitChange({this=000063AC0232AD40}, {new_limit=71})
[88664:77012:0924/213613.884:VERBOSE1:media_stream_manager.cc(1533)] MSPL::OnSpeedLimitChange({this=000063AC0232AD40}, {new_limit=70})
[88664:77012:0924/213615.884:VERBOSE1:media_stream_manager.cc(1533)] MSPL::OnSpeedLimitChange({this=000063AC0232AD40}, {new_limit=71})
[88664:77012:0924/213617.876:VERBOSE1:media_stream_manager.cc(1533)] MSPL::OnSpeedLimitChange({this=000063AC0232AD40}, {new_limit=70})
[88664:77012:0924/213618.877:VERBOSE1:media_stream_manager.cc(1533)] MSPL::OnSpeedLimitChange({this=000063AC0232AD40}, {new_limit=66})
[88664:77012:0924/213619.878:VERBOSE1:media_stream_manager.cc(1533)] MSPL::OnSpeedLimitChange({this=000063AC0232AD40}, {new_limit=65})
[88664:77012:0924/213621.890:VERBOSE1:media_stream_manager.cc(1533)] MSPL::OnSpeedLimitChange({this=000063AC0232AD40}, {new_limit=66})
[88664:77012:0924/213623.010:VERBOSE1:media_stream_manager.cc(1533)] MSPL::OnSpeedLimitChange({this=000063AC0232AD40}, {new_limit=65})
[88664:77012:0924/213623.894:VERBOSE1:media_stream_manager.cc(1533)] MSPL::OnSpeedLimitChange({this=000063AC0232AD40}, {new_limit=67})
[88664:77012:0924/213624.892:VERBOSE1:media_stream_manager.cc(1533)] MSPL::OnSpeedLimitChange({this=000063AC0232AD40}, {new_limit=66})
[88664:77012:0924/213626.890:VERBOSE1:media_stream_manager.cc(1533)] MSPL::OnSpeedLimitChange({this=000063AC0232AD40}, {new_limit=65})
[88664:77012:0924/213627.897:VERBOSE1:media_stream_manager.cc(1533)] MSPL::OnSpeedLimitChange({this=000063AC0232AD40}, {new_limit=64})
[88664:77012:0924/213628.887:VERBOSE1:media_stream_manager.cc(1533)] MSPL::OnSpeedLimitChange({this=000063AC0232AD40}, {new_limit=65})
[88664:77012:0924/213629.900:VERBOSE1:media_stream_manager.cc(1533)] MSPL::OnSpeedLimitChange({this=000063AC0232AD40}, {new_limit=64})
[88664:77012:0924/213631.900:VERBOSE1:media_stream_manager.cc(1533)] MSPL::OnSpeedLimitChange({this=000063AC0232AD40}, {new_limit=62})
[88664:77012:0924/213632.902:VERBOSE1:media_stream_manager.cc(1533)] MSPL::OnSpeedLimitChange({this=000063AC0232AD40}, {new_limit=63})
[88664:77012:0924/213633.902:VERBOSE1:media_stream_manager.cc(1533)] MSPL::OnSpeedLimitChange({this=000063AC0232AD40}, {new_limit=60})
[88664:77012:0924/213638.910:VERBOSE1:media_stream_manager.cc(1533)] MSPL::OnSpeedLimitChange({this=000063AC0232AD40}, {new_limit=62})
[88664:77012:0924/213639.898:VERBOSE1:media_stream_manager.cc(1533)] MSPL::OnSpeedLimitChange({this=000063AC0232AD40}, {new_limit=63})
[88664:77012:0924/213641.909:VERBOSE1:media_stream_manager.cc(1533)] MSPL::OnSpeedLimitChange({this=000063AC0232AD40}, {new_limit=64})
[88664:77012:0924/213642.911:VERBOSE1:media_stream_manager.cc(1533)] MSPL::OnSpeedLimitChange({this=000063AC0232AD40}, {new_limit=65})
[88664:77012:0924/213643.912:VERBOSE1:media_stream_manager.cc(1533)] MSPL::OnSpeedLimitChange({this=000063AC0232AD40}, {new_limit=66})
[88664:77012:0924/213645.900:VERBOSE1:media_stream_manager.cc(1533)] MSPL::OnSpeedLimitChange({this=000063AC0232AD40}, {new_limit=64})
[88664:77012:0924/213646.900:VERBOSE1:media_stream_manager.cc(1533)] MSPL::OnSpeedLimitChange({this=000063AC0232AD40}, {new_limit=66})
[88664:77012:0924/213647.914:VERBOSE1:media_stream_manager.cc(1533)] MSPL::OnSpeedLimitChange({this=000063AC0232AD40}, {new_limit=65})
[88664:77012:0924/213650.914:VERBOSE1:media_stream_manager.cc(1533)] MSPL::OnSpeedLimitChange({this=000063AC0232AD40}, {new_limit=63})
[88664:77012:0924/213654.911:VERBOSE1:media_stream_manager.cc(1533)] MSPL::OnSpeedLimitChange({this=000063AC0232AD40}, {new_limit=62})
[88664:77012:0924/213655.976:VERBOSE1:media_stream_manager.cc(1533)] MSPL::OnSpeedLimitChange({this=000063AC0232AD40}, {new_limit=64})
[88664:77012:0924/213657.912:VERBOSE1:media_stream_manager.cc(1533)] MSPL::OnSpeedLimitChange({this=000063AC0232AD40}, {new_limit=63})
[88664:77012:0924/213700.926:VERBOSE1:media_stream_manager.cc(1533)] MSPL::OnSpeedLimitChange({this=000063AC0232AD40}, {new_limit=65})
[88664:77012:0924/213701.924:VERBOSE1:media_stream_manager.cc(1533)] MSPL::OnSpeedLimitChange({this=000063AC0232AD40}, {new_limit=64})
[88664:77012:0924/213704.921:VERBOSE1:media_stream_manager.cc(1533)] MSPL::OnSpeedLimitChange({this=000063AC0232AD40}, {new_limit=63})
[88664:77012:0924/213705.921:VERBOSE1:media_stream_manager.cc(1533)] MSPL::OnSpeedLimitChange({this=000063AC0232AD40}, {new_limit=62})
[88664:77012:0924/213708.927:VERBOSE1:media_stream_manager.cc(1533)] MSPL::OnSpeedLimitChange({this=000063AC0232AD40}, {new_limit=61})
[88664:77012:0924/213710.928:VERBOSE1:media_stream_manager.cc(1533)] MSPL::OnSpeedLimitChange({this=000063AC0232AD40}, {new_limit=62})
[88664:77012:0924/213711.931:VERBOSE1:media_stream_manager.cc(1533)] MSPL::OnSpeedLimitChange({this=000063AC0232AD40}, {new_limit=61})
[88664:77012:0924/213715.927:VERBOSE1:media_stream_manager.cc(1533)] MSPL::OnSpeedLimitChange({this=000063AC0232AD40}, {new_limit=60})
[88664:77012:0924/213716.928:VERBOSE1:media_stream_manager.cc(1533)] MSPL::OnSpeedLimitChange({this=000063AC0232AD40}, {new_limit=58})
[88664:77012:0924/213717.934:VERBOSE1:media_stream_manager.cc(1533)] MSPL::OnSpeedLimitChange({this=000063AC0232AD40}, {new_limit=59})
[88664:77012:0924/213718.933:VERBOSE1:media_stream_manager.cc(1533)] MSPL::OnSpeedLimitChange({this=000063AC0232AD40}, {new_limit=58})
[88664:77012:0924/213719.934:VERBOSE1:media_stream_manager.cc(1533)] MSPL::OnSpeedLimitChange({this=000063AC0232AD40}, {new_limit=57})
[88664:77012:0924/213721.940:VERBOSE1:media_stream_manager.cc(1533)] MSPL::OnSpeedLimitChange({this=000063AC0232AD40}, {new_limit=56})
[88664:77012:0924/213722.945:VERBOSE1:media_stream_manager.cc(1533)] MSPL::OnSpeedLimitChange({this=000063AC0232AD40}, {new_limit=54})
[88664:77012:0924/213723.928:VERBOSE1:media_stream_manager.cc(1533)] MSPL::OnSpeedLimitChange({this=000063AC0232AD40}, {new_limit=52})
[88664:77012:0924/213724.932:VERBOSE1:media_stream_manager.cc(1533)] MSPL::OnSpeedLimitChange({this=000063AC0232AD40}, {new_limit=53})
[88664:77012:0924/213725.935:VERBOSE1:media_stream_manager.cc(1533)] MSPL::OnSpeedLimitChange({this=000063AC0232AD40}, {new_limit=52})
[88664:77012:0924/213727.932:VERBOSE1:media_stream_manager.cc(1533)] MSPL::OnSpeedLimitChange({this=000063AC0232AD40}, {new_limit=53})
[88664:77012:0924/213728.936:VERBOSE1:media_stream_manager.cc(1533)] MSPL::OnSpeedLimitChange({this=000063AC0232AD40}, {new_limit=55})
[88664:77012:0924/213731.951:VERBOSE1:media_stream_manager.cc(1533)] MSPL::OnSpeedLimitChange({this=000063AC0232AD40}, {new_limit=56})
[88664:77012:0924/213732.947:VERBOSE1:media_stream_manager.cc(1533)] MSPL::OnSpeedLimitChange({this=000063AC0232AD40}, {new_limit=59})
[88664:77012:0924/213733.939:VERBOSE1:media_stream_manager.cc(1533)] MSPL::OnSpeedLimitChange({this=000063AC0232AD40}, {new_limit=60})
[88664:77012:0924/213734.942:VERBOSE1:media_stream_manager.cc(1533)] MSPL::OnSpeedLimitChange({this=000063AC0232AD40}, {new_limit=62})
[88664:77012:0924/213735.951:VERBOSE1:media_stream_manager.cc(1533)] MSPL::OnSpeedLimitChange({this=000063AC0232AD40}, {new_limit=63})
[88664:77012:0924/213736.943:VERBOSE1:media_stream_manager.cc(1533)] MSPL::OnSpeedLimitChange({this=000063AC0232AD40}, {new_limit=64})
[88664:77012:0924/213737.938:VERBOSE1:media_stream_manager.cc(1533)] MSPL::OnSpeedLimitChange({this=000063AC0232AD40}, {new_limit=63})
[88664:77012:0924/213738.963:VERBOSE1:media_stream_manager.cc(1533)] MSPL::OnSpeedLimitChange({this=000063AC0232AD40}, {new_limit=62})
[88664:77012:0924/213740.961:VERBOSE1:media_stream_manager.cc(1533)] MSPL::OnSpeedLimitChange({this=000063AC0232AD40}, {new_limit=61})
[88664:77012:0924/213742.942:VERBOSE1:media_stream_manager.cc(1533)] MSPL::OnSpeedLimitChange({this=000063AC0232AD40}, {new_limit=62})
[88664:77012:0924/213743.961:VERBOSE1:media_stream_manager.cc(1533)] MSPL::OnSpeedLimitChange({this=000063AC0232AD40}, {new_limit=63})
[88664:77012:0924/213746.959:VERBOSE1:media_stream_manager.cc(1533)] MSPL::OnSpeedLimitChange({this=000063AC0232AD40}, {new_limit=64})
[88664:77012:0924/213747.960:VERBOSE1:media_stream_manager.cc(1533)] MSPL::OnSpeedLimitChange({this=000063AC0232AD40}, {new_limit=66})
[88664:77012:0924/213750.962:VERBOSE1:media_stream_manager.cc(1533)] MSPL::OnSpeedLimitChange({this=000063AC0232AD40}, {new_limit=69})
[88664:77012:0924/213751.973:VERBOSE1:media_stream_manager.cc(1533)] MSPL::OnSpeedLimitChange({this=000063AC0232AD40}, {new_limit=71})
[88664:77012:0924/213752.950:VERBOSE1:media_stream_manager.cc(1533)] MSPL::OnSpeedLimitChange({this=000063AC0232AD40}, {new_limit=69})
[88664:77012:0924/213754.963:VERBOSE1:media_stream_manager.cc(1533)] MSPL::OnSpeedLimitChange({this=000063AC0232AD40}, {new_limit=70})
[88664:77012:0924/213755.970:VERBOSE1:media_stream_manager.cc(1533)] MSPL::OnSpeedLimitChange({this=000063AC0232AD40}, {new_limit=69})
[88664:77012:0924/213758.957:VERBOSE1:media_stream_manager.cc(1533)] MSPL::OnSpeedLimitChange({this=000063AC0232AD40}, {new_limit=71})
[88664:77012:0924/213759.956:VERBOSE1:media_stream_manager.cc(1533)] MSPL::OnSpeedLimitChange({this=000063AC0232AD40}, {new_limit=69})
[88664:77012:0924/213801.965:VERBOSE1:media_stream_manager.cc(1533)] MSPL::OnSpeedLimitChange({this=000063AC0232AD40}, {new_limit=67})
[88664:77012:0924/213802.965:VERBOSE1:media_stream_manager.cc(1533)] MSPL::OnSpeedLimitChange({this=000063AC0232AD40}, {new_limit=68})
[88664:77012:0924/213803.958:VERBOSE1:media_stream_manager.cc(1533)] MSPL::OnSpeedLimitChange({this=000063AC0232AD40}, {new_limit=66})
[88664:77012:0924/213804.969:VERBOSE1:media_stream_manager.cc(1533)] MSPL::OnSpeedLimitChange({this=000063AC0232AD40}, {new_limit=65})
[88664:77012:0924/213805.977:VERBOSE1:media_stream_manager.cc(1533)] MSPL::OnSpeedLimitChange({this=000063AC0232AD40}, {new_limit=66})
[88664:77012:0924/213806.975:VERBOSE1:media_stream_manager.cc(1533)] MSPL::OnSpeedLimitChange({this=000063AC0232AD40}, {new_limit=64})
[88664:77012:0924/213807.960:VERBOSE1:media_stream_manager.cc(1533)] MSPL::OnSpeedLimitChange({this=000063AC0232AD40}, {new_limit=61})
[88664:77012:0924/213809.964:VERBOSE1:media_stream_manager.cc(1533)] MSPL::OnSpeedLimitChange({this=000063AC0232AD40}, {new_limit=62})
[88664:77012:0924/213810.971:VERBOSE1:media_stream_manager.cc(1533)] MSPL::OnSpeedLimitChange({this=000063AC0232AD40}, {new_limit=60})
[88664:77012:0924/213814.982:VERBOSE1:media_stream_manager.cc(1533)] MSPL::OnSpeedLimitChange({this=000063AC0232AD40}, {new_limit=59})
[88664:77012:0924/213816.970:VERBOSE1:media_stream_manager.cc(1533)] MSPL::OnSpeedLimitChange({this=000063AC0232AD40}, {new_limit=60})
[88664:77012:0924/213817.974:VERBOSE1:media_stream_manager.cc(1533)] MSPL::OnSpeedLimitChange({this=000063AC0232AD40}, {new_limit=62})
[88664:77012:0924/213818.972:VERBOSE1:media_stream_manager.cc(1533)] MSPL::OnSpeedLimitChange({this=000063AC0232AD40}, {new_limit=61})
[88664:77012:0924/213819.974:VERBOSE1:media_stream_manager.cc(1533)] MSPL::OnSpeedLimitChange({this=000063AC0232AD40}, {new_limit=60})
[88664:77012:0924/213820.979:VERBOSE1:media_stream_manager.cc(1533)] MSPL::OnSpeedLimitChange({this=000063AC0232AD40}, {new_limit=62})
[88664:77012:0924/213824.975:VERBOSE1:media_stream_manager.cc(1533)] MSPL::OnSpeedLimitChange({this=000063AC0232AD40}, {new_limit=63})
[88664:77012:0924/213827.979:VERBOSE1:media_stream_manager.cc(1533)] MSPL::OnSpeedLimitChange({this=000063AC0232AD40}, {new_limit=64})
[88664:77012:0924/213828.985:VERBOSE1:media_stream_manager.cc(1533)] MSPL::OnSpeedLimitChange({this=000063AC0232AD40}, {new_limit=63})
[88664:77012:0924/213834.995:VERBOSE1:media_stream_manager.cc(1533)] MSPL::OnSpeedLimitChange({this=000063AC0232AD40}, {new_limit=64})
[88664:77012:0924/213835.979:VERBOSE1:media_stream_manager.cc(1533)] MSPL::OnSpeedLimitChange({this=000063AC0232AD40}, {new_limit=63})
[88664:77012:0924/213837.983:VERBOSE1:media_stream_manager.cc(1533)] MSPL::OnSpeedLimitChange({this=000063AC0232AD40}, {new_limit=62})
[88664:77012:0924/213838.985:VERBOSE1:media_stream_manager.cc(1533)] MSPL::OnSpeedLimitChange({this=000063AC0232AD40}, {new_limit=63})
[88664:77012:0924/213843.006:VERBOSE1:media_stream_manager.cc(1533)] MSPL::OnSpeedLimitChange({this=000063AC0232AD40}, {new_limit=65})
[88664:77012:0924/213843.993:VERBOSE1:media_stream_manager.cc(1533)] MSPL::OnSpeedLimitChange({this=000063AC0232AD40}, {new_limit=63})
[88664:77012:0924/213844.987:VERBOSE1:media_stream_manager.cc(1533)] MSPL::OnSpeedLimitChange({this=000063AC0232AD40}, {new_limit=64})
[88664:77012:0924/213846.000:VERBOSE1:media_stream_manager.cc(1533)] MSPL::OnSpeedLimitChange({this=000063AC0232AD40}, {new_limit=65})
[88664:77012:0924/213849.006:VERBOSE1:media_stream_manager.cc(1533)] MSPL::OnSpeedLimitChange({this=000063AC0232AD40}, {new_limit=66})
[88664:77012:0924/213850.000:VERBOSE1:media_stream_manager.cc(1533)] MSPL::OnSpeedLimitChange({this=000063AC0232AD40}, {new_limit=65})
[88664:77012:0924/213851.010:VERBOSE1:media_stream_manager.cc(1533)] MSPL::OnSpeedLimitChange({this=000063AC0232AD40}, {new_limit=64})
[88664:77012:0924/213853.005:VERBOSE1:media_stream_manager.cc(1533)] MSPL::OnSpeedLimitChange({this=000063AC0232AD40}, {new_limit=63})
[88664:77012:0924/213855.009:VERBOSE1:media_stream_manager.cc(1533)] MSPL::OnSpeedLimitChange({this=000063AC0232AD40}, {new_limit=62})
[88664:77012:0924/213858.015:VERBOSE1:media_stream_manager.cc(1533)] MSPL::OnSpeedLimitChange({this=000063AC0232AD40}, {new_limit=61})
[88664:77012:0924/213900.010:VERBOSE1:media_stream_manager.cc(1533)] MSPL::OnSpeedLimitChange({this=000063AC0232AD40}, {new_limit=62})
[88664:77012:0924/213903.005:VERBOSE1:media_stream_manager.cc(1533)] MSPL::OnSpeedLimitChange({this=000063AC0232AD40}, {new_limit=61})
[88664:77012:0924/213904.012:VERBOSE1:media_stream_manager.cc(1533)] MSPL::OnSpeedLimitChange({this=000063AC0232AD40}, {new_limit=62})
[88664:77012:0924/213905.020:VERBOSE1:media_stream_manager.cc(1533)] MSPL::OnSpeedLimitChange({this=000063AC0232AD40}, {new_limit=61})
[88664:77012:0924/213907.017:VERBOSE1:media_stream_manager.cc(1533)] MSPL::OnSpeedLimitChange({this=000063AC0232AD40}, {new_limit=62})
[88664:77012:0924/213915.011:VERBOSE1:media_stream_manager.cc(1533)] MSPL::OnSpeedLimitChange({this=000063AC0232AD40}, {new_limit=64})
[88664:77012:0924/213916.025:VERBOSE1:media_stream_manager.cc(1533)] MSPL::OnSpeedLimitChange({this=000063AC0232AD40}, {new_limit=63})
[88664:77012:0924/213917.015:VERBOSE1:media_stream_manager.cc(1533)] MSPL::OnSpeedLimitChange({this=000063AC0232AD40}, {new_limit=64})
[88664:77012:0924/213919.016:VERBOSE1:media_stream_manager.cc(1533)] MSPL::OnSpeedLimitChange({this=000063AC0232AD40}, {new_limit=63})
[88664:77012:0924/213921.173:VERBOSE1:media_stream_manager.cc(1533)] MSPL::OnSpeedLimitChange({this=000063AC0232AD40}, {new_limit=65})
[88664:77012:0924/213921.173:VERBOSE1:media_stream_manager.cc(1533)] MSPL::OnSpeedLimitChange({this=000063AC0232AD40}, {new_limit=100})
[88664:77012:0924/213931.033:VERBOSE1:media_stream_manager.cc(1533)] MSPL::OnSpeedLimitChange({this=000063AC0232AD40}, {new_limit=54})
[88664:77012:0924/213932.033:VERBOSE1:media_stream_manager.cc(1533)] MSPL::OnSpeedLimitChange({this=000063AC0232AD40}, {new_limit=52})
[88664:77012:0924/213933.033:VERBOSE1:media_stream_manager.cc(1533)] MSPL::OnSpeedLimitChange({this=000063AC0232AD40}, {new_limit=50})
[88664:77012:0924/213934.040:VERBOSE1:media_stream_manager.cc(1533)] MSPL::OnSpeedLimitChange({this=000063AC0232AD40}, {new_limit=49})
[88664:77012:0924/213935.028:VERBOSE1:media_stream_manager.cc(1533)] MSPL::OnSpeedLimitChange({this=000063AC0232AD40}, {new_limit=47})
[88664:77012:0924/213936.034:VERBOSE1:media_stream_manager.cc(1533)] MSPL::OnSpeedLimitChange({this=000063AC0232AD40}, {new_limit=46})
[88664:77012:0924/213937.026:VERBOSE1:media_stream_manager.cc(1533)] MSPL::OnSpeedLimitChange({this=000063AC0232AD40}, {new_limit=45})
[88664:77012:0924/213938.035:VERBOSE1:media_stream_manager.cc(1533)] MSPL::OnSpeedLimitChange({this=000063AC0232AD40}, {new_limit=44})
[88664:77012:0924/213939.035:VERBOSE1:media_stream_manager.cc(1533)] MSPL::OnSpeedLimitChange({this=000063AC0232AD40}, {new_limit=45})
[88664:77012:0924/213941.041:VERBOSE1:media_stream_manager.cc(1533)] MSPL::OnSpeedLimitChange({this=000063AC0232AD40}, {new_limit=47})
[88664:77012:0924/213943.045:VERBOSE1:media_stream_manager.cc(1533)] MSPL::OnSpeedLimitChange({this=000063AC0232AD40}, {new_limit=48})
[88664:77012:0924/213945.040:VERBOSE1:media_stream_manager.cc(1533)] MSPL::OnSpeedLimitChange({this=000063AC0232AD40}, {new_limit=49})
[88664:77012:0924/213946.042:VERBOSE1:media_stream_manager.cc(1533)] MSPL::OnSpeedLimitChange({this=000063AC0232AD40}, {new_limit=52})
[88664:77012:0924/213948.045:VERBOSE1:media_stream_manager.cc(1533)] MSPL::OnSpeedLimitChange({this=000063AC0232AD40}, {new_limit=51})
[88664:77012:0924/213949.050:VERBOSE1:media_stream_manager.cc(1533)] MSPL::OnSpeedLimitChange({this=000063AC0232AD40}, {new_limit=52})
[88664:77012:0924/213951.043:VERBOSE1:media_stream_manager.cc(1533)] MSPL::OnSpeedLimitChange({this=000063AC0232AD40}, {new_limit=51})
[88664:77012:0924/213952.049:VERBOSE1:media_stream_manager.cc(1533)] MSPL::OnSpeedLimitChange({this=000063AC0232AD40}, {new_limit=52})
[88664:77012:0924/213954.055:VERBOSE1:media_stream_manager.cc(1533)] MSPL::OnSpeedLimitChange({this=000063AC0232AD40}, {new_limit=50})
[88664:77012:0924/213955.054:VERBOSE1:media_stream_manager.cc(1533)] MSPL::OnSpeedLimitChange({this=000063AC0232AD40}, {new_limit=51})
[88664:77012:0924/213956.056:VERBOSE1:media_stream_manager.cc(1533)] MSPL::OnSpeedLimitChange({this=000063AC0232AD40}, {new_limit=50})
[88664:77012:0924/213957.053:VERBOSE1:media_stream_manager.cc(1533)] MSPL::OnSpeedLimitChange({this=000063AC0232AD40}, {new_limit=49})
[88664:77012:0924/213958.058:VERBOSE1:media_stream_manager.cc(1533)] MSPL::OnSpeedLimitChange({this=000063AC0232AD40}, {new_limit=50})
[88664:77012:0924/213959.049:VERBOSE1:media_stream_manager.cc(1533)] MSPL::OnSpeedLimitChange({this=000063AC0232AD40}, {new_limit=48})
[88664:77012:0924/214000.054:VERBOSE1:media_stream_manager.cc(1533)] MSPL::OnSpeedLimitChange({this=000063AC0232AD40}, {new_limit=46})
[88664:77012:0924/214003.048:VERBOSE1:media_stream_manager.cc(1533)] MSPL::OnSpeedLimitChange({this=000063AC0232AD40}, {new_limit=45})
[88664:77012:0924/214004.053:VERBOSE1:media_stream_manager.cc(1533)] MSPL::OnSpeedLimitChange({this=000063AC0232AD40}, {new_limit=46})
[88664:77012:0924/214005.059:VERBOSE1:media_stream_manager.cc(1533)] MSPL::OnSpeedLimitChange({this=000063AC0232AD40}, {new_limit=43})
[88664:77012:0924/214008.052:VERBOSE1:media_stream_manager.cc(1533)] MSPL::OnSpeedLimitChange({this=000063AC0232AD40}, {new_limit=42})
[88664:77012:0924/214009.049:VERBOSE1:media_stream_manager.cc(1533)] MSPL::OnSpeedLimitChange({this=000063AC0232AD40}, {new_limit=43})
[88664:77012:0924/214010.051:VERBOSE1:media_stream_manager.cc(1533)] MSPL::OnSpeedLimitChange({this=000063AC0232AD40}, {new_limit=44})
[88664:77012:0924/214011.061:VERBOSE1:media_stream_manager.cc(1533)] MSPL::OnSpeedLimitChange({this=000063AC0232AD40}, {new_limit=43})
[88664:77012:0924/214015.060:VERBOSE1:media_stream_manager.cc(1533)] MSPL::OnSpeedLimitChange({this=000063AC0232AD40}, {new_limit=45})
[88664:77012:0924/214016.056:VERBOSE1:media_stream_manager.cc(1533)] MSPL::OnSpeedLimitChange({this=000063AC0232AD40}, {new_limit=46})
[88664:77012:0924/214018.056:VERBOSE1:media_stream_manager.cc(1533)] MSPL::OnSpeedLimitChange({this=000063AC0232AD40}, {new_limit=47})
[88664:77012:0924/214020.070:VERBOSE1:media_stream_manager.cc(1533)] MSPL::OnSpeedLimitChange({this=000063AC0232AD40}, {new_limit=46})
[88664:77012:0924/214021.153:VERBOSE1:media_stream_manager.cc(1533)] MSPL::OnSpeedLimitChange({this=000063AC0232AD40}, {new_limit=50})
[88664:77012:0924/214023.073:VERBOSE1:media_stream_manager.cc(1533)] MSPL::OnSpeedLimitChange({this=000063AC0232AD40}, {new_limit=49})
[88664:77012:0924/214024.075:VERBOSE1:media_stream_manager.cc(1533)] MSPL::OnSpeedLimitChange({this=000063AC0232AD40}, {new_limit=51})
[88664:77012:0924/214026.068:VERBOSE1:media_stream_manager.cc(1533)] MSPL::OnSpeedLimitChange({this=000063AC0232AD40}, {new_limit=53})
[88664:77012:0924/214027.077:VERBOSE1:media_stream_manager.cc(1533)] MSPL::OnSpeedLimitChange({this=000063AC0232AD40}, {new_limit=56})
[88664:77012:0924/214028.067:VERBOSE1:media_stream_manager.cc(1533)] MSPL::OnSpeedLimitChange({this=000063AC0232AD40}, {new_limit=57})
[88664:77012:0924/214029.075:VERBOSE1:media_stream_manager.cc(1533)] MSPL::OnSpeedLimitChange({this=000063AC0232AD40}, {new_limit=59})
[88664:77012:0924/214030.066:VERBOSE1:media_stream_manager.cc(1533)] MSPL::OnSpeedLimitChange({this=000063AC0232AD40}, {new_limit=61})
[88664:77012:0924/214031.074:VERBOSE1:media_stream_manager.cc(1533)] MSPL::OnSpeedLimitChange({this=000063AC0232AD40}, {new_limit=60})
[88664:77012:0924/214032.080:VERBOSE1:media_stream_manager.cc(1533)] MSPL::OnSpeedLimitChange({this=000063AC0232AD40}, {new_limit=62})
[88664:77012:0924/214033.076:VERBOSE1:media_stream_manager.cc(1533)] MSPL::OnSpeedLimitChange({this=000063AC0232AD40}, {new_limit=65})
[88664:77012:0924/214034.093:VERBOSE1:media_stream_manager.cc(1533)] MSPL::OnSpeedLimitChange({this=000063AC0232AD40}, {new_limit=67})
[88664:77012:0924/214035.080:VERBOSE1:media_stream_manager.cc(1533)] MSPL::OnSpeedLimitChange({this=000063AC0232AD40}, {new_limit=68})
[88664:77012:0924/214037.072:VERBOSE1:media_stream_manager.cc(1533)] MSPL::OnSpeedLimitChange({this=000063AC0232AD40}, {new_limit=67})
[88664:77012:0924/214040.078:VERBOSE1:media_stream_manager.cc(1533)] MSPL::OnSpeedLimitChange({this=000063AC0232AD40}, {new_limit=68})
[88664:77012:0924/214042.075:VERBOSE1:media_stream_manager.cc(1533)] MSPL::OnSpeedLimitChange({this=000063AC0232AD40}, {new_limit=67})
[88664:77012:0924/214044.084:VERBOSE1:media_stream_manager.cc(1533)] MSPL::OnSpeedLimitChange({this=000063AC0232AD40}, {new_limit=66})
[88664:77012:0924/214046.093:VERBOSE1:media_stream_manager.cc(1533)] MSPL::OnSpeedLimitChange({this=000063AC0232AD40}, {new_limit=65})
[88664:77012:0924/214047.092:VERBOSE1:media_stream_manager.cc(1533)] MSPL::OnSpeedLimitChange({this=000063AC0232AD40}, {new_limit=66})
[88664:77012:0924/214049.084:VERBOSE1:media_stream_manager.cc(1533)] MSPL::OnSpeedLimitChange({this=000063AC0232AD40}, {new_limit=68})
[88664:77012:0924/214050.096:VERBOSE1:media_stream_manager.cc(1533)] MSPL::OnSpeedLimitChange({this=000063AC0232AD40}, {new_limit=66})
[88664:77012:0924/214051.087:VERBOSE1:media_stream_manager.cc(1533)] MSPL::OnSpeedLimitChange({this=000063AC0232AD40}, {new_limit=67})
[88664:77012:0924/214053.105:VERBOSE1:media_stream_manager.cc(1533)] MSPL::OnSpeedLimitChange({this=000063AC0232AD40}, {new_limit=66})
[88664:77012:0924/214055.100:VERBOSE1:media_stream_manager.cc(1533)] MSPL::OnSpeedLimitChange({this=000063AC0232AD40}, {new_limit=67})
[88664:77012:0924/214057.095:VERBOSE1:media_stream_manager.cc(1533)] MSPL::OnSpeedLimitChange({this=000063AC0232AD40}, {new_limit=66})
[88664:77012:0924/214059.100:VERBOSE1:media_stream_manager.cc(1533)] MSPL::OnSpeedLimitChange({this=000063AC0232AD40}, {new_limit=64})
[88664:77012:0924/214100.089:VERBOSE1:media_stream_manager.cc(1533)] MSPL::OnSpeedLimitChange({this=000063AC0232AD40}, {new_limit=63})
[88664:77012:0924/214101.093:VERBOSE1:media_stream_manager.cc(1533)] MSPL::OnSpeedLimitChange({this=000063AC0232AD40}, {new_limit=62})
[88664:77012:0924/214102.123:VERBOSE1:media_stream_manager.cc(1533)] MSPL::OnSpeedLimitChange({this=000063AC0232AD40}, {new_limit=64})
[88664:77012:0924/214104.097:VERBOSE1:media_stream_manager.cc(1533)] MSPL::OnSpeedLimitChange({this=000063AC0232AD40}, {new_limit=63})
[88664:77012:0924/214106.095:VERBOSE1:media_stream_manager.cc(1533)] MSPL::OnSpeedLimitChange({this=000063AC0232AD40}, {new_limit=64})
[88664:77012:0924/214107.098:VERBOSE1:media_stream_manager.cc(1533)] MSPL::OnSpeedLimitChange({this=000063AC0232AD40}, {new_limit=65})
[88664:77012:0924/214110.117:VERBOSE1:media_stream_manager.cc(1533)] MSPL::OnSpeedLimitChange({this=000063AC0232AD40}, {new_limit=67})
[88664:77012:0924/214110.117:VERBOSE1:media_stream_manager.cc(1533)] MSPL::OnSpeedLimitChange({this=000063AC0232AD40}, {new_limit=100})
[88664:88556:0924/214118.313:WARNING:page_discarding_helper.cc(138)] Discarding multiple pages with target (kb): 0
[88664:77012:0924/214120.124:VERBOSE1:media_stream_manager.cc(1533)] MSPL::OnSpeedLimitChange({this=000063AC0232AD40}, {new_limit=47})
[88664:77012:0924/214122.120:VERBOSE1:media_stream_manager.cc(1533)] MSPL::OnSpeedLimitChange({this=000063AC0232AD40}, {new_limit=45})
[88664:88556:0924/214123.317:WARNING:page_discarding_helper.cc(138)] Discarding multiple pages with target (kb): 0
[88664:77012:0924/214124.115:VERBOSE1:media_stream_manager.cc(1533)] MSPL::OnSpeedLimitChange({this=000063AC0232AD40}, {new_limit=44})
[88664:77012:0924/214126.112:VERBOSE1:media_stream_manager.cc(1533)] MSPL::OnSpeedLimitChange({this=000063AC0232AD40}, {new_limit=45})
[88664:77012:0924/214127.117:VERBOSE1:media_stream_manager.cc(1533)] MSPL::OnSpeedLimitChange({this=000063AC0232AD40}, {new_limit=44})
[88664:77012:0924/214128.124:VERBOSE1:media_stream_manager.cc(1533)] MSPL::OnSpeedLimitChange({this=000063AC0232AD40}, {new_limit=45})
[88664:88556:0924/214128.361:WARNING:page_discarding_helper.cc(138)] Discarding multiple pages with target (kb): 0
[88664:77012:0924/214131.125:VERBOSE1:media_stream_manager.cc(1533)] MSPL::OnSpeedLimitChange({this=000063AC0232AD40}, {new_limit=46})
[88664:77012:0924/214132.117:VERBOSE1:media_stream_manager.cc(1533)] MSPL::OnSpeedLimitChange({this=000063AC0232AD40}, {new_limit=45})
[88664:77012:0924/214133.118:VERBOSE1:media_stream_manager.cc(1533)] MSPL::OnSpeedLimitChange({this=000063AC0232AD40}, {new_limit=46})
[88664:77012:0924/214134.116:VERBOSE1:media_stream_manager.cc(1533)] MSPL::OnSpeedLimitChange({this=000063AC0232AD40}, {new_limit=47})
[88664:77012:0924/214138.120:VERBOSE1:media_stream_manager.cc(1533)] MSPL::OnSpeedLimitChange({this=000063AC0232AD40}, {new_limit=46})
[88664:88556:0924/214138.459:WARNING:page_discarding_helper.cc(138)] Discarding multiple pages with target (kb): 0
[88664:77012:0924/214140.137:VERBOSE1:media_stream_manager.cc(1533)] MSPL::OnSpeedLimitChange({this=000063AC0232AD40}, {new_limit=45})
[88664:77012:0924/214142.134:VERBOSE1:media_stream_manager.cc(1533)] MSPL::OnSpeedLimitChange({this=000063AC0232AD40}, {new_limit=44})
[88664:88556:0924/214143.506:WARNING:page_discarding_helper.cc(138)] Discarding multiple pages with target (kb): 0
[88664:77012:0924/214144.137:VERBOSE1:media_stream_manager.cc(1533)] MSPL::OnSpeedLimitChange({this=000063AC0232AD40}, {new_limit=43})
[88664:77012:0924/214145.137:VERBOSE1:media_stream_manager.cc(1533)] MSPL::OnSpeedLimitChange({this=000063AC0232AD40}, {new_limit=42})
[88664:77012:0924/214147.127:VERBOSE1:media_stream_manager.cc(1533)] MSPL::OnSpeedLimitChange({this=000063AC0232AD40}, {new_limit=43})
[88664:77012:0924/214148.129:VERBOSE1:media_stream_manager.cc(1533)] MSPL::OnSpeedLimitChange({this=000063AC0232AD40}, {new_limit=42})
[88664:88556:0924/214148.511:WARNING:page_discarding_helper.cc(138)] Discarding multiple pages with target (kb): 0
[88664:77012:0924/214150.144:VERBOSE1:media_stream_manager.cc(1533)] MSPL::OnSpeedLimitChange({this=000063AC0232AD40}, {new_limit=44})
[88664:77012:0924/214151.137:VERBOSE1:media_stream_manager.cc(1533)] MSPL::OnSpeedLimitChange({this=000063AC0232AD40}, {new_limit=42})
[88664:88556:0924/214153.567:WARNING:page_discarding_helper.cc(138)] Discarding multiple pages with target (kb): 0
[88664:77012:0924/214155.137:VERBOSE1:media_stream_manager.cc(1533)] MSPL::OnSpeedLimitChange({this=000063AC0232AD40}, {new_limit=43})
[88664:77012:0924/214156.144:VERBOSE1:media_stream_manager.cc(1533)] MSPL::OnSpeedLimitChange({this=000063AC0232AD40}, {new_limit=44})
[88664:77012:0924/214157.146:VERBOSE1:media_stream_manager.cc(1533)] MSPL::OnSpeedLimitChange({this=000063AC0232AD40}, {new_limit=42})
[88664:88556:0924/214158.620:WARNING:page_discarding_helper.cc(138)] Discarding multiple pages with target (kb): 0
[88664:77012:0924/214159.146:VERBOSE1:media_stream_manager.cc(1533)] MSPL::OnSpeedLimitChange({this=000063AC0232AD40}, {new_limit=43})
[88664:77012:0924/214200.146:VERBOSE1:media_stream_manager.cc(1533)] MSPL::OnSpeedLimitChange({this=000063AC0232AD40}, {new_limit=41})
[88664:77012:0924/214201.157:VERBOSE1:media_stream_manager.cc(1533)] MSPL::OnSpeedLimitChange({this=000063AC0232AD40}, {new_limit=42})
[88664:77012:0924/214203.161:VERBOSE1:media_stream_manager.cc(1533)] MSPL::OnSpeedLimitChange({this=000063AC0232AD40}, {new_limit=41})
[88664:88556:0924/214203.662:WARNING:page_discarding_helper.cc(138)] Discarding multiple pages with target (kb): 0
[88664:77012:0924/214206.157:VERBOSE1:media_stream_manager.cc(1533)] MSPL::OnSpeedLimitChange({this=000063AC0232AD40}, {new_limit=40})
[88664:77012:0924/214208.147:VERBOSE1:media_stream_manager.cc(1533)] MSPL::OnSpeedLimitChange({this=000063AC0232AD40}, {new_limit=41})
[88664:88556:0924/214208.727:WARNING:page_discarding_helper.cc(138)] Discarding multiple pages with target (kb): 0
[88664:77012:0924/214209.151:VERBOSE1:media_stream_manager.cc(1533)] MSPL::OnSpeedLimitChange({this=000063AC0232AD40}, {new_limit=40})
[88664:77012:0924/214210.149:VERBOSE1:media_stream_manager.cc(1533)] MSPL::OnSpeedLimitChange({this=000063AC0232AD40}, {new_limit=41})
[88664:77012:0924/214211.150:VERBOSE1:media_stream_manager.cc(1533)] MSPL::OnSpeedLimitChange({this=000063AC0232AD40}, {new_limit=43})
[88664:77012:0924/214212.169:VERBOSE1:media_stream_manager.cc(1533)] MSPL::OnSpeedLimitChange({this=000063AC0232AD40}, {new_limit=42})
[88664:88556:0924/214213.752:WARNING:page_discarding_helper.cc(138)] Discarding multiple pages with target (kb): 0
[88664:77012:0924/214215.156:VERBOSE1:media_stream_manager.cc(1533)] MSPL::OnSpeedLimitChange({this=000063AC0232AD40}, {new_limit=41})
[88664:77012:0924/214218.164:VERBOSE1:media_stream_manager.cc(1533)] MSPL::OnSpeedLimitChange({this=000063AC0232AD40}, {new_limit=40})
[88664:88556:0924/214218.796:WARNING:page_discarding_helper.cc(138)] Discarding multiple pages with target (kb): 0
[88664:77012:0924/214219.169:VERBOSE1:media_stream_manager.cc(1533)] MSPL::OnSpeedLimitChange({this=000063AC0232AD40}, {new_limit=39})
[88664:77012:0924/214220.154:VERBOSE1:media_stream_manager.cc(1533)] MSPL::OnSpeedLimitChange({this=000063AC0232AD40}, {new_limit=38})
[88664:77012:0924/214221.162:VERBOSE1:media_stream_manager.cc(1533)] MSPL::OnSpeedLimitChange({this=000063AC0232AD40}, {new_limit=37})
[88664:77012:0924/214223.174:VERBOSE1:media_stream_manager.cc(1533)] MSPL::OnSpeedLimitChange({this=000063AC0232AD40}, {new_limit=36})
[88664:77012:0924/214224.175:VERBOSE1:media_stream_manager.cc(1533)] MSPL::OnSpeedLimitChange({this=000063AC0232AD40}, {new_limit=35})
[88664:77012:0924/214225.166:VERBOSE1:media_stream_manager.cc(1533)] MSPL::OnSpeedLimitChange({this=000063AC0232AD40}, {new_limit=36})
[88664:77012:0924/214228.165:VERBOSE1:media_stream_manager.cc(1533)] MSPL::OnSpeedLimitChange({this=000063AC0232AD40}, {new_limit=37})
[88664:77012:0924/214233.179:VERBOSE1:media_stream_manager.cc(1533)] MSPL::OnSpeedLimitChange({this=000063AC0232AD40}, {new_limit=38})
[88664:77012:0924/214234.179:VERBOSE1:media_stream_manager.cc(1533)] MSPL::OnSpeedLimitChange({this=000063AC0232AD40}, {new_limit=39})
[88664:77012:0924/214235.172:VERBOSE1:media_stream_manager.cc(1533)] MSPL::OnSpeedLimitChange({this=000063AC0232AD40}, {new_limit=38})
[88664:77012:0924/214237.180:VERBOSE1:media_stream_manager.cc(1533)] MSPL::OnSpeedLimitChange({this=000063AC0232AD40}, {new_limit=39})
[88664:77012:0924/214238.180:VERBOSE1:media_stream_manager.cc(1533)] MSPL::OnSpeedLimitChange({this=000063AC0232AD40}, {new_limit=38})
[88664:77012:0924/214239.187:VERBOSE1:media_stream_manager.cc(1533)] MSPL::OnSpeedLimitChange({this=000063AC0232AD40}, {new_limit=39})
[88664:77012:0924/214243.193:VERBOSE1:media_stream_manager.cc(1533)] MSPL::OnSpeedLimitChange({this=000063AC0232AD40}, {new_limit=40})
[88664:77012:0924/214244.182:VERBOSE1:media_stream_manager.cc(1533)] MSPL::OnSpeedLimitChange({this=000063AC0232AD40}, {new_limit=39})
[88664:77012:0924/214245.196:VERBOSE1:media_stream_manager.cc(1533)] MSPL::OnSpeedLimitChange({this=000063AC0232AD40}, {new_limit=40})
[88664:77012:0924/214247.186:VERBOSE1:media_stream_manager.cc(1533)] MSPL::OnSpeedLimitChange({this=000063AC0232AD40}, {new_limit=39})
[88664:77012:0924/214248.189:VERBOSE1:media_stream_manager.cc(1533)] MSPL::OnSpeedLimitChange({this=000063AC0232AD40}, {new_limit=40})
[88664:77012:0924/214249.185:VERBOSE1:media_stream_manager.cc(1533)] MSPL::OnSpeedLimitChange({this=000063AC0232AD40}, {new_limit=39})
[88664:77012:0924/214251.192:VERBOSE1:media_stream_manager.cc(1533)] MSPL::OnSpeedLimitChange({this=000063AC0232AD40}, {new_limit=40})
[88664:77012:0924/214253.196:VERBOSE1:media_stream_manager.cc(1533)] MSPL::OnSpeedLimitChange({this=000063AC0232AD40}, {new_limit=39})
[88664:77012:0924/214254.199:VERBOSE1:media_stream_manager.cc(1533)] MSPL::OnSpeedLimitChange({this=000063AC0232AD40}, {new_limit=40})
[88664:77012:0924/214255.192:VERBOSE1:media_stream_manager.cc(1533)] MSPL::OnSpeedLimitChange({this=000063AC0232AD40}, {new_limit=39})
[88664:77012:0924/214256.197:VERBOSE1:media_stream_manager.cc(1533)] MSPL::OnSpeedLimitChange({this=000063AC0232AD40}, {new_limit=40})
[88664:77012:0924/214257.198:VERBOSE1:media_stream_manager.cc(1533)] MSPL::OnSpeedLimitChange({this=000063AC0232AD40}, {new_limit=41})
[88664:77012:0924/214259.203:VERBOSE1:media_stream_manager.cc(1533)] MSPL::OnSpeedLimitChange({this=000063AC0232AD40}, {new_limit=42})
[88664:77012:0924/214301.199:VERBOSE1:media_stream_manager.cc(1533)] MSPL::OnSpeedLimitChange({this=000063AC0232AD40}, {new_limit=41})
[88664:77012:0924/214302.209:VERBOSE1:media_stream_manager.cc(1533)] MSPL::OnSpeedLimitChange({this=000063AC0232AD40}, {new_limit=43})
[88664:77012:0924/214303.207:VERBOSE1:media_stream_manager.cc(1533)] MSPL::OnSpeedLimitChange({this=000063AC0232AD40}, {new_limit=44})
[88664:77012:0924/214304.208:VERBOSE1:media_stream_manager.cc(1533)] MSPL::OnSpeedLimitChange({this=000063AC0232AD40}, {new_limit=43})
[88664:77012:0924/214305.210:VERBOSE1:media_stream_manager.cc(1533)] MSPL::OnSpeedLimitChange({this=000063AC0232AD40}, {new_limit=45})
[88664:77012:0924/214306.209:VERBOSE1:media_stream_manager.cc(1533)] MSPL::OnSpeedLimitChange({this=000063AC0232AD40}, {new_limit=46})
[88664:77012:0924/214307.204:VERBOSE1:media_stream_manager.cc(1533)] MSPL::OnSpeedLimitChange({this=000063AC0232AD40}, {new_limit=45})
[88664:77012:0924/214309.205:VERBOSE1:media_stream_manager.cc(1533)] MSPL::OnSpeedLimitChange({this=000063AC0232AD40}, {new_limit=46})
[88664:77012:0924/214310.205:VERBOSE1:media_stream_manager.cc(1533)] MSPL::OnSpeedLimitChange({this=000063AC0232AD40}, {new_limit=45})
[88664:77012:0924/214311.214:VERBOSE1:media_stream_manager.cc(1533)] MSPL::OnSpeedLimitChange({this=000063AC0232AD40}, {new_limit=46})
[88664:77012:0924/214312.200:VERBOSE1:media_stream_manager.cc(1533)] MSPL::OnSpeedLimitChange({this=000063AC0232AD40}, {new_limit=45})
[88664:77012:0924/214313.211:VERBOSE1:media_stream_manager.cc(1533)] MSPL::OnSpeedLimitChange({this=000063AC0232AD40}, {new_limit=44})
[88664:77012:0924/214314.207:VERBOSE1:media_stream_manager.cc(1533)] MSPL::OnSpeedLimitChange({this=000063AC0232AD40}, {new_limit=46})
[88664:77012:0924/214315.213:VERBOSE1:media_stream_manager.cc(1533)] MSPL::OnSpeedLimitChange({this=000063AC0232AD40}, {new_limit=45})
[88664:77012:0924/214317.207:VERBOSE1:media_stream_manager.cc(1533)] MSPL::OnSpeedLimitChange({this=000063AC0232AD40}, {new_limit=47})
[88664:77012:0924/214318.210:VERBOSE1:media_stream_manager.cc(1533)] MSPL::OnSpeedLimitChange({this=000063AC0232AD40}, {new_limit=48})
[88664:77012:0924/214319.207:VERBOSE1:media_stream_manager.cc(1533)] MSPL::OnSpeedLimitChange({this=000063AC0232AD40}, {new_limit=46})
[88664:77012:0924/214320.207:VERBOSE1:media_stream_manager.cc(1533)] MSPL::OnSpeedLimitChange({this=000063AC0232AD40}, {new_limit=48})
[88664:77012:0924/214322.220:VERBOSE1:media_stream_manager.cc(1533)] MSPL::OnSpeedLimitChange({this=000063AC0232AD40}, {new_limit=47})
[88664:77012:0924/214323.216:VERBOSE1:media_stream_manager.cc(1533)] MSPL::OnSpeedLimitChange({this=000063AC0232AD40}, {new_limit=49})
[88664:77012:0924/214324.223:VERBOSE1:media_stream_manager.cc(1533)] MSPL::OnSpeedLimitChange({this=000063AC0232AD40}, {new_limit=48})
[88664:77012:0924/214325.228:VERBOSE1:media_stream_manager.cc(1533)] MSPL::OnSpeedLimitChange({this=000063AC0232AD40}, {new_limit=49})
[88664:77012:0924/214327.223:VERBOSE1:media_stream_manager.cc(1533)] MSPL::OnSpeedLimitChange({this=000063AC0232AD40}, {new_limit=48})
[88664:77012:0924/214328.230:VERBOSE1:media_stream_manager.cc(1533)] MSPL::OnSpeedLimitChange({this=000063AC0232AD40}, {new_limit=47})
[88664:77012:0924/214329.225:VERBOSE1:media_stream_manager.cc(1533)] MSPL::OnSpeedLimitChange({this=000063AC0232AD40}, {new_limit=48})
[88664:77012:0924/214334.230:VERBOSE1:media_stream_manager.cc(1533)] MSPL::OnSpeedLimitChange({this=000063AC0232AD40}, {new_limit=46})
[88664:77012:0924/214335.235:VERBOSE1:media_stream_manager.cc(1533)] MSPL::OnSpeedLimitChange({this=000063AC0232AD40}, {new_limit=47})
[88664:77012:0924/214336.228:VERBOSE1:media_stream_manager.cc(1533)] MSPL::OnSpeedLimitChange({this=000063AC0232AD40}, {new_limit=46})
[88664:77012:0924/214338.226:VERBOSE1:media_stream_manager.cc(1533)] MSPL::OnSpeedLimitChange({this=000063AC0232AD40}, {new_limit=48})
[88664:77012:0924/214339.239:VERBOSE1:media_stream_manager.cc(1533)] MSPL::OnSpeedLimitChange({this=000063AC0232AD40}, {new_limit=47})
[88664:77012:0924/214340.225:VERBOSE1:media_stream_manager.cc(1533)] MSPL::OnSpeedLimitChange({this=000063AC0232AD40}, {new_limit=46})
[88664:77012:0924/214344.237:VERBOSE1:media_stream_manager.cc(1533)] MSPL::OnSpeedLimitChange({this=000063AC0232AD40}, {new_limit=47})
[88664:77012:0924/214345.232:VERBOSE1:media_stream_manager.cc(1533)] MSPL::OnSpeedLimitChange({this=000063AC0232AD40}, {new_limit=46})
[88664:77012:0924/214346.240:VERBOSE1:media_stream_manager.cc(1533)] MSPL::OnSpeedLimitChange({this=000063AC0232AD40}, {new_limit=47})
[88664:77012:0924/214347.243:VERBOSE1:media_stream_manager.cc(1533)] MSPL::OnSpeedLimitChange({this=000063AC0232AD40}, {new_limit=48})
[88664:77012:0924/214348.245:VERBOSE1:media_stream_manager.cc(1533)] MSPL::OnSpeedLimitChange({this=000063AC0232AD40}, {new_limit=47})
[88664:77012:0924/214349.242:VERBOSE1:media_stream_manager.cc(1533)] MSPL::OnSpeedLimitChange({this=000063AC0232AD40}, {new_limit=46})
[88664:77012:0924/214350.235:VERBOSE1:media_stream_manager.cc(1533)] MSPL::OnSpeedLimitChange({this=000063AC0232AD40}, {new_limit=48})
[88664:77012:0924/214352.242:VERBOSE1:media_stream_manager.cc(1533)] MSPL::OnSpeedLimitChange({this=000063AC0232AD40}, {new_limit=46})
[88664:77012:0924/214353.238:VERBOSE1:media_stream_manager.cc(1533)] MSPL::OnSpeedLimitChange({this=000063AC0232AD40}, {new_limit=48})
[88664:77012:0924/214355.241:VERBOSE1:media_stream_manager.cc(1533)] MSPL::OnSpeedLimitChange({this=000063AC0232AD40}, {new_limit=47})
[88664:77012:0924/214359.246:VERBOSE1:media_stream_manager.cc(1533)] MSPL::OnSpeedLimitChange({this=000063AC0232AD40}, {new_limit=48})
[88664:77012:0924/214402.252:VERBOSE1:media_stream_manager.cc(1533)] MSPL::OnSpeedLimitChange({this=000063AC0232AD40}, {new_limit=50})
[88664:77012:0924/214403.259:VERBOSE1:media_stream_manager.cc(1533)] MSPL::OnSpeedLimitChange({this=000063AC0232AD40}, {new_limit=49})
[88664:77012:0924/214405.247:VERBOSE1:media_stream_manager.cc(1533)] MSPL::OnSpeedLimitChange({this=000063AC0232AD40}, {new_limit=50})
[88664:77012:0924/214406.250:VERBOSE1:media_stream_manager.cc(1533)] MSPL::OnSpeedLimitChange({this=000063AC0232AD40}, {new_limit=51})
[88664:77012:0924/214409.253:VERBOSE1:media_stream_manager.cc(1533)] MSPL::OnSpeedLimitChange({this=000063AC0232AD40}, {new_limit=50})
[88664:77012:0924/214411.250:VERBOSE1:media_stream_manager.cc(1533)] MSPL::OnSpeedLimitChange({this=000063AC0232AD40}, {new_limit=49})
[88664:77012:0924/214419.258:VERBOSE1:media_stream_manager.cc(1533)] MSPL::OnSpeedLimitChange({this=000063AC0232AD40}, {new_limit=50})
[88664:77012:0924/214420.268:VERBOSE1:media_stream_manager.cc(1533)] MSPL::OnSpeedLimitChange({this=000063AC0232AD40}, {new_limit=49})
[88664:77012:0924/214421.259:VERBOSE1:media_stream_manager.cc(1533)] MSPL::OnSpeedLimitChange({this=000063AC0232AD40}, {new_limit=50})
[88664:77012:0924/214422.260:VERBOSE1:media_stream_manager.cc(1533)] MSPL::OnSpeedLimitChange({this=000063AC0232AD40}, {new_limit=49})
[88664:77012:0924/214425.268:VERBOSE1:media_stream_manager.cc(1533)] MSPL::OnSpeedLimitChange({this=000063AC0232AD40}, {new_limit=48})
[88664:77012:0924/214426.256:VERBOSE1:media_stream_manager.cc(1533)] MSPL::OnSpeedLimitChange({this=000063AC0232AD40}, {new_limit=47})
[88664:77012:0924/214427.259:VERBOSE1:media_stream_manager.cc(1533)] MSPL::OnSpeedLimitChange({this=000063AC0232AD40}, {new_limit=46})
[88664:77012:0924/214428.273:VERBOSE1:media_stream_manager.cc(1533)] MSPL::OnSpeedLimitChange({this=000063AC0232AD40}, {new_limit=45})
[88664:77012:0924/214430.272:VERBOSE1:media_stream_manager.cc(1533)] MSPL::OnSpeedLimitChange({this=000063AC0232AD40}, {new_limit=46})
[88664:77012:0924/214431.267:VERBOSE1:media_stream_manager.cc(1533)] MSPL::OnSpeedLimitChange({this=000063AC0232AD40}, {new_limit=45})
[88664:77012:0924/214432.271:VERBOSE1:media_stream_manager.cc(1533)] MSPL::OnSpeedLimitChange({this=000063AC0232AD40}, {new_limit=46})
[88664:77012:0924/214433.266:VERBOSE1:media_stream_manager.cc(1533)] MSPL::OnSpeedLimitChange({this=000063AC0232AD40}, {new_limit=47})
[88664:77012:0924/214436.265:VERBOSE1:media_stream_manager.cc(1533)] MSPL::OnSpeedLimitChange({this=000063AC0232AD40}, {new_limit=49})
[88664:77012:0924/214440.268:VERBOSE1:media_stream_manager.cc(1533)] MSPL::OnSpeedLimitChange({this=000063AC0232AD40}, {new_limit=50})
[88664:77012:0924/214441.266:VERBOSE1:media_stream_manager.cc(1533)] MSPL::OnSpeedLimitChange({this=000063AC0232AD40}, {new_limit=51})
[88664:77012:0924/214444.290:VERBOSE1:media_stream_manager.cc(1533)] MSPL::OnSpeedLimitChange({this=000063AC0232AD40}, {new_limit=52})
[88664:77012:0924/214446.282:VERBOSE1:media_stream_manager.cc(1533)] MSPL::OnSpeedLimitChange({this=000063AC0232AD40}, {new_limit=51})
[88664:77012:0924/214448.277:VERBOSE1:media_stream_manager.cc(1533)] MSPL::OnSpeedLimitChange({this=000063AC0232AD40}, {new_limit=53})
[88664:77012:0924/214450.275:VERBOSE1:media_stream_manager.cc(1533)] MSPL::OnSpeedLimitChange({this=000063AC0232AD40}, {new_limit=52})
[88664:77012:0924/214451.291:VERBOSE1:media_stream_manager.cc(1533)] MSPL::OnSpeedLimitChange({this=000063AC0232AD40}, {new_limit=51})
[88664:77012:0924/214453.284:VERBOSE1:media_stream_manager.cc(1533)] MSPL::OnSpeedLimitChange({this=000063AC0232AD40}, {new_limit=49})
[88664:77012:0924/214456.290:VERBOSE1:media_stream_manager.cc(1533)] MSPL::OnSpeedLimitChange({this=000063AC0232AD40}, {new_limit=50})
[88664:77012:0924/214458.293:VERBOSE1:media_stream_manager.cc(1533)] MSPL::OnSpeedLimitChange({this=000063AC0232AD40}, {new_limit=48})
[88664:77012:0924/214459.302:VERBOSE1:media_stream_manager.cc(1533)] MSPL::OnSpeedLimitChange({this=000063AC0232AD40}, {new_limit=49})
[88664:77012:0924/214500.288:VERBOSE1:media_stream_manager.cc(1533)] MSPL::OnSpeedLimitChange({this=000063AC0232AD40}, {new_limit=48})
[88664:77012:0924/214502.294:VERBOSE1:media_stream_manager.cc(1533)] MSPL::OnSpeedLimitChange({this=000063AC0232AD40}, {new_limit=49})
[88664:77012:0924/214510.302:VERBOSE1:media_stream_manager.cc(1533)] MSPL::OnSpeedLimitChange({this=000063AC0232AD40}, {new_limit=51})
[88664:77012:0924/214512.295:VERBOSE1:media_stream_manager.cc(1533)] MSPL::OnSpeedLimitChange({this=000063AC0232AD40}, {new_limit=50})
[88664:77012:0924/214516.308:VERBOSE1:media_stream_manager.cc(1533)] MSPL::OnSpeedLimitChange({this=000063AC0232AD40}, {new_limit=53})
[88664:77012:0924/214517.320:VERBOSE1:media_stream_manager.cc(1533)] MSPL::OnSpeedLimitChange({this=000063AC0232AD40}, {new_limit=54})
[88664:77012:0924/214518.305:VERBOSE1:media_stream_manager.cc(1533)] MSPL::OnSpeedLimitChange({this=000063AC0232AD40}, {new_limit=56})
[88664:77012:0924/214519.311:VERBOSE1:media_stream_manager.cc(1533)] MSPL::OnSpeedLimitChange({this=000063AC0232AD40}, {new_limit=58})
[88664:77012:0924/214520.319:VERBOSE1:media_stream_manager.cc(1533)] MSPL::OnSpeedLimitChange({this=000063AC0232AD40}, {new_limit=59})
[88664:77012:0924/214521.312:VERBOSE1:media_stream_manager.cc(1533)] MSPL::OnSpeedLimitChange({this=000063AC0232AD40}, {new_limit=61})
[88664:77012:0924/214522.324:VERBOSE1:media_stream_manager.cc(1533)] MSPL::OnSpeedLimitChange({this=000063AC0232AD40}, {new_limit=62})
[88664:77012:0924/214523.321:VERBOSE1:media_stream_manager.cc(1533)] MSPL::OnSpeedLimitChange({this=000063AC0232AD40}, {new_limit=65})
[88664:77012:0924/214524.315:VERBOSE1:media_stream_manager.cc(1533)] MSPL::OnSpeedLimitChange({this=000063AC0232AD40}, {new_limit=67})
[88664:77012:0924/214525.333:VERBOSE1:media_stream_manager.cc(1533)] MSPL::OnSpeedLimitChange({this=000063AC0232AD40}, {new_limit=66})
[88664:77012:0924/214526.309:VERBOSE1:media_stream_manager.cc(1533)] MSPL::OnSpeedLimitChange({this=000063AC0232AD40}, {new_limit=65})
[88664:77012:0924/214527.308:VERBOSE1:media_stream_manager.cc(1533)] MSPL::OnSpeedLimitChange({this=000063AC0232AD40}, {new_limit=66})
[88664:77012:0924/214530.336:VERBOSE1:media_stream_manager.cc(1533)] MSPL::OnSpeedLimitChange({this=000063AC0232AD40}, {new_limit=65})
[88664:77012:0924/214531.370:VERBOSE1:media_stream_manager.cc(1533)] MSPL::OnSpeedLimitChange({this=000063AC0232AD40}, {new_limit=100})
[88664:77012:0924/214541.341:VERBOSE1:media_stream_manager.cc(1533)] MSPL::OnSpeedLimitChange({this=000063AC0232AD40}, {new_limit=71})
[88664:77012:0924/214542.320:VERBOSE1:media_stream_manager.cc(1533)] MSPL::OnSpeedLimitChange({this=000063AC0232AD40}, {new_limit=70})
[88664:77012:0924/214544.356:VERBOSE1:media_stream_manager.cc(1533)] MSPL::OnSpeedLimitChange({this=000063AC0232AD40}, {new_limit=72})
[88664:77012:0924/214545.381:VERBOSE1:media_stream_manager.cc(1533)] MSPL::OnSpeedLimitChange({this=000063AC0232AD40}, {new_limit=73})
[88664:77012:0924/214546.328:VERBOSE1:media_stream_manager.cc(1533)] MSPL::OnSpeedLimitChange({this=000063AC0232AD40}, {new_limit=75})
[88664:77012:0924/214547.332:VERBOSE1:media_stream_manager.cc(1533)] MSPL::OnSpeedLimitChange({this=000063AC0232AD40}, {new_limit=74})
[88664:77012:0924/214548.339:VERBOSE1:media_stream_manager.cc(1533)] MSPL::OnSpeedLimitChange({this=000063AC0232AD40}, {new_limit=76})
[88664:77012:0924/214549.338:VERBOSE1:media_stream_manager.cc(1533)] MSPL::OnSpeedLimitChange({this=000063AC0232AD40}, {new_limit=75})
[88664:77012:0924/214552.328:VERBOSE1:media_stream_manager.cc(1533)] MSPL::OnSpeedLimitChange({this=000063AC0232AD40}, {new_limit=76})
[88664:77012:0924/214554.331:VERBOSE1:media_stream_manager.cc(1533)] MSPL::OnSpeedLimitChange({this=000063AC0232AD40}, {new_limit=75})
[88664:77012:0924/214555.335:VERBOSE1:media_stream_manager.cc(1533)] MSPL::OnSpeedLimitChange({this=000063AC0232AD40}, {new_limit=73})
[88664:77012:0924/214556.329:VERBOSE1:media_stream_manager.cc(1533)] MSPL::OnSpeedLimitChange({this=000063AC0232AD40}, {new_limit=72})
[88664:77012:0924/214557.342:VERBOSE1:media_stream_manager.cc(1533)] MSPL::OnSpeedLimitChange({this=000063AC0232AD40}, {new_limit=71})
[88664:77012:0924/214558.347:VERBOSE1:media_stream_manager.cc(1533)] MSPL::OnSpeedLimitChange({this=000063AC0232AD40}, {new_limit=69})
[88664:77012:0924/214559.343:VERBOSE1:media_stream_manager.cc(1533)] MSPL::OnSpeedLimitChange({this=000063AC0232AD40}, {new_limit=70})
[88664:77012:0924/214600.346:VERBOSE1:media_stream_manager.cc(1533)] MSPL::OnSpeedLimitChange({this=000063AC0232AD40}, {new_limit=68})
[88664:77012:0924/214601.336:VERBOSE1:media_stream_manager.cc(1533)] MSPL::OnSpeedLimitChange({this=000063AC0232AD40}, {new_limit=66})
[88664:77012:0924/214604.350:VERBOSE1:media_stream_manager.cc(1533)] MSPL::OnSpeedLimitChange({this=000063AC0232AD40}, {new_limit=65})
[88664:77012:0924/214610.339:VERBOSE1:media_stream_manager.cc(1533)] MSPL::OnSpeedLimitChange({this=000063AC0232AD40}, {new_limit=67})
[88664:77012:0924/214611.348:VERBOSE1:media_stream_manager.cc(1533)] MSPL::OnSpeedLimitChange({this=000063AC0232AD40}, {new_limit=68})
[88664:77012:0924/214614.341:VERBOSE1:media_stream_manager.cc(1533)] MSPL::OnSpeedLimitChange({this=000063AC0232AD40}, {new_limit=67})
[88664:77012:0924/214615.458:VERBOSE1:media_stream_manager.cc(1533)] MSPL::OnSpeedLimitChange({this=000063AC0232AD40}, {new_limit=69})
[88664:77012:0924/214617.360:VERBOSE1:media_stream_manager.cc(1533)] MSPL::OnSpeedLimitChange({this=000063AC0232AD40}, {new_limit=68})
[88664:77012:0924/214619.350:VERBOSE1:media_stream_manager.cc(1533)] MSPL::OnSpeedLimitChange({this=000063AC0232AD40}, {new_limit=66})
[88664:77012:0924/214620.351:VERBOSE1:media_stream_manager.cc(1533)] MSPL::OnSpeedLimitChange({this=000063AC0232AD40}, {new_limit=65})
[88664:77012:0924/214621.367:VERBOSE1:media_stream_manager.cc(1533)] MSPL::OnSpeedLimitChange({this=000063AC0232AD40}, {new_limit=64})
[88664:77012:0924/214622.355:VERBOSE1:media_stream_manager.cc(1533)] MSPL::OnSpeedLimitChange({this=000063AC0232AD40}, {new_limit=65})
[88664:77012:0924/214623.364:VERBOSE1:media_stream_manager.cc(1533)] MSPL::OnSpeedLimitChange({this=000063AC0232AD40}, {new_limit=64})
[88664:77012:0924/214624.354:VERBOSE1:media_stream_manager.cc(1533)] MSPL::OnSpeedLimitChange({this=000063AC0232AD40}, {new_limit=65})
[88664:77012:0924/214625.365:VERBOSE1:media_stream_manager.cc(1533)] MSPL::OnSpeedLimitChange({this=000063AC0232AD40}, {new_limit=62})
[88664:77012:0924/214628.355:VERBOSE1:media_stream_manager.cc(1533)] MSPL::OnSpeedLimitChange({this=000063AC0232AD40}, {new_limit=61})
[88664:77012:0924/214629.358:VERBOSE1:media_stream_manager.cc(1533)] MSPL::OnSpeedLimitChange({this=000063AC0232AD40}, {new_limit=62})
[88664:77012:0924/214631.365:VERBOSE1:media_stream_manager.cc(1533)] MSPL::OnSpeedLimitChange({this=000063AC0232AD40}, {new_limit=63})
[88664:77012:0924/214632.369:VERBOSE1:media_stream_manager.cc(1533)] MSPL::OnSpeedLimitChange({this=000063AC0232AD40}, {new_limit=61})
[88664:77012:0924/214634.366:VERBOSE1:media_stream_manager.cc(1533)] MSPL::OnSpeedLimitChange({this=000063AC0232AD40}, {new_limit=60})
[88664:77012:0924/214635.364:VERBOSE1:media_stream_manager.cc(1533)] MSPL::OnSpeedLimitChange({this=000063AC0232AD40}, {new_limit=61})
[88664:77012:0924/214638.370:VERBOSE1:media_stream_manager.cc(1533)] MSPL::OnSpeedLimitChange({this=000063AC0232AD40}, {new_limit=62})
[88664:77012:0924/214640.371:VERBOSE1:media_stream_manager.cc(1533)] MSPL::OnSpeedLimitChange({this=000063AC0232AD40}, {new_limit=63})
[88664:77012:0924/214641.371:VERBOSE1:media_stream_manager.cc(1533)] MSPL::OnSpeedLimitChange({this=000063AC0232AD40}, {new_limit=64})
[88664:77012:0924/214642.366:VERBOSE1:media_stream_manager.cc(1533)] MSPL::OnSpeedLimitChange({this=000063AC0232AD40}, {new_limit=65})
[88664:77012:0924/214644.376:VERBOSE1:media_stream_manager.cc(1533)] MSPL::OnSpeedLimitChange({this=000063AC0232AD40}, {new_limit=67})
[88664:77012:0924/214646.378:VERBOSE1:media_stream_manager.cc(1533)] MSPL::OnSpeedLimitChange({this=000063AC0232AD40}, {new_limit=68})
[88664:77012:0924/214648.390:VERBOSE1:media_stream_manager.cc(1533)] MSPL::OnSpeedLimitChange({this=000063AC0232AD40}, {new_limit=69})
[88664:77012:0924/214649.381:VERBOSE1:media_stream_manager.cc(1533)] MSPL::OnSpeedLimitChange({this=000063AC0232AD40}, {new_limit=70})
[88664:77012:0924/214651.373:VERBOSE1:media_stream_manager.cc(1533)] MSPL::OnSpeedLimitChange({this=000063AC0232AD40}, {new_limit=69})
[88664:77012:0924/214652.378:VERBOSE1:media_stream_manager.cc(1533)] MSPL::OnSpeedLimitChange({this=000063AC0232AD40}, {new_limit=70})
[88664:77012:0924/214653.377:VERBOSE1:media_stream_manager.cc(1533)] MSPL::OnSpeedLimitChange({this=000063AC0232AD40}, {new_limit=72})
[88664:77012:0924/214656.383:VERBOSE1:media_stream_manager.cc(1533)] MSPL::OnSpeedLimitChange({this=000063AC0232AD40}, {new_limit=73})
[88664:77012:0924/214658.380:VERBOSE1:media_stream_manager.cc(1533)] MSPL::OnSpeedLimitChange({this=000063AC0232AD40}, {new_limit=71})
[88664:77012:0924/214700.370:VERBOSE1:media_stream_manager.cc(1533)] MSPL::OnSpeedLimitChange({this=000063AC0232AD40}, {new_limit=70})
[88664:77012:0924/214702.390:VERBOSE1:media_stream_manager.cc(1533)] MSPL::OnSpeedLimitChange({this=000063AC0232AD40}, {new_limit=69})
[88664:77012:0924/214703.384:VERBOSE1:media_stream_manager.cc(1533)] MSPL::OnSpeedLimitChange({this=000063AC0232AD40}, {new_limit=68})
[88664:77012:0924/214704.383:VERBOSE1:media_stream_manager.cc(1533)] MSPL::OnSpeedLimitChange({this=000063AC0232AD40}, {new_limit=67})
[88664:77012:0924/214705.384:VERBOSE1:media_stream_manager.cc(1533)] MSPL::OnSpeedLimitChange({this=000063AC0232AD40}, {new_limit=65})
[88664:88556:0924/214705.665:WARNING:page_discarding_helper.cc(138)] Discarding multiple pages with target (kb): 0
[88664:77012:0924/214707.385:VERBOSE1:media_stream_manager.cc(1533)] MSPL::OnSpeedLimitChange({this=000063AC0232AD40}, {new_limit=100})
[88664:88556:0924/214710.670:WARNING:page_discarding_helper.cc(138)] Discarding multiple pages with target (kb): 0
[88664:88556:0924/214715.682:WARNING:page_discarding_helper.cc(138)] Discarding multiple pages with target (kb): 0
[88664:77012:0924/214717.403:VERBOSE1:media_stream_manager.cc(1533)] MSPL::OnSpeedLimitChange({this=000063AC0232AD40}, {new_limit=61})
[88664:77012:0924/214719.396:VERBOSE1:media_stream_manager.cc(1533)] MSPL::OnSpeedLimitChange({this=000063AC0232AD40}, {new_limit=60})
[88664:88556:0924/214720.710:WARNING:page_discarding_helper.cc(138)] Discarding multiple pages with target (kb): 0
[88664:77012:0924/214723.406:VERBOSE1:media_stream_manager.cc(1533)] MSPL::OnSpeedLimitChange({this=000063AC0232AD40}, {new_limit=61})
[88664:77012:0924/214724.402:VERBOSE1:media_stream_manager.cc(1533)] MSPL::OnSpeedLimitChange({this=000063AC0232AD40}, {new_limit=57})
[88664:77012:0924/214725.409:VERBOSE1:media_stream_manager.cc(1533)] MSPL::OnSpeedLimitChange({this=000063AC0232AD40}, {new_limit=56})
[88664:77012:0924/214726.400:VERBOSE1:media_stream_manager.cc(1533)] MSPL::OnSpeedLimitChange({this=000063AC0232AD40}, {new_limit=58})
[88664:77012:0924/214728.400:VERBOSE1:media_stream_manager.cc(1533)] MSPL::OnSpeedLimitChange({this=000063AC0232AD40}, {new_limit=57})
[88664:77012:0924/214729.397:VERBOSE1:media_stream_manager.cc(1533)] MSPL::OnSpeedLimitChange({this=000063AC0232AD40}, {new_limit=56})
[88664:77012:0924/214730.400:VERBOSE1:media_stream_manager.cc(1533)] MSPL::OnSpeedLimitChange({this=000063AC0232AD40}, {new_limit=55})
[88664:77012:0924/214731.397:VERBOSE1:media_stream_manager.cc(1533)] MSPL::OnSpeedLimitChange({this=000063AC0232AD40}, {new_limit=54})
[88664:77012:0924/214732.405:VERBOSE1:media_stream_manager.cc(1533)] MSPL::OnSpeedLimitChange({this=000063AC0232AD40}, {new_limit=53})
[88664:77012:0924/214733.407:VERBOSE1:media_stream_manager.cc(1533)] MSPL::OnSpeedLimitChange({this=000063AC0232AD40}, {new_limit=51})
[88664:77012:0924/214734.399:VERBOSE1:media_stream_manager.cc(1533)] MSPL::OnSpeedLimitChange({this=000063AC0232AD40}, {new_limit=54})
[88664:77012:0924/214735.402:VERBOSE1:media_stream_manager.cc(1533)] MSPL::OnSpeedLimitChange({this=000063AC0232AD40}, {new_limit=57})
[88664:77012:0924/214736.417:VERBOSE1:media_stream_manager.cc(1533)] MSPL::OnSpeedLimitChange({this=000063AC0232AD40}, {new_limit=54})
[88664:77012:0924/214739.404:VERBOSE1:media_stream_manager.cc(1533)] MSPL::OnSpeedLimitChange({this=000063AC0232AD40}, {new_limit=55})
[88664:77012:0924/214742.408:VERBOSE1:media_stream_manager.cc(1533)] MSPL::OnSpeedLimitChange({this=000063AC0232AD40}, {new_limit=56})
[88664:77012:0924/214743.409:VERBOSE1:media_stream_manager.cc(1533)] MSPL::OnSpeedLimitChange({this=000063AC0232AD40}, {new_limit=57})
[88664:77012:0924/214745.410:VERBOSE1:media_stream_manager.cc(1533)] MSPL::OnSpeedLimitChange({this=000063AC0232AD40}, {new_limit=56})
[88664:77012:0924/214746.424:VERBOSE1:media_stream_manager.cc(1533)] MSPL::OnSpeedLimitChange({this=000063AC0232AD40}, {new_limit=57})
[88664:77012:0924/214748.417:VERBOSE1:media_stream_manager.cc(1533)] MSPL::OnSpeedLimitChange({this=000063AC0232AD40}, {new_limit=59})
[88664:77012:0924/214749.411:VERBOSE1:media_stream_manager.cc(1533)] MSPL::OnSpeedLimitChange({this=000063AC0232AD40}, {new_limit=60})
[88664:77012:0924/214750.416:VERBOSE1:media_stream_manager.cc(1533)] MSPL::OnSpeedLimitChange({this=000063AC0232AD40}, {new_limit=61})
[88664:77012:0924/214754.554:VERBOSE1:media_stream_manager.cc(1533)] MSPL::OnSpeedLimitChange({this=000063AC0232AD40}, {new_limit=62})
[88664:77012:0924/214756.423:VERBOSE1:media_stream_manager.cc(1533)] MSPL::OnSpeedLimitChange({this=000063AC0232AD40}, {new_limit=63})
[88664:77012:0924/214757.430:VERBOSE1:media_stream_manager.cc(1533)] MSPL::OnSpeedLimitChange({this=000063AC0232AD40}, {new_limit=65})
[88664:77012:0924/214758.417:VERBOSE1:media_stream_manager.cc(1533)] MSPL::OnSpeedLimitChange({this=000063AC0232AD40}, {new_limit=64})
[88664:77012:0924/214759.431:VERBOSE1:media_stream_manager.cc(1533)] MSPL::OnSpeedLimitChange({this=000063AC0232AD40}, {new_limit=63})
[88664:77012:0924/214800.424:VERBOSE1:media_stream_manager.cc(1533)] MSPL::OnSpeedLimitChange({this=000063AC0232AD40}, {new_limit=64})
[88664:77012:0924/214805.423:VERBOSE1:media_stream_manager.cc(1533)] MSPL::OnSpeedLimitChange({this=000063AC0232AD40}, {new_limit=61})
[88664:77012:0924/214806.455:VERBOSE1:media_stream_manager.cc(1533)] MSPL::OnSpeedLimitChange({this=000063AC0232AD40}, {new_limit=62})
[88664:77012:0924/214807.423:VERBOSE1:media_stream_manager.cc(1533)] MSPL::OnSpeedLimitChange({this=000063AC0232AD40}, {new_limit=60})
[88664:77012:0924/214808.435:VERBOSE1:media_stream_manager.cc(1533)] MSPL::OnSpeedLimitChange({this=000063AC0232AD40}, {new_limit=61})
[88664:77012:0924/214809.431:VERBOSE1:media_stream_manager.cc(1533)] MSPL::OnSpeedLimitChange({this=000063AC0232AD40}, {new_limit=60})
[88664:77012:0924/214813.425:VERBOSE1:media_stream_manager.cc(1533)] MSPL::OnSpeedLimitChange({this=000063AC0232AD40}, {new_limit=61})
[88664:77012:0924/214814.439:VERBOSE1:media_stream_manager.cc(1533)] MSPL::OnSpeedLimitChange({this=000063AC0232AD40}, {new_limit=63})
[88664:77012:0924/214815.436:VERBOSE1:media_stream_manager.cc(1533)] MSPL::OnSpeedLimitChange({this=000063AC0232AD40}, {new_limit=65})
[88664:77012:0924/214816.439:VERBOSE1:media_stream_manager.cc(1533)] MSPL::OnSpeedLimitChange({this=000063AC0232AD40}, {new_limit=63})
[88664:77012:0924/214817.439:VERBOSE1:media_stream_manager.cc(1533)] MSPL::OnSpeedLimitChange({this=000063AC0232AD40}, {new_limit=64})
[88664:77012:0924/214818.429:VERBOSE1:media_stream_manager.cc(1533)] MSPL::OnSpeedLimitChange({this=000063AC0232AD40}, {new_limit=65})
[88664:77012:0924/214819.437:VERBOSE1:media_stream_manager.cc(1533)] MSPL::OnSpeedLimitChange({this=000063AC0232AD40}, {new_limit=64})
[88664:77012:0924/214822.440:VERBOSE1:media_stream_manager.cc(1533)] MSPL::OnSpeedLimitChange({this=000063AC0232AD40}, {new_limit=65})
[88664:77012:0924/214823.446:VERBOSE1:media_stream_manager.cc(1533)] MSPL::OnSpeedLimitChange({this=000063AC0232AD40}, {new_limit=64})
[88664:77012:0924/214824.435:VERBOSE1:media_stream_manager.cc(1533)] MSPL::OnSpeedLimitChange({this=000063AC0232AD40}, {new_limit=63})
[88664:77012:0924/214825.435:VERBOSE1:media_stream_manager.cc(1533)] MSPL::OnSpeedLimitChange({this=000063AC0232AD40}, {new_limit=64})
[88664:77012:0924/214826.441:VERBOSE1:media_stream_manager.cc(1533)] MSPL::OnSpeedLimitChange({this=000063AC0232AD40}, {new_limit=63})
[88664:77012:0924/214830.441:VERBOSE1:media_stream_manager.cc(1533)] MSPL::OnSpeedLimitChange({this=000063AC0232AD40}, {new_limit=62})
[88664:77012:0924/214831.441:VERBOSE1:media_stream_manager.cc(1533)] MSPL::OnSpeedLimitChange({this=000063AC0232AD40}, {new_limit=63})
[88664:77012:0924/214832.445:VERBOSE1:media_stream_manager.cc(1533)] MSPL::OnSpeedLimitChange({this=000063AC0232AD40}, {new_limit=64})
[88664:77012:0924/214833.448:VERBOSE1:media_stream_manager.cc(1533)] MSPL::OnSpeedLimitChange({this=000063AC0232AD40}, {new_limit=62})
[88664:77012:0924/214834.435:VERBOSE1:media_stream_manager.cc(1533)] MSPL::OnSpeedLimitChange({this=000063AC0232AD40}, {new_limit=61})
[88664:77012:0924/214835.450:VERBOSE1:media_stream_manager.cc(1533)] MSPL::OnSpeedLimitChange({this=000063AC0232AD40}, {new_limit=60})
[88664:77012:0924/214836.442:VERBOSE1:media_stream_manager.cc(1533)] MSPL::OnSpeedLimitChange({this=000063AC0232AD40}, {new_limit=62})
[88664:77012:0924/214838.440:VERBOSE1:media_stream_manager.cc(1533)] MSPL::OnSpeedLimitChange({this=000063AC0232AD40}, {new_limit=61})
[88664:77012:0924/214839.447:VERBOSE1:media_stream_manager.cc(1533)] MSPL::OnSpeedLimitChange({this=000063AC0232AD40}, {new_limit=63})
[88664:77012:0924/214840.441:VERBOSE1:media_stream_manager.cc(1533)] MSPL::OnSpeedLimitChange({this=000063AC0232AD40}, {new_limit=62})
[88664:77012:0924/214841.451:VERBOSE1:media_stream_manager.cc(1533)] MSPL::OnSpeedLimitChange({this=000063AC0232AD40}, {new_limit=61})
[88664:77012:0924/214843.456:VERBOSE1:media_stream_manager.cc(1533)] MSPL::OnSpeedLimitChange({this=000063AC0232AD40}, {new_limit=62})
[88664:77012:0924/214850.453:VERBOSE1:media_stream_manager.cc(1533)] MSPL::OnSpeedLimitChange({this=000063AC0232AD40}, {new_limit=63})
[88664:77012:0924/214852.447:VERBOSE1:media_stream_manager.cc(1533)] MSPL::OnSpeedLimitChange({this=000063AC0232AD40}, {new_limit=64})
[88664:77012:0924/214853.452:VERBOSE1:media_stream_manager.cc(1533)] MSPL::OnSpeedLimitChange({this=000063AC0232AD40}, {new_limit=65})
[88664:77012:0924/214854.458:VERBOSE1:media_stream_manager.cc(1533)] MSPL::OnSpeedLimitChange({this=000063AC0232AD40}, {new_limit=64})
[88664:77012:0924/214857.463:VERBOSE1:media_stream_manager.cc(1533)] MSPL::OnSpeedLimitChange({this=000063AC0232AD40}, {new_limit=65})
[88664:77012:0924/214858.455:VERBOSE1:media_stream_manager.cc(1533)] MSPL::OnSpeedLimitChange({this=000063AC0232AD40}, {new_limit=64})
[88664:77012:0924/214859.463:VERBOSE1:media_stream_manager.cc(1533)] MSPL::OnSpeedLimitChange({this=000063AC0232AD40}, {new_limit=65})
[88664:77012:0924/214901.473:VERBOSE1:media_stream_manager.cc(1533)] MSPL::OnSpeedLimitChange({this=000063AC0232AD40}, {new_limit=63})
[88664:77012:0924/214902.473:VERBOSE1:media_stream_manager.cc(1533)] MSPL::OnSpeedLimitChange({this=000063AC0232AD40}, {new_limit=62})
[88664:77012:0924/214903.472:VERBOSE1:media_stream_manager.cc(1533)] MSPL::OnSpeedLimitChange({this=000063AC0232AD40}, {new_limit=61})
[88664:77012:0924/214904.471:VERBOSE1:media_stream_manager.cc(1533)] MSPL::OnSpeedLimitChange({this=000063AC0232AD40}, {new_limit=62})
[88664:77012:0924/214905.478:VERBOSE1:media_stream_manager.cc(1533)] MSPL::OnSpeedLimitChange({this=000063AC0232AD40}, {new_limit=61})
[88664:77012:0924/214908.466:VERBOSE1:media_stream_manager.cc(1533)] MSPL::OnSpeedLimitChange({this=000063AC0232AD40}, {new_limit=60})
[88664:77012:0924/214909.480:VERBOSE1:media_stream_manager.cc(1533)] MSPL::OnSpeedLimitChange({this=000063AC0232AD40}, {new_limit=59})
[88664:77012:0924/214910.481:VERBOSE1:media_stream_manager.cc(1533)] MSPL::OnSpeedLimitChange({this=000063AC0232AD40}, {new_limit=58})
[88664:77012:0924/214911.470:VERBOSE1:media_stream_manager.cc(1533)] MSPL::OnSpeedLimitChange({this=000063AC0232AD40}, {new_limit=60})
[88664:77012:0924/214918.482:VERBOSE1:media_stream_manager.cc(1533)] MSPL::OnSpeedLimitChange({this=000063AC0232AD40}, {new_limit=62})
[88664:77012:0924/214919.480:VERBOSE1:media_stream_manager.cc(1533)] MSPL::OnSpeedLimitChange({this=000063AC0232AD40}, {new_limit=61})
[88664:77012:0924/214921.489:VERBOSE1:media_stream_manager.cc(1533)] MSPL::OnSpeedLimitChange({this=000063AC0232AD40}, {new_limit=62})
[88664:77012:0924/214925.487:VERBOSE1:media_stream_manager.cc(1533)] MSPL::OnSpeedLimitChange({this=000063AC0232AD40}, {new_limit=63})
[88664:77012:0924/214926.478:VERBOSE1:media_stream_manager.cc(1533)] MSPL::OnSpeedLimitChange({this=000063AC0232AD40}, {new_limit=62})
[88664:77012:0924/214927.492:VERBOSE1:media_stream_manager.cc(1533)] MSPL::OnSpeedLimitChange({this=000063AC0232AD40}, {new_limit=63})
[88664:77012:0924/214928.486:VERBOSE1:media_stream_manager.cc(1533)] MSPL::OnSpeedLimitChange({this=000063AC0232AD40}, {new_limit=62})
[88664:77012:0924/214929.491:VERBOSE1:media_stream_manager.cc(1533)] MSPL::OnSpeedLimitChange({this=000063AC0232AD40}, {new_limit=64})
[88664:77012:0924/214930.486:VERBOSE1:media_stream_manager.cc(1533)] MSPL::OnSpeedLimitChange({this=000063AC0232AD40}, {new_limit=63})
[88664:77012:0924/214932.488:VERBOSE1:media_stream_manager.cc(1533)] MSPL::OnSpeedLimitChange({this=000063AC0232AD40}, {new_limit=64})
[88664:77012:0924/214933.494:VERBOSE1:media_stream_manager.cc(1533)] MSPL::OnSpeedLimitChange({this=000063AC0232AD40}, {new_limit=62})
[88664:77012:0924/214936.497:VERBOSE1:media_stream_manager.cc(1533)] MSPL::OnSpeedLimitChange({this=000063AC0232AD40}, {new_limit=63})
[88664:77012:0924/214937.496:VERBOSE1:media_stream_manager.cc(1533)] MSPL::OnSpeedLimitChange({this=000063AC0232AD40}, {new_limit=61})
[88664:77012:0924/214939.495:VERBOSE1:media_stream_manager.cc(1533)] MSPL::OnSpeedLimitChange({this=000063AC0232AD40}, {new_limit=62})
[88664:77012:0924/214941.493:VERBOSE1:media_stream_manager.cc(1533)] MSPL::OnSpeedLimitChange({this=000063AC0232AD40}, {new_limit=61})
[88664:77012:0924/214942.988:VERBOSE1:media_stream_manager.cc(1533)] MSPL::OnSpeedLimitChange({this=000063AC0232AD40}, {new_limit=63})
[88664:77012:0924/214944.517:VERBOSE1:media_stream_manager.cc(1533)] MSPL::OnSpeedLimitChange({this=000063AC0232AD40}, {new_limit=62})
[88664:77012:0924/214945.500:VERBOSE1:media_stream_manager.cc(1533)] MSPL::OnSpeedLimitChange({this=000063AC0232AD40}, {new_limit=59})
[88664:77012:0924/214947.509:VERBOSE1:media_stream_manager.cc(1533)] MSPL::OnSpeedLimitChange({this=000063AC0232AD40}, {new_limit=57})
[88664:77012:0924/214948.501:VERBOSE1:media_stream_manager.cc(1533)] MSPL::OnSpeedLimitChange({this=000063AC0232AD40}, {new_limit=54})
[88664:77012:0924/214949.511:VERBOSE1:media_stream_manager.cc(1533)] MSPL::OnSpeedLimitChange({this=000063AC0232AD40}, {new_limit=52})
[88664:77012:0924/214950.512:VERBOSE1:media_stream_manager.cc(1533)] MSPL::OnSpeedLimitChange({this=000063AC0232AD40}, {new_limit=50})
[88664:88556:0924/214951.493:WARNING:page_discarding_helper.cc(138)] Discarding multiple pages with target (kb): 0
[88664:77012:0924/214951.508:VERBOSE1:media_stream_manager.cc(1533)] MSPL::OnSpeedLimitChange({this=000063AC0232AD40}, {new_limit=49})
[88664:77012:0924/214952.509:VERBOSE1:media_stream_manager.cc(1533)] MSPL::OnSpeedLimitChange({this=000063AC0232AD40}, {new_limit=45})
[88664:77012:0924/214953.514:VERBOSE1:media_stream_manager.cc(1533)] MSPL::OnSpeedLimitChange({this=000063AC0232AD40}, {new_limit=43})
[88664:77012:0924/214955.518:VERBOSE1:media_stream_manager.cc(1533)] MSPL::OnSpeedLimitChange({this=000063AC0232AD40}, {new_limit=45})
[88664:77012:0924/214956.511:VERBOSE1:media_stream_manager.cc(1533)] MSPL::OnSpeedLimitChange({this=000063AC0232AD40}, {new_limit=44})
[88664:88556:0924/214956.511:WARNING:page_discarding_helper.cc(138)] Discarding multiple pages with target (kb): 0
[88664:77012:0924/214957.507:VERBOSE1:media_stream_manager.cc(1533)] MSPL::OnSpeedLimitChange({this=000063AC0232AD40}, {new_limit=43})
[88664:77012:0924/214959.504:VERBOSE1:media_stream_manager.cc(1533)] MSPL::OnSpeedLimitChange({this=000063AC0232AD40}, {new_limit=44})
[88664:77012:0924/215001.509:VERBOSE1:media_stream_manager.cc(1533)] MSPL::OnSpeedLimitChange({this=000063AC0232AD40}, {new_limit=43})
[88664:77012:0924/215004.511:VERBOSE1:media_stream_manager.cc(1533)] MSPL::OnSpeedLimitChange({this=000063AC0232AD40}, {new_limit=42})
[88664:77012:0924/215005.525:VERBOSE1:media_stream_manager.cc(1533)] MSPL::OnSpeedLimitChange({this=000063AC0232AD40}, {new_limit=39})
[88664:88556:0924/215006.529:WARNING:page_discarding_helper.cc(138)] Discarding multiple pages with target (kb): 0
[88664:77012:0924/215008.524:VERBOSE1:media_stream_manager.cc(1533)] MSPL::OnSpeedLimitChange({this=000063AC0232AD40}, {new_limit=40})
[88664:77012:0924/215009.525:VERBOSE1:media_stream_manager.cc(1533)] MSPL::OnSpeedLimitChange({this=000063AC0232AD40}, {new_limit=41})
[88664:77012:0924/215010.530:VERBOSE1:media_stream_manager.cc(1533)] MSPL::OnSpeedLimitChange({this=000063AC0232AD40}, {new_limit=40})
[88664:77012:0924/215011.525:VERBOSE1:media_stream_manager.cc(1533)] MSPL::OnSpeedLimitChange({this=000063AC0232AD40}, {new_limit=43})
[88664:77012:0924/215012.513:VERBOSE1:media_stream_manager.cc(1533)] MSPL::OnSpeedLimitChange({this=000063AC0232AD40}, {new_limit=44})
[88664:77012:0924/215014.518:VERBOSE1:media_stream_manager.cc(1533)] MSPL::OnSpeedLimitChange({this=000063AC0232AD40}, {new_limit=45})
[88664:77012:0924/215015.515:VERBOSE1:media_stream_manager.cc(1533)] MSPL::OnSpeedLimitChange({this=000063AC0232AD40}, {new_limit=46})
[88664:77012:0924/215016.519:VERBOSE1:media_stream_manager.cc(1533)] MSPL::OnSpeedLimitChange({this=000063AC0232AD40}, {new_limit=47})
[88664:77012:0924/215018.527:VERBOSE1:media_stream_manager.cc(1533)] MSPL::OnSpeedLimitChange({this=000063AC0232AD40}, {new_limit=48})
[88664:77012:0924/215019.516:VERBOSE1:media_stream_manager.cc(1533)] MSPL::OnSpeedLimitChange({this=000063AC0232AD40}, {new_limit=47})
[88664:77012:0924/215020.522:VERBOSE1:media_stream_manager.cc(1533)] MSPL::OnSpeedLimitChange({this=000063AC0232AD40}, {new_limit=48})
[88664:77012:0924/215021.520:VERBOSE1:media_stream_manager.cc(1533)] MSPL::OnSpeedLimitChange({this=000063AC0232AD40}, {new_limit=47})
[88664:88556:0924/215022.669:VERBOSE1:frame_host_impl.cc(568)] frame A-6A4ECF714A7E54D0B978471F0B8BEA6A (main) detached (reason=RENDER_FRAME_CHANGED, is_connected=0)
[87016:77436:0924/215022.677:VERBOSE1:video_capture_oracle.cc(91)] Capture size auto-throttling is now enabled.
[87016:77436:0924/215022.678:VERBOSE1:video_capture_oracle.cc(120)] Capture size auto-throttling is now disabled.
[87016:77436:0924/215022.678:VERBOSE1:capture_resolution_chooser.cc(205)] Recomputed snapped frame sizes: 2x2
[87016:77436:0924/215022.678:VERBOSE1:capture_resolution_chooser.cc(157)] Recomputed capture size from 640x360 to 2x2 (100% of ideal size)
[88664:88556:0924/215022.737:VERBOSE1:mutable_profile_oauth2_token_service_delegate.cc(312)] MutablePO2TS::RefreshTokenIsAvailable
[88664:88556:0924/215022.737:VERBOSE1:account_consistency_mode_manager.cc(218)] Desktop Identity Consistency disabled as sign-in to Chrome is not allowed
[88664:88556:0924/215022.852:VERBOSE1:mutable_profile_oauth2_token_service_delegate.cc(312)] MutablePO2TS::RefreshTokenIsAvailable
[88664:88556:0924/215022.852:VERBOSE1:account_consistency_mode_manager.cc(218)] Desktop Identity Consistency disabled as sign-in to Chrome is not allowed
[88664:77012:0924/215022.852:VERBOSE1:media_stream_manager.cc(1533)] MSPL::OnSpeedLimitChange({this=000063AC0232AD40}, {new_limit=49})
[88664:62336:0924/215023.278:VERBOSE1:file_url_loader_factory.cc(473)] FileURLLoader::Start: file:///C:/Program%20Files/Epic%20Games/UE_5.7/Engine/Plugins/Fab/ThirdParty/index.html
[88664:88556:0924/215023.353:VERBOSE1:browser_info_manager.cc(524)] frame A-6A4ECF714A7E54D0B978471F0B8BEA6A, pdf_process=0, browser_process_guest=0, print_preview_dialog=0, main=1
[88664:88556:0924/215023.353:VERBOSE1:frame_host_impl.cc(683)] frame A-6A4ECF714A7E54D0B978471F0B8BEA6A (main) connected
[88664:88556:0924/215023.448:VERBOSE1:browser_info_manager.cc(524)] frame A-6A4ECF714A7E54D0B978471F0B8BEA6A, pdf_process=0, browser_process_guest=0, print_preview_dialog=0, main=1
[88664:88556:0924/215023.811:INFO:CONSOLE(1)] "Uncaught TypeError: window.ue.fab.onLoginSuccessful is not a function", source:  (1)
[87016:77436:0924/215023.953:VERBOSE1:capture_resolution_chooser.cc(205)] Recomputed snapped frame sizes: 2x2
[88664:88556:0924/215023.975:VERBOSE1:browser_info_manager.cc(524)] frame A-6A4ECF714A7E54D0B978471F0B8BEA6A, pdf_process=0, browser_process_guest=0, print_preview_dialog=0, main=1
[88664:88556:0924/215024.135:VERBOSE1:browser_info_manager.cc(524)] frame A-6A4ECF714A7E54D0B978471F0B8BEA6A, pdf_process=0, browser_process_guest=0, print_preview_dialog=0, main=1
[87016:77436:0924/215024.176:VERBOSE1:capture_resolution_chooser.cc(205)] Recomputed snapped frame sizes: 2x2
[88664:88556:0924/215024.203:VERBOSE1:browser_info_manager.cc(524)] frame A-6A4ECF714A7E54D0B978471F0B8BEA6A, pdf_process=0, browser_process_guest=0, print_preview_dialog=0, main=1
[87016:77436:0924/215024.205:VERBOSE1:capture_resolution_chooser.cc(205)] Recomputed snapped frame sizes: 1265x724
[87016:77436:0924/215024.205:VERBOSE1:capture_resolution_chooser.cc(157)] Recomputed capture size from 2x2 to 1265x724 (100% of ideal size)
[84408:88248:0924/215024.209:VERBOSE1:network_delegate.cc(36)] NetworkDelegate::NotifyBeforeURLRequest: https://dns.google/dns-query?dns=AAABAAABAAAAAAABA3d3dwNmYWIDY29tAAAcAAEAACkQAAAAAAAAWAAMAFQAAAAAAAAAAAAAAAAAAAAAAAAAAAAAAAAAAAAAAAAAAAAAAAAAAAAAAAAAAAAAAAAAAAAAAAAAAAAAAAAAAAAAAAAAAAAAAAAAAAAAAAAAAAAAAAA
[84408:88248:0924/215024.216:VERBOSE1:network_delegate.cc(36)] NetworkDelegate::NotifyBeforeURLRequest: https://dns.google/dns-query?dns=AAABAAABAAAAAAABA3d3dwNmYWIDY29tAAABAAEAACkQAAAAAAAAWAAMAFQAAAAAAAAAAAAAAAAAAAAAAAAAAAAAAAAAAAAAAAAAAAAAAAAAAAAAAAAAAAAAAAAAAAAAAAAAAAAAAAAAAAAAAAAAAAAAAAAAAAAAAAAAAAAAAAA
[84408:88248:0924/215024.217:VERBOSE1:network_delegate.cc(36)] NetworkDelegate::NotifyBeforeURLRequest: https://dns.google/dns-query?dns=AAABAAABAAAAAAABA3d3dwNmYWIDY29tAABBAAEAACkQAAAAAAAAWAAMAFQAAAAAAAAAAAAAAAAAAAAAAAAAAAAAAAAAAAAAAAAAAAAAAAAAAAAAAAAAAAAAAAAAAAAAAAAAAAAAAAAAAAAAAAAAAAAAAAAAAAAAAAAAAAAAAAA
[88664:88556:0924/215024.219:VERBOSE1:mutable_profile_oauth2_token_service_delegate.cc(312)] MutablePO2TS::RefreshTokenIsAvailable
[88664:88556:0924/215024.219:VERBOSE1:account_consistency_mode_manager.cc(218)] Desktop Identity Consistency disabled as sign-in to Chrome is not allowed
[84408:88248:0924/215024.292:VERBOSE1:network_delegate.cc(36)] NetworkDelegate::NotifyBeforeURLRequest: https://dns.google/dns-query?dns=AAABAAABAAAAAAABDGExMjI5YmI0NjlhZgF3CGhjYXB0Y2hhA2NvbQAAHAABAAApEAAAAAAAAEgADABEAAAAAAAAAAAAAAAAAAAAAAAAAAAAAAAAAAAAAAAAAAAAAAAAAAAAAAAAAAAAAAAAAAAAAAAAAAAAAAAAAAAAAAAAAAA
[84408:88248:0924/215024.292:VERBOSE1:network_delegate.cc(36)] NetworkDelegate::NotifyBeforeURLRequest: https://dns.google/dns-query?dns=AAABAAABAAAAAAABDGExMjI5YmI0NjlhZgF3CGhjYXB0Y2hhA2NvbQAAAQABAAApEAAAAAAAAEgADABEAAAAAAAAAAAAAAAAAAAAAAAAAAAAAAAAAAAAAAAAAAAAAAAAAAAAAAAAAAAAAAAAAAAAAAAAAAAAAAAAAAAAAAAAAAA
[84408:88248:0924/215024.292:VERBOSE1:network_delegate.cc(36)] NetworkDelegate::NotifyBeforeURLRequest: https://dns.google/dns-query?dns=AAABAAABAAAAAAABDGExMjI5YmI0NjlhZgF3CGhjYXB0Y2hhA2NvbQAAQQABAAApEAAAAAAAAEgADABEAAAAAAAAAAAAAAAAAAAAAAAAAAAAAAAAAAAAAAAAAAAAAAAAAAAAAAAAAAAAAAAAAAAAAAAAAAAAAAAAAAAAAAAAAAA
[84408:88248:0924/215024.294:VERBOSE1:network_delegate.cc(36)] NetworkDelegate::NotifyBeforeURLRequest: https://dns.google/dns-query?dns=AAABAAABAAAAAAABDDA0NzI5ODFlZTcxZAF3CGhjYXB0Y2hhA2NvbQAAHAABAAApEAAAAAAAAEgADABEAAAAAAAAAAAAAAAAAAAAAAAAAAAAAAAAAAAAAAAAAAAAAAAAAAAAAAAAAAAAAAAAAAAAAAAAAAAAAAAAAAAAAAAAAAA
[84408:88248:0924/215024.294:VERBOSE1:network_delegate.cc(36)] NetworkDelegate::NotifyBeforeURLRequest: https://dns.google/dns-query?dns=AAABAAABAAAAAAABDDA0NzI5ODFlZTcxZAF3CGhjYXB0Y2hhA2NvbQAAAQABAAApEAAAAAAAAEgADABEAAAAAAAAAAAAAAAAAAAAAAAAAAAAAAAAAAAAAAAAAAAAAAAAAAAAAAAAAAAAAAAAAAAAAAAAAAAAAAAAAAAAAAAAAAA
[84408:88248:0924/215024.294:VERBOSE1:network_delegate.cc(36)] NetworkDelegate::NotifyBeforeURLRequest: https://dns.google/dns-query?dns=AAABAAABAAAAAAABDDA0NzI5ODFlZTcxZAF3CGhjYXB0Y2hhA2NvbQAAQQABAAApEAAAAAAAAEgADABEAAAAAAAAAAAAAAAAAAAAAAAAAAAAAAAAAAAAAAAAAAAAAAAAAAAAAAAAAAAAAAAAAAAAAAAAAAAAAAAAAAAAAAAAAAA
[84408:88248:0924/215024.299:VERBOSE1:network_delegate.cc(36)] NetworkDelegate::NotifyBeforeURLRequest: https://www.fab.com/plugins/ue5
[88664:88556:0924/215024.469:VERBOSE1:browser_info_manager.cc(524)] frame B-AB9788D561701B5F79AD6B5012B0F0BC, pdf_process=0, browser_process_guest=0, print_preview_dialog=0, main=1
[88664:88556:0924/215024.469:VERBOSE1:frame_host_impl.cc(683)] frame B-AB9788D561701B5F79AD6B5012B0F0BC (main) connected
[84408:88248:0924/215024.491:VERBOSE1:tls_handshaker.cc(105)] TlsClient: Continuing handshake
[88664:77012:0924/215024.528:VERBOSE1:media_stream_manager.cc(1533)] MSPL::OnSpeedLimitChange({this=000063AC0232AD40}, {new_limit=48})
[84408:88248:0924/215024.738:VERBOSE1:tls_handshaker.cc(105)] TlsClient: Continuing handshake
[84408:88248:0924/215024.944:VERBOSE1:tls_handshaker.cc(105)] TlsClient: Continuing handshake
[84408:88248:0924/215024.944:VERBOSE1:tls_handshaker.cc(105)] TlsClient: Continuing handshake
[84408:88248:0924/215024.945:VERBOSE1:tls_handshaker.cc(105)] TlsClient: Continuing handshake
[84408:88248:0924/215024.982:VERBOSE1:tls_handshaker.cc(105)] TlsClient: Continuing handshake
[84408:88248:0924/215024.985:VERBOSE1:tls_client_handshaker.cc(528)] Client: handshake finished
[84408:88248:0924/215025.085:VERBOSE1:tls_handshaker.cc(105)] TlsClient: Continuing handshake
[84408:88248:0924/215025.128:VERBOSE1:network_delegate.cc(36)] NetworkDelegate::NotifyBeforeURLRequest: https://dns.google/dns-query?dns=AAABAAABAAAAAAABDDE0ZTllNjNhYTdmYwF3CGhjYXB0Y2hhA2NvbQAAHAABAAApEAAAAAAAAEgADABEAAAAAAAAAAAAAAAAAAAAAAAAAAAAAAAAAAAAAAAAAAAAAAAAAAAAAAAAAAAAAAAAAAAAAAAAAAAAAAAAAAAAAAAAAAA
[84408:88248:0924/215025.129:VERBOSE1:network_delegate.cc(36)] NetworkDelegate::NotifyBeforeURLRequest: https://dns.google/dns-query?dns=AAABAAABAAAAAAABDDE0ZTllNjNhYTdmYwF3CGhjYXB0Y2hhA2NvbQAAAQABAAApEAAAAAAAAEgADABEAAAAAAAAAAAAAAAAAAAAAAAAAAAAAAAAAAAAAAAAAAAAAAAAAAAAAAAAAAAAAAAAAAAAAAAAAAAAAAAAAAAAAAAAAAA
[84408:88248:0924/215025.130:VERBOSE1:network_delegate.cc(36)] NetworkDelegate::NotifyBeforeURLRequest: https://dns.google/dns-query?dns=AAABAAABAAAAAAABDDE0ZTllNjNhYTdmYwF3CGhjYXB0Y2hhA2NvbQAAQQABAAApEAAAAAAAAEgADABEAAAAAAAAAAAAAAAAAAAAAAAAAAAAAAAAAAAAAAAAAAAAAAAAAAAAAAAAAAAAAAAAAAAAAAAAAAAAAAAAAAAAAAAAAAA
[84408:88248:0924/215025.131:VERBOSE1:network_delegate.cc(36)] NetworkDelegate::NotifyBeforeURLRequest: https://dns.google/dns-query?dns=AAABAAABAAAAAAABBnN0YXRpYwNmYWIDY29tAAAcAAEAACkQAAAAAAAAVQAMAFEAAAAAAAAAAAAAAAAAAAAAAAAAAAAAAAAAAAAAAAAAAAAAAAAAAAAAAAAAAAAAAAAAAAAAAAAAAAAAAAAAAAAAAAAAAAAAAAAAAAAAAAAAAAA
[84408:88248:0924/215025.131:VERBOSE1:network_delegate.cc(36)] NetworkDelegate::NotifyBeforeURLRequest: https://dns.google/dns-query?dns=AAABAAABAAAAAAABBnN0YXRpYwNmYWIDY29tAAABAAEAACkQAAAAAAAAVQAMAFEAAAAAAAAAAAAAAAAAAAAAAAAAAAAAAAAAAAAAAAAAAAAAAAAAAAAAAAAAAAAAAAAAAAAAAAAAAAAAAAAAAAAAAAAAAAAAAAAAAAAAAAAAAAA
[84408:88248:0924/215025.131:VERBOSE1:network_delegate.cc(36)] NetworkDelegate::NotifyBeforeURLRequest: https://dns.google/dns-query?dns=AAABAAABAAAAAAABBnN0YXRpYwNmYWIDY29tAABBAAEAACkQAAAAAAAAVQAMAFEAAAAAAAAAAAAAAAAAAAAAAAAAAAAAAAAAAAAAAAAAAAAAAAAAAAAAAAAAAAAAAAAAAAAAAAAAAAAAAAAAAAAAAAAAAAAAAAAAAAAAAAAAAAA
[84408:88248:0924/215025.169:VERBOSE1:tls_handshaker.cc(105)] TlsClient: Continuing handshake
[84408:88248:0924/215025.175:VERBOSE1:tls_handshaker.cc(105)] TlsClient: Continuing handshake
[84408:88248:0924/215025.175:VERBOSE1:tls_handshaker.cc(105)] TlsClient: Continuing handshake
[84408:88248:0924/215025.175:VERBOSE1:tls_handshaker.cc(105)] TlsClient: Continuing handshake
[84408:88248:0924/215025.214:VERBOSE1:tls_handshaker.cc(105)] TlsClient: Continuing handshake
[84408:88248:0924/215025.215:VERBOSE1:tls_client_handshaker.cc(528)] Client: handshake finished
[84408:88248:0924/215025.351:VERBOSE1:tls_handshaker.cc(105)] TlsClient: Continuing handshake
[88664:77012:0924/215025.529:VERBOSE1:media_stream_manager.cc(1533)] MSPL::OnSpeedLimitChange({this=000063AC0232AD40}, {new_limit=47})
[84408:88248:0924/215025.608:VERBOSE1:tls_handshaker.cc(105)] TlsClient: Continuing handshake
[84408:88248:0924/215025.622:VERBOSE1:tls_handshaker.cc(105)] TlsClient: Continuing handshake
[84408:88248:0924/215025.622:VERBOSE1:tls_handshaker.cc(105)] TlsClient: Continuing handshake
[84408:88248:0924/215025.622:VERBOSE1:tls_handshaker.cc(105)] TlsClient: Continuing handshake
[84408:88248:0924/215025.662:VERBOSE1:tls_handshaker.cc(105)] TlsClient: Continuing handshake
[84408:88248:0924/215025.662:VERBOSE1:tls_client_handshaker.cc(528)] Client: handshake finished
[88664:88556:0924/215025.833:VERBOSE1:mutable_profile_oauth2_token_service_delegate.cc(312)] MutablePO2TS::RefreshTokenIsAvailable
[88664:88556:0924/215025.833:VERBOSE1:account_consistency_mode_manager.cc(218)] Desktop Identity Consistency disabled as sign-in to Chrome is not allowed
[84408:88248:0924/215025.884:VERBOSE1:network_delegate.cc(36)] NetworkDelegate::NotifyBeforeURLRequest: https://www.fab.com/plugins/ue5/
[88664:77012:0924/215026.538:VERBOSE1:media_stream_manager.cc(1533)] MSPL::OnSpeedLimitChange({this=000063AC0232AD40}, {new_limit=46})
[88664:88556:0924/215026.642:VERBOSE1:frame_host_impl.cc(515)] frame B-AB9788D561701B5F79AD6B5012B0F0BC (main) detached (reason=RENDER_FRAME_DELETED, is_connected=1)
[88664:88556:0924/215026.734:VERBOSE1:frame_host_impl.cc(568)] frame B-21DAFB1A16403E9EC052FDEBF5B477A8 (main) detached (reason=RENDER_FRAME_CHANGED, is_connected=0)
[88664:88556:0924/215026.734:VERBOSE1:frame_host_impl.cc(515)] frame A-6A4ECF714A7E54D0B978471F0B8BEA6A (main) detached (reason=NEW_MAIN_FRAME, is_connected=1)
[88664:88556:0924/215026.735:VERBOSE1:back_forward_cache_impl.cc(725)] BackForwardCacheImpl::GetCurrentBackForwardCacheEligibility: file:///C:/Program%20Files/Epic%20Games/UE_5.7/Engine/Plugins/Fab/ThirdParty/index.html : No: scheme is not HTTP or HTTPS
[88664:88556:0924/215026.735:VERBOSE1:back_forward_cache_impl.cc(725)] BackForwardCacheImpl::GetCompleteBackForwardCacheEligibilityForReporting: file:///C:/Program%20Files/Epic%20Games/UE_5.7/Engine/Plugins/Fab/ThirdParty/index.html : No: scheme is not HTTP or HTTPS
[87016:77436:0924/215026.739:VERBOSE1:video_capture_oracle.cc(91)] Capture size auto-throttling is now enabled.
[87016:77436:0924/215026.739:VERBOSE1:video_capture_oracle.cc(120)] Capture size auto-throttling is now disabled.
[87016:77436:0924/215026.739:VERBOSE1:capture_resolution_chooser.cc(205)] Recomputed snapped frame sizes: 1265x724
[87016:77436:0924/215026.739:VERBOSE1:capture_resolution_chooser.cc(157)] Recomputed capture size from 640x360 to 1265x724 (100% of ideal size)
[44632:65328:0924/215026.741:WARNING:frame_impl.cc(430)] virtual CefFrameImpl::SendProcessMessage sent to detached frame A-6A4ECF714A7E54D0B978471F0B8BEA6A will be ignored
[84408:88248:0924/215026.775:VERBOSE1:network_delegate.cc(36)] NetworkDelegate::NotifyBeforeURLRequest: https://static.fab.com/static/builds/web/dist/6a327cbdb7b9cb7213424866ae694e4a-v1.css
[84408:88248:0924/215026.776:VERBOSE1:network_delegate.cc(36)] NetworkDelegate::NotifyBeforeURLRequest: https://static.fab.com/static/builds/web/dist/fe73ab3dfee79056fe288ce601582a8b-v1.css
[84408:88248:0924/215026.776:VERBOSE1:network_delegate.cc(36)] NetworkDelegate::NotifyBeforeURLRequest: https://static.fab.com/static/builds/web/dist/1b9ad816dcaec7927c5a86e4ef7514c1-v1.css
[84408:88248:0924/215026.776:VERBOSE1:network_delegate.cc(36)] NetworkDelegate::NotifyBeforeURLRequest: https://static.fab.com/static/builds/web/dist/15d4304bd8c536655269de8ca61bf433-v1.css
[84408:88248:0924/215026.777:VERBOSE1:network_delegate.cc(36)] NetworkDelegate::NotifyBeforeURLRequest: https://static.fab.com/static/builds/web/dist/@fab/design-system/typeface/8376b8623e28c99eec223d45d3ab3d07-v1.woff2
[84408:88248:0924/215026.777:VERBOSE1:network_delegate.cc(36)] NetworkDelegate::NotifyBeforeURLRequest: https://static.fab.com/static/builds/web/dist/@fab/design-system/typeface/e6aed9a8068734fdd3d8a249e0fb1f0d-v1.woff2
[84408:88248:0924/215026.777:VERBOSE1:network_delegate.cc(36)] NetworkDelegate::NotifyBeforeURLRequest: https://static.fab.com/static/builds/web/dist/@fab/design-system/typeface/523ab0ec2bd5d6d5c5a7c1c12a5e04a9-v1.woff2
[84408:88248:0924/215026.778:VERBOSE1:network_delegate.cc(36)] NetworkDelegate::NotifyBeforeURLRequest: https://static.fab.com/static/builds/web/dist/@fab/design-system/typeface/13eac5cdf6c4468e20321d73e7889674-v1.woff2
[84408:88248:0924/215026.778:VERBOSE1:network_delegate.cc(36)] NetworkDelegate::NotifyBeforeURLRequest: https://static.fab.com/static/builds/web/dist/@fab/design-system/typeface/003744d405b466384fbbbeaa53be70e0-v1.woff2
[84408:88248:0924/215026.778:VERBOSE1:network_delegate.cc(36)] NetworkDelegate::NotifyBeforeURLRequest: https://static.fab.com/static/builds/web/dist/@epic-tokens/eds-icons/font/typeface/16eb49b812dd7d7af3799aa5359ec0c4-v1.woff2
[84408:88248:0924/215026.780:VERBOSE1:network_delegate.cc(36)] NetworkDelegate::NotifyBeforeURLRequest: https://static.fab.com/static/builds/web/dist/c7c6045db998a6690df041e531e8ee6b-v1.js
[84408:88248:0924/215026.780:VERBOSE1:network_delegate.cc(36)] NetworkDelegate::NotifyBeforeURLRequest: https://static.fab.com/static/builds/web/dist/5434f25342e8bfdc07454f59b40045f7-v1.js
[84408:88248:0924/215026.780:VERBOSE1:network_delegate.cc(36)] NetworkDelegate::NotifyBeforeURLRequest: https://static.fab.com/static/builds/web/dist/2fdce287d693e8a8356ebc7e740484a2-v1.js
[84408:88248:0924/215026.780:VERBOSE1:network_delegate.cc(36)] NetworkDelegate::NotifyBeforeURLRequest: https://static.fab.com/static/builds/web/dist/48879c32e866c0efb1e7b233dfad3042-v1.js
[84408:88248:0924/215026.780:VERBOSE1:network_delegate.cc(36)] NetworkDelegate::NotifyBeforeURLRequest: https://static.fab.com/static/builds/web/dist/dd81eeaec14f69b4ef27ab38953dee6f-v1.js
[84408:88248:0924/215026.780:VERBOSE1:network_delegate.cc(36)] NetworkDelegate::NotifyBeforeURLRequest: https://static.fab.com/static/builds/web/dist/01e6738f4b722f123c92856e884d06a7-v1.js
[84408:88248:0924/215026.782:VERBOSE1:network_delegate.cc(36)] NetworkDelegate::NotifyBeforeURLRequest: https://static.fab.com/static/builds/web/dist/311d242f4442f803347c599c0687b7a2-v1.js
[84408:88248:0924/215026.783:VERBOSE1:network_delegate.cc(36)] NetworkDelegate::NotifyBeforeURLRequest: https://static.fab.com/static/builds/web/dist/c173b8dc5971a2a5e0ea5ca6a9075e08-v1.js
[84408:88248:0924/215026.783:VERBOSE1:network_delegate.cc(36)] NetworkDelegate::NotifyBeforeURLRequest: https://static.fab.com/static/builds/web/dist/7bedcac909d2d8c60c86fba4dc49f2b7-v1.js
[84408:88248:0924/215026.784:VERBOSE1:network_delegate.cc(36)] NetworkDelegate::NotifyBeforeURLRequest: https://static.fab.com/static/builds/web/dist/f2bfaf093979efb4910b947d6a78649a-v1.js
[84408:88248:0924/215026.785:VERBOSE1:network_delegate.cc(36)] NetworkDelegate::NotifyBeforeURLRequest: https://static.fab.com/static/builds/web/dist/8584b1509c8aaafdfb44ef0709d1ba92-v1.js
[84408:88248:0924/215026.785:VERBOSE1:network_delegate.cc(36)] NetworkDelegate::NotifyBeforeURLRequest: https://static.fab.com/static/builds/web/dist/63e95595aafc4e3705dc2bec5db3feb6-v1.js
[84408:88248:0924/215026.786:VERBOSE1:network_delegate.cc(36)] NetworkDelegate::NotifyBeforeURLRequest: https://static.fab.com/static/builds/web/dist/79420dea3c8e2d18e9dfefafad52e97a-v1.js
[84408:88248:0924/215026.786:VERBOSE1:network_delegate.cc(36)] NetworkDelegate::NotifyBeforeURLRequest: https://static.fab.com/static/builds/web/dist/6e68b7db5b7629e91f6a64288fddf812-v1.js
[84408:88248:0924/215026.787:VERBOSE1:network_delegate.cc(36)] NetworkDelegate::NotifyBeforeURLRequest: https://static.fab.com/static/builds/web/dist/d1a5efff90a1dc4e9c5771db91ee4b54-v1.js
[84408:88248:0924/215026.787:VERBOSE1:network_delegate.cc(36)] NetworkDelegate::NotifyBeforeURLRequest: https://static.fab.com/static/builds/web/dist/4708cbf25f7401420a82f29938966c23-v1.js
[84408:88248:0924/215026.787:VERBOSE1:network_delegate.cc(36)] NetworkDelegate::NotifyBeforeURLRequest: https://static.fab.com/static/builds/web/dist/d15bfed15fc2c9e58b8339c19898ef66-v1.js
[84408:88248:0924/215026.788:VERBOSE1:network_delegate.cc(36)] NetworkDelegate::NotifyBeforeURLRequest: https://static.fab.com/static/builds/web/dist/ad765483586bdebadc26c7cd36e7c994-v1.js
[84408:88248:0924/215026.788:VERBOSE1:network_delegate.cc(36)] NetworkDelegate::NotifyBeforeURLRequest: https://static.fab.com/static/builds/web/dist/473a95b935f408bdd46ec8f960c6293c-v1.js
[84408:88248:0924/215026.960:VERBOSE1:network_delegate.cc(36)] NetworkDelegate::NotifyBeforeURLRequest: https://js.hcaptcha.com/1/api.js?render=explicit&uj=true
[84408:88248:0924/215026.960:VERBOSE1:network_delegate.cc(36)] NetworkDelegate::NotifyBeforeURLRequest: https://tracking.epicgames.com/tracking.js?p=fab
[84408:88248:0924/215027.177:VERBOSE1:network_delegate.cc(36)] NetworkDelegate::NotifyBeforeURLRequest: https://dns.google/dns-query?dns=AAABAAABAAAAAAABCHRyYWNraW5nCWVwaWNnYW1lcwNjb20AABwAAQAAKRAAAAAAAABNAAwASQAAAAAAAAAAAAAAAAAAAAAAAAAAAAAAAAAAAAAAAAAAAAAAAAAAAAAAAAAAAAAAAAAAAAAAAAAAAAAAAAAAAAAAAAAAAAAAAAA
[84408:88248:0924/215027.177:VERBOSE1:network_delegate.cc(36)] NetworkDelegate::NotifyBeforeURLRequest: https://dns.google/dns-query?dns=AAABAAABAAAAAAABCHRyYWNraW5nCWVwaWNnYW1lcwNjb20AAAEAAQAAKRAAAAAAAABNAAwASQAAAAAAAAAAAAAAAAAAAAAAAAAAAAAAAAAAAAAAAAAAAAAAAAAAAAAAAAAAAAAAAAAAAAAAAAAAAAAAAAAAAAAAAAAAAAAAAAA
[84408:88248:0924/215027.178:VERBOSE1:network_delegate.cc(36)] NetworkDelegate::NotifyBeforeURLRequest: https://dns.google/dns-query?dns=AAABAAABAAAAAAABCHRyYWNraW5nCWVwaWNnYW1lcwNjb20AAEEAAQAAKRAAAAAAAABNAAwASQAAAAAAAAAAAAAAAAAAAAAAAAAAAAAAAAAAAAAAAAAAAAAAAAAAAAAAAAAAAAAAAAAAAAAAAAAAAAAAAAAAAAAAAAAAAAAAAAA
[84408:88248:0924/215027.191:VERBOSE1:network_delegate.cc(36)] NetworkDelegate::NotifyBeforeURLRequest: https://dns.google/dns-query?dns=AAABAAABAAAAAAABAmpzCGhjYXB0Y2hhA2NvbQAAHAABAAApEAAAAAAAAFQADABQAAAAAAAAAAAAAAAAAAAAAAAAAAAAAAAAAAAAAAAAAAAAAAAAAAAAAAAAAAAAAAAAAAAAAAAAAAAAAAAAAAAAAAAAAAAAAAAAAAAAAAAAAAA
[84408:88248:0924/215027.193:VERBOSE1:network_delegate.cc(36)] NetworkDelegate::NotifyBeforeURLRequest: https://dns.google/dns-query?dns=AAABAAABAAAAAAABAmpzCGhjYXB0Y2hhA2NvbQAAAQABAAApEAAAAAAAAFQADABQAAAAAAAAAAAAAAAAAAAAAAAAAAAAAAAAAAAAAAAAAAAAAAAAAAAAAAAAAAAAAAAAAAAAAAAAAAAAAAAAAAAAAAAAAAAAAAAAAAAAAAAAAAA
[84408:88248:0924/215027.193:VERBOSE1:network_delegate.cc(36)] NetworkDelegate::NotifyBeforeURLRequest: https://dns.google/dns-query?dns=AAABAAABAAAAAAABAmpzCGhjYXB0Y2hhA2NvbQAAQQABAAApEAAAAAAAAFQADABQAAAAAAAAAAAAAAAAAAAAAAAAAAAAAAAAAAAAAAAAAAAAAAAAAAAAAAAAAAAAAAAAAAAAAAAAAAAAAAAAAAAAAAAAAAAAAAAAAAAAAAAAAAA
[87016:77436:0924/215027.370:VERBOSE1:capture_resolution_chooser.cc(205)] Recomputed snapped frame sizes: 1265x724
[84408:88248:0924/215027.375:VERBOSE1:tls_handshaker.cc(105)] TlsClient: Continuing handshake
[88664:88556:0924/215027.493:INFO:CONSOLE(2)] "🌐 i18next is made possible by our own product, Locize — consider powering your project with managed localization (AI, CDN, integrations): https://locize.com 💙", source: https://static.fab.com/static/builds/web/dist/48879c32e866c0efb1e7b233dfad3042-v1.js (2)
[84408:88248:0924/215027.537:VERBOSE1:network_delegate.cc(36)] NetworkDelegate::NotifyBeforeURLRequest: https://o10593.ingest.us.sentry.io/api/4509005875773441/envelope/?sentry_version=7&sentry_key=2f9d7037268c3a61be1c8dd09f5b893b&sentry_client=sentry.javascript.react%2F9.17.0
[84408:88248:0924/215027.537:VERBOSE1:network_delegate.cc(36)] NetworkDelegate::NotifyBeforeURLRequest: https://dns.google/dns-query?dns=AAABAAABAAAAAAABBm8xMDU5MwZpbmdlc3QCdXMGc2VudHJ5AmlvAAAcAAEAACkQAAAAAAAASQAMAEUAAAAAAAAAAAAAAAAAAAAAAAAAAAAAAAAAAAAAAAAAAAAAAAAAAAAAAAAAAAAAAAAAAAAAAAAAAAAAAAAAAAAAAAAAAAA
[84408:88248:0924/215027.537:VERBOSE1:network_delegate.cc(36)] NetworkDelegate::NotifyBeforeURLRequest: https://dns.google/dns-query?dns=AAABAAABAAAAAAABBm8xMDU5MwZpbmdlc3QCdXMGc2VudHJ5AmlvAAABAAEAACkQAAAAAAAASQAMAEUAAAAAAAAAAAAAAAAAAAAAAAAAAAAAAAAAAAAAAAAAAAAAAAAAAAAAAAAAAAAAAAAAAAAAAAAAAAAAAAAAAAAAAAAAAAA
[84408:88248:0924/215027.538:VERBOSE1:network_delegate.cc(36)] NetworkDelegate::NotifyBeforeURLRequest: https://dns.google/dns-query?dns=AAABAAABAAAAAAABBm8xMDU5MwZpbmdlc3QCdXMGc2VudHJ5AmlvAABBAAEAACkQAAAAAAAASQAMAEUAAAAAAAAAAAAAAAAAAAAAAAAAAAAAAAAAAAAAAAAAAAAAAAAAAAAAAAAAAAAAAAAAAAAAAAAAAAAAAAAAAAAAAAAAAAA
[84408:88248:0924/215027.631:VERBOSE1:tls_handshaker.cc(105)] TlsClient: Continuing handshake
[84408:88248:0924/215027.631:VERBOSE1:tls_handshaker.cc(105)] TlsClient: Continuing handshake
[84408:88248:0924/215027.631:VERBOSE1:tls_handshaker.cc(105)] TlsClient: Continuing handshake
[84408:88248:0924/215027.643:VERBOSE1:tls_handshaker.cc(105)] TlsClient: Continuing handshake
[84408:88248:0924/215027.668:VERBOSE1:tls_handshaker.cc(105)] TlsClient: Continuing handshake
[84408:88248:0924/215027.669:VERBOSE1:tls_client_handshaker.cc(528)] Client: handshake finished
[88664:88556:0924/215027.872:VERBOSE1:frame_host_impl.cc(568)] frame B-32EFFE24E5D0A05579CCE7D071DD4BF0 (sub) detached (reason=RENDER_FRAME_CHANGED, is_connected=0)
[88664:88556:0924/215027.875:VERBOSE1:browser_info_manager.cc(524)] frame B-32EFFE24E5D0A05579CCE7D071DD4BF0, pdf_process=0, browser_process_guest=0, print_preview_dialog=0, main=0
[88664:88556:0924/215027.875:VERBOSE1:frame_host_impl.cc(683)] frame B-32EFFE24E5D0A05579CCE7D071DD4BF0 (sub) connected
[84408:88248:0924/215027.903:VERBOSE1:network_delegate.cc(36)] NetworkDelegate::NotifyBeforeURLRequest: https://static.fab.com/static/builds/web/dist/ae22fc3268c93a864d0bce9e3eab13df-v1.js
[88664:88556:0924/215027.911:VERBOSE1:browser_info_manager.cc(524)] frame B-21DAFB1A16403E9EC052FDEBF5B477A8, pdf_process=0, browser_process_guest=0, print_preview_dialog=0, main=1
[88664:88556:0924/215027.911:VERBOSE1:frame_host_impl.cc(683)] frame B-21DAFB1A16403E9EC052FDEBF5B477A8 (main) reconnected
[88664:88556:0924/215027.932:VERBOSE1:browser_info_manager.cc(524)] frame B-21DAFB1A16403E9EC052FDEBF5B477A8, pdf_process=0, browser_process_guest=0, print_preview_dialog=0, main=1
[84408:88248:0924/215027.934:VERBOSE1:network_delegate.cc(36)] NetworkDelegate::NotifyBeforeURLRequest: https://www.fab.com/cdn-cgi/challenge-platform/scripts/jsd/main.js
[84408:88248:0924/215028.111:VERBOSE1:tls_handshaker.cc(105)] TlsClient: Continuing handshake
[88664:88556:0924/215028.371:VERBOSE1:browser_info_manager.cc(524)] frame B-21DAFB1A16403E9EC052FDEBF5B477A8, pdf_process=0, browser_process_guest=0, print_preview_dialog=0, main=1
[88664:88556:0924/215028.416:VERBOSE1:browser_info_manager.cc(524)] frame B-21DAFB1A16403E9EC052FDEBF5B477A8, pdf_process=0, browser_process_guest=0, print_preview_dialog=0, main=1
[84408:88248:0924/215028.443:VERBOSE1:network_delegate.cc(36)] NetworkDelegate::NotifyBeforeURLRequest: https://www.fab.com/i/taxonomy/listing-types
[88664:88556:0924/215028.446:VERBOSE1:browser_info_manager.cc(524)] frame B-21DAFB1A16403E9EC052FDEBF5B477A8, pdf_process=0, browser_process_guest=0, print_preview_dialog=0, main=1
[84408:88248:0924/215028.447:VERBOSE1:network_delegate.cc(36)] NetworkDelegate::NotifyBeforeURLRequest: https://www.fab.com/i/taxonomy/listing-type-groups
[84408:88248:0924/215028.490:VERBOSE1:network_delegate.cc(36)] NetworkDelegate::NotifyBeforeURLRequest: https://www.fab.com/i/csrf
[88664:77012:0924/215028.536:VERBOSE1:media_stream_manager.cc(1533)] MSPL::OnSpeedLimitChange({this=000063AC0232AD40}, {new_limit=45})
[84408:88248:0924/215028.799:VERBOSE1:network_delegate.cc(36)] NetworkDelegate::NotifyBeforeURLRequest: https://www.fab.com/cdn-cgi/challenge-platform/h/b/scripts/jsd/d76008a69eab/main.js?
[88664:88556:0924/215028.824:VERBOSE1:frame_host_impl.cc(568)] frame B-698041B93EED9595052E96F0296158D7 (sub) detached (reason=RENDER_FRAME_CHANGED, is_connected=0)
[88664:88556:0924/215028.826:VERBOSE1:browser_info_manager.cc(524)] frame B-698041B93EED9595052E96F0296158D7, pdf_process=0, browser_process_guest=0, print_preview_dialog=0, main=0
[88664:88556:0924/215028.826:VERBOSE1:frame_host_impl.cc(683)] frame B-698041B93EED9595052E96F0296158D7 (sub) connected
[88664:88556:0924/215028.945:VERBOSE1:browser_info_manager.cc(524)] frame B-21DAFB1A16403E9EC052FDEBF5B477A8, pdf_process=0, browser_process_guest=0, print_preview_dialog=0, main=1
[88664:88556:0924/215028.946:VERBOSE1:frame_host_impl.cc(515)] frame B-698041B93EED9595052E96F0296158D7 (sub) detached (reason=RENDER_FRAME_DELETED, is_connected=0)
[84408:88248:0924/215028.998:VERBOSE1:network_delegate.cc(36)] NetworkDelegate::NotifyBeforeURLRequest: https://www.fab.com/cdn-cgi/challenge-platform/h/b/jsd/oneshot/d76008a69eab/0.2829941599632071:1790258423:ZS0R7OoN2Y2gMjwz-Hk39oYbrQm8LqT8qx_06Aw9xFg/a404516d9e0a1841
[84408:88248:0924/215029.019:VERBOSE1:network_delegate.cc(36)] NetworkDelegate::NotifyBeforeURLRequest: https://www.fab.com/cdn-cgi/challenge-platform/scripts/jsd/main.js
[84408:88248:0924/215029.080:VERBOSE1:network_delegate.cc(36)] NetworkDelegate::NotifyBeforeURLRequest: https://www.fab.com/cdn-cgi/challenge-platform/h/b/scripts/jsd/d76008a69eab/main.js?
[84408:88248:0924/215029.087:VERBOSE1:tls_handshaker.cc(105)] TlsClient: Continuing handshake
[84408:88248:0924/215029.087:VERBOSE1:tls_handshaker.cc(105)] TlsClient: Continuing handshake
[84408:88248:0924/215029.087:VERBOSE1:tls_handshaker.cc(105)] TlsClient: Continuing handshake
[84408:88248:0924/215029.088:VERBOSE1:tls_handshaker.cc(105)] TlsClient: Continuing handshake
[84408:88248:0924/215029.122:VERBOSE1:tls_handshaker.cc(105)] TlsClient: Continuing handshake
[84408:88248:0924/215029.123:VERBOSE1:tls_client_handshaker.cc(528)] Client: handshake finished
[84408:88248:0924/215029.738:VERBOSE1:network_delegate.cc(36)] NetworkDelegate::NotifyBeforeURLRequest: https://90b32a77044c.w.hcaptcha.com/logo.png
[84408:88248:0924/215029.740:VERBOSE1:network_delegate.cc(36)] NetworkDelegate::NotifyBeforeURLRequest: https://dns.google/dns-query?dns=AAABAAABAAAAAAABDDkwYjMyYTc3MDQ0YwF3CGhjYXB0Y2hhA2NvbQAAHAABAAApEAAAAAAAAEgADABEAAAAAAAAAAAAAAAAAAAAAAAAAAAAAAAAAAAAAAAAAAAAAAAAAAAAAAAAAAAAAAAAAAAAAAAAAAAAAAAAAAAAAAAAAAA
[84408:88248:0924/215029.740:VERBOSE1:network_delegate.cc(36)] NetworkDelegate::NotifyBeforeURLRequest: https://dns.google/dns-query?dns=AAABAAABAAAAAAABDDkwYjMyYTc3MDQ0YwF3CGhjYXB0Y2hhA2NvbQAAAQABAAApEAAAAAAAAEgADABEAAAAAAAAAAAAAAAAAAAAAAAAAAAAAAAAAAAAAAAAAAAAAAAAAAAAAAAAAAAAAAAAAAAAAAAAAAAAAAAAAAAAAAAAAAA
[84408:88248:0924/215029.740:VERBOSE1:network_delegate.cc(36)] NetworkDelegate::NotifyBeforeURLRequest: https://dns.google/dns-query?dns=AAABAAABAAAAAAABDDkwYjMyYTc3MDQ0YwF3CGhjYXB0Y2hhA2NvbQAAQQABAAApEAAAAAAAAEgADABEAAAAAAAAAAAAAAAAAAAAAAAAAAAAAAAAAAAAAAAAAAAAAAAAAAAAAAAAAAAAAAAAAAAAAAAAAAAAAAAAAAAAAAAAAAA
[84408:88248:0924/215030.038:VERBOSE1:network_delegate.cc(36)] NetworkDelegate::NotifyBeforeURLRequest: https://www.fab.com/p/authenticate
[84408:88248:0924/215030.637:VERBOSE1:url_loader.cc(1863)] Will sniff content for mime type: https://www.fab.com/cdn-cgi/challenge-platform/h/b/jsd/oneshot/d76008a69eab/0.2829941599632071:1790258423:ZS0R7OoN2Y2gMjwz-Hk39oYbrQm8LqT8qx_06Aw9xFg/a404516d9e0a1841
[84408:88248:0924/215031.785:VERBOSE1:network_delegate.cc(36)] NetworkDelegate::NotifyBeforeURLRequest: https://tracking.epicgames.com/track.png?referringUrl=none&location=https%3A%2F%2Fwww.fab.com%2Fplugins%2Fue5%2F&now=1790279431728&eventType=pageView&l=en
[88664:88556:0924/215031.998:VERBOSE1:browser_info_manager.cc(524)] frame B-21DAFB1A16403E9EC052FDEBF5B477A8, pdf_process=0, browser_process_guest=0, print_preview_dialog=0, main=1
[84408:88248:0924/215032.045:VERBOSE1:network_delegate.cc(36)] NetworkDelegate::NotifyBeforeURLRequest: https://www.fab.com/i/users/me
[84408:88248:0924/215032.069:VERBOSE1:network_delegate.cc(36)] NetworkDelegate::NotifyBeforeURLRequest: https://tracking.epicgames.com/track.png?interactionType=click&eventCategory=button&eventAction=startPlugin&eventLabel=openFabPlugin&eventType=interaction&eventValue=%7B%22platform%22%3A%22Fab_UE5_Plugin%22%2C%22apiVersion%22%3A%7B%22ue%22%3A%225.7%22%2C%22api%22%3A%221.0.0%22%2C%22pluginversion%22%3A%220.0.10%22%2C%22platform%22%3A%22Windows%22%7D%7D&referringUrl=none&location=https%3A%2F%2Fwww.fab.com%2Fplugins%2Fue5%2F&now=1790279432004&l=en
[88664:77012:0924/215032.532:VERBOSE1:media_stream_manager.cc(1533)] MSPL::OnSpeedLimitChange({this=000063AC0232AD40}, {new_limit=41})
[88664:88556:0924/215033.353:VERBOSE1:browser_info_manager.cc(524)] frame B-21DAFB1A16403E9EC052FDEBF5B477A8, pdf_process=0, browser_process_guest=0, print_preview_dialog=0, main=1
[84408:88248:0924/215033.425:VERBOSE1:network_delegate.cc(36)] NetworkDelegate::NotifyBeforeURLRequest: https://static.fab.com/static/builds/web/dist/frontend/assets/images/common/favicon/0474bf3a774e077cf48b0c755890d7ed-v1.svg
[88664:77012:0924/215033.533:VERBOSE1:media_stream_manager.cc(1533)] MSPL::OnSpeedLimitChange({this=000063AC0232AD40}, {new_limit=42})
[88664:88556:0924/215033.691:VERBOSE1:browser_info_manager.cc(524)] frame B-21DAFB1A16403E9EC052FDEBF5B477A8, pdf_process=0, browser_process_guest=0, print_preview_dialog=0, main=1
[84408:88248:0924/215033.692:VERBOSE1:network_delegate.cc(36)] NetworkDelegate::NotifyBeforeURLRequest: https://www.fab.com/i/users/context
[88664:77012:0924/215034.542:VERBOSE1:media_stream_manager.cc(1533)] MSPL::OnSpeedLimitChange({this=000063AC0232AD40}, {new_limit=44})
[84408:88248:0924/215034.748:VERBOSE1:network_delegate.cc(36)] NetworkDelegate::NotifyBeforeURLRequest: https://www.fab.com/i/layouts/unreal-engine
[88664:88556:0924/215034.922:VERBOSE1:browser_info_manager.cc(524)] frame B-21DAFB1A16403E9EC052FDEBF5B477A8, pdf_process=0, browser_process_guest=0, print_preview_dialog=0, main=1
[84408:88248:0924/215034.956:VERBOSE1:network_delegate.cc(36)] NetworkDelegate::NotifyBeforeURLRequest: https://www.fab.com/i/listings/search?channels=unreal-engine&count=1&in=wishlist&is_discounted=1
[84408:88248:0924/215034.960:VERBOSE1:network_delegate.cc(36)] NetworkDelegate::NotifyBeforeURLRequest: https://www.fab.com/i/cart
[84408:88248:0924/215034.983:VERBOSE1:network_delegate.cc(36)] NetworkDelegate::NotifyBeforeURLRequest: https://www.fab.com/i/banners/ongoing/store
[84408:88248:0924/215035.035:VERBOSE1:network_delegate.cc(36)] NetworkDelegate::NotifyBeforeURLRequest: https://static.fab.com/static/builds/web/dist/frontend/assets/images/common/logo/e1e12dc6142410b391ce48e416261ad7-v1.svg
[88664:88556:0924/215035.064:VERBOSE1:browser_info_manager.cc(524)] frame B-21DAFB1A16403E9EC052FDEBF5B477A8, pdf_process=0, browser_process_guest=0, print_preview_dialog=0, main=1
[84408:88248:0924/215035.094:VERBOSE1:network_delegate.cc(36)] NetworkDelegate::NotifyBeforeURLRequest: https://content-autofill.googleapis.com/v1/pages/ChVDaHJvbWUvMTI4LjAuNjYxMy4xMzgSGQmNVeoEzgBFNxIFDZFhlU4hjHKnKaCbrTw=?alt=proto
[84408:88248:0924/215035.096:VERBOSE1:network_delegate.cc(36)] NetworkDelegate::NotifyBeforeURLRequest: https://dns.google/dns-query?dns=AAABAAABAAAAAAABEGNvbnRlbnQtYXV0b2ZpbGwKZ29vZ2xlYXBpcwNjb20AABwAAQAAKRAAAAAAAABEAAwAQAAAAAAAAAAAAAAAAAAAAAAAAAAAAAAAAAAAAAAAAAAAAAAAAAAAAAAAAAAAAAAAAAAAAAAAAAAAAAAAAAAAAAA
[84408:88248:0924/215035.096:VERBOSE1:network_delegate.cc(36)] NetworkDelegate::NotifyBeforeURLRequest: https://dns.google/dns-query?dns=AAABAAABAAAAAAABEGNvbnRlbnQtYXV0b2ZpbGwKZ29vZ2xlYXBpcwNjb20AAAEAAQAAKRAAAAAAAABEAAwAQAAAAAAAAAAAAAAAAAAAAAAAAAAAAAAAAAAAAAAAAAAAAAAAAAAAAAAAAAAAAAAAAAAAAAAAAAAAAAAAAAAAAAA
[84408:88248:0924/215035.096:VERBOSE1:network_delegate.cc(36)] NetworkDelegate::NotifyBeforeURLRequest: https://dns.google/dns-query?dns=AAABAAABAAAAAAABEGNvbnRlbnQtYXV0b2ZpbGwKZ29vZ2xlYXBpcwNjb20AAEEAAQAAKRAAAAAAAABEAAwAQAAAAAAAAAAAAAAAAAAAAAAAAAAAAAAAAAAAAAAAAAAAAAAAAAAAAAAAAAAAAAAAAAAAAAAAAAAAAAAAAAAAAAA
[84408:88248:0924/215035.298:VERBOSE1:network_delegate.cc(36)] NetworkDelegate::NotifyBeforeURLRequest: https://www.fab.com/i/listings/search?aggregate_on=category_per_listing_type&asset_formats=converted-files&asset_formats=fbx&asset_formats=glb&asset_formats=gltf&asset_formats=metahuman&asset_formats=unreal-engine&channels=unreal-engine&count=0
[84408:88248:0924/215035.299:VERBOSE1:network_delegate.cc(36)] NetworkDelegate::NotifyBeforeURLRequest: https://www.fab.com/i/listings/search?asset_formats=converted-files&asset_formats=fbx&asset_formats=glb&asset_formats=gltf&asset_formats=metahuman&asset_formats=unreal-engine&channels=unreal-engine&sort_by=-relevance
[84408:88248:0924/215035.340:VERBOSE1:tls_handshaker.cc(105)] TlsClient: Continuing handshake
[88664:77012:0924/215035.538:VERBOSE1:media_stream_manager.cc(1533)] MSPL::OnSpeedLimitChange({this=000063AC0232AD40}, {new_limit=43})
[84408:88248:0924/215035.614:VERBOSE1:tls_handshaker.cc(105)] TlsClient: Continuing handshake
[84408:88248:0924/215035.675:VERBOSE1:network_delegate.cc(36)] NetworkDelegate::NotifyBeforeURLRequest: https://media.fab.com/image_previews/gallery_images/5a57a36d-706c-49ae-87a9-2e61033a6711/e4aa4ce9-0169-4213-80b9-8c80907b6f75.jpg
[84408:88248:0924/215035.675:VERBOSE1:network_delegate.cc(36)] NetworkDelegate::NotifyBeforeURLRequest: https://media.fab.com/image_previews/gallery_images/982e40c4-4880-4d12-9e54-83e72ff5e91a/ee893589-79e7-4a89-b098-1a16669fd3da.jpg
[84408:88248:0924/215035.678:VERBOSE1:network_delegate.cc(36)] NetworkDelegate::NotifyBeforeURLRequest: https://dns.google/dns-query?dns=AAABAAABAAAAAAABBW1lZGlhA2ZhYgNjb20AABwAAQAAKRAAAAAAAABWAAwAUgAAAAAAAAAAAAAAAAAAAAAAAAAAAAAAAAAAAAAAAAAAAAAAAAAAAAAAAAAAAAAAAAAAAAAAAAAAAAAAAAAAAAAAAAAAAAAAAAAAAAAAAAAAAAA
[84408:88248:0924/215035.678:VERBOSE1:network_delegate.cc(36)] NetworkDelegate::NotifyBeforeURLRequest: https://dns.google/dns-query?dns=AAABAAABAAAAAAABBW1lZGlhA2ZhYgNjb20AAAEAAQAAKRAAAAAAAABWAAwAUgAAAAAAAAAAAAAAAAAAAAAAAAAAAAAAAAAAAAAAAAAAAAAAAAAAAAAAAAAAAAAAAAAAAAAAAAAAAAAAAAAAAAAAAAAAAAAAAAAAAAAAAAAAAAA
[84408:88248:0924/215035.678:VERBOSE1:network_delegate.cc(36)] NetworkDelegate::NotifyBeforeURLRequest: https://dns.google/dns-query?dns=AAABAAABAAAAAAABBW1lZGlhA2ZhYgNjb20AAEEAAQAAKRAAAAAAAABWAAwAUgAAAAAAAAAAAAAAAAAAAAAAAAAAAAAAAAAAAAAAAAAAAAAAAAAAAAAAAAAAAAAAAAAAAAAAAAAAAAAAAAAAAAAAAAAAAAAAAAAAAAAAAAAAAAA
[84408:88248:0924/215035.748:VERBOSE1:tls_handshaker.cc(105)] TlsClient: Continuing handshake
[84408:88248:0924/215035.761:VERBOSE1:tls_handshaker.cc(105)] TlsClient: Continuing handshake
[84408:88248:0924/215035.761:VERBOSE1:tls_handshaker.cc(105)] TlsClient: Continuing handshake
[84408:88248:0924/215035.763:VERBOSE1:tls_handshaker.cc(105)] TlsClient: Continuing handshake
[84408:88248:0924/215035.781:VERBOSE1:network_delegate.cc(36)] NetworkDelegate::NotifyBeforeURLRequest: https://media.fab.com/image_previews/gallery_images/827e4b74-bf4d-4ffc-82e1-067fb9ca3fca/c4a0df71-9f09-4d0f-9082-db848ca80a33.jpg
[84408:88248:0924/215035.781:VERBOSE1:network_delegate.cc(36)] NetworkDelegate::NotifyBeforeURLRequest: https://media.fab.com/image_previews/gallery_images/06ae9863-d202-4ef2-8c07-229cec1be056/8cf5bbbe-759c-412b-9502-284c9850ea99.jpg
[84408:88248:0924/215035.782:VERBOSE1:network_delegate.cc(36)] NetworkDelegate::NotifyBeforeURLRequest: https://media.fab.com/image_previews/gallery_images/2e8ef7d9-b156-46d5-8bb1-56b19f770346/065550aa-0454-453c-ab6c-1418b1832338.jpg
[84408:88248:0924/215035.801:VERBOSE1:network_delegate.cc(36)] NetworkDelegate::NotifyBeforeURLRequest: https://media.fab.com/image_previews/gallery_images/86f2636b-91ac-4491-9475-2c1d7b3f023e/91e08f9f-9d98-4807-a600-b26df03dd713.jpg
[84408:88248:0924/215035.803:VERBOSE1:network_delegate.cc(36)] NetworkDelegate::NotifyBeforeURLRequest: https://media.fab.com/image_previews/gallery_images/621823df-e4a2-4902-8ec2-e58d93fb91e9/bd9425c3-7c0b-40b6-8cc6-343ce8877163.jpg
[84408:88248:0924/215035.803:VERBOSE1:network_delegate.cc(36)] NetworkDelegate::NotifyBeforeURLRequest: https://media.fab.com/image_previews/gallery_images/2d920914-956f-453b-b820-762d9c402946/b8080a99-4a23-4b0b-9439-5a0c2eb0c25a.jpg
[84408:88248:0924/215035.803:VERBOSE1:network_delegate.cc(36)] NetworkDelegate::NotifyBeforeURLRequest: https://media.fab.com/image_previews/gallery_images/bfa29077-67c7-4857-8e4f-7e0fb36a710d/083648dc-221a-428f-889e-7e0ec5c8bb7f.jpg
[84408:88248:0924/215035.803:VERBOSE1:network_delegate.cc(36)] NetworkDelegate::NotifyBeforeURLRequest: https://media.fab.com/image_previews/gallery_images/8b1d9d28-fb02-4cdb-a6d5-fcdddce2e7c5/cf853c04-6156-4be7-ba59-5bf58a9ba119.jpg
[84408:88248:0924/215035.803:VERBOSE1:network_delegate.cc(36)] NetworkDelegate::NotifyBeforeURLRequest: https://media.fab.com/image_previews/gallery_images/f1c21793-0642-4a67-9f57-652981dc0b1d/88b810be-7476-47a8-8447-a0b51acc5ddf.jpg
[84408:88248:0924/215035.804:VERBOSE1:network_delegate.cc(36)] NetworkDelegate::NotifyBeforeURLRequest: https://media.fab.com/image_previews/gallery_images/6e3fa967-a268-424d-b735-6033a6865e45/91655cbe-d650-4b3c-b3a3-64528a89b000.jpg
[84408:88248:0924/215035.893:VERBOSE1:network_delegate.cc(36)] NetworkDelegate::NotifyBeforeURLRequest: https://www.fab.com/i/listings/prices-infos?offer_ids=032386455e074f52b71062c1d1a7dc8a&offer_ids=04885f65ce7b41baa62884abbe7ecf57&offer_ids=0e01d39a53a64356b2158c91967970f9&offer_ids=22c83c19d6224390b1bf427b601a0e80&offer_ids=3c9d14219c7044aab16902f1f3c0e9d2&offer_ids=514f6731a363490da73ac2d767035780&offer_ids=6cecb2aca91244f3920cd1ff7452b659&offer_ids=756236ecfbc14ee9b1b2fb56dc8745e9&offer_ids=86532563c17b458598545c0a0484fc32&offer_ids=ab2a24356ac24f5781bdd0085fdb3e0c&offer_ids=b1d6826e0fd14aa7ae362fe75835cf9a&offer_ids=f82e1ffba0ab44d7896c4f66364aceec
[84408:88248:0924/215035.961:VERBOSE1:tls_handshaker.cc(105)] TlsClient: Continuing handshake
[84408:88248:0924/215035.961:VERBOSE1:tls_client_handshaker.cc(528)] Client: handshake finished
[84408:88248:0924/215035.963:VERBOSE1:network_delegate.cc(36)] NetworkDelegate::NotifyBeforeURLRequest: https://www.fab.com/i/users/me/listings-states?listing_ids=0e725daa-0233-408a-9597-960d20b4d919&listing_ids=2142f3c9-9003-4373-8367-64abb7361b2a&listing_ids=31399ea9-089b-4b8b-a569-5a88050c3dd7&listing_ids=4898e707-7855-404b-af0e-a505ee690e68&listing_ids=4d251261-d98c-48e2-baee-8f4e47c67091&listing_ids=4ed3946b-19c7-451a-854e-b0a20e2dad1c&listing_ids=53f033c3-00ec-425b-b44e-65c04fdbd2b0&listing_ids=a3f7729e-c68e-4533-9b51-2106357b2316&listing_ids=b30f0ac7-09bf-4823-9339-a862505f1232&listing_ids=b4dfff49-0e7d-4c4b-a6c5-8a0315831c9c&listing_ids=bc9e4e89-fcf4-4be6-b0f0-8b37395a72de&listing_ids=c05aac82-4c1a-4e42-96b3-be668dc40fca
[84408:88248:0924/215036.176:VERBOSE1:tls_handshaker.cc(105)] TlsClient: Continuing handshake
[88664:77012:0924/215036.594:VERBOSE1:media_stream_manager.cc(1533)] MSPL::OnSpeedLimitChange({this=000063AC0232AD40}, {new_limit=45})
[84408:88248:0924/215036.633:VERBOSE1:tls_handshaker.cc(105)] TlsClient: Continuing handshake
[84408:88248:0924/215036.633:VERBOSE1:tls_handshaker.cc(105)] TlsClient: Continuing handshake
[84408:88248:0924/215036.633:VERBOSE1:tls_handshaker.cc(105)] TlsClient: Continuing handshake
[84408:88248:0924/215036.647:VERBOSE1:tls_handshaker.cc(105)] TlsClient: Continuing handshake
[84408:88248:0924/215036.683:VERBOSE1:tls_handshaker.cc(105)] TlsClient: Continuing handshake
[84408:88248:0924/215036.684:VERBOSE1:tls_client_handshaker.cc(528)] Client: handshake finished
[87016:77436:0924/215037.339:VERBOSE1:video_capture_oracle.cc(250)] Client rejects proposal to capture frame (at #24).
[87016:77436:0924/215037.370:VERBOSE1:video_capture_oracle.cc(250)] Client rejects proposal to capture frame (at #25).
[87016:77436:0924/215037.406:VERBOSE1:video_capture_oracle.cc(250)] Client rejects proposal to capture frame (at #25).
[87016:77436:0924/215037.564:VERBOSE1:video_capture_oracle.cc(250)] Client rejects proposal to capture frame (at #28).
[87016:77436:0924/215037.621:VERBOSE1:video_capture_oracle.cc(250)] Client rejects proposal to capture frame (at #30).
[87016:77436:0924/215037.624:VERBOSE1:video_capture_oracle.cc(250)] Client rejects proposal to capture frame (at #30).
[87016:77436:0924/215037.640:VERBOSE1:video_capture_oracle.cc(250)] Client rejects proposal to capture frame (at #30).
[87016:77436:0924/215037.693:VERBOSE1:video_capture_oracle.cc(250)] Client rejects proposal to capture frame (at #32).
[87016:77436:0924/215037.717:VERBOSE1:video_capture_oracle.cc(250)] Client rejects proposal to capture frame (at #32).
[87016:77436:0924/215037.756:VERBOSE1:video_capture_oracle.cc(250)] Client rejects proposal to capture frame (at #33).
[87016:77436:0924/215037.772:VERBOSE1:video_capture_oracle.cc(250)] Client rejects proposal to capture frame (at #33).
[87016:77436:0924/215037.823:VERBOSE1:video_capture_oracle.cc(250)] Client rejects proposal to capture frame (at #35).
[87016:77436:0924/215037.840:VERBOSE1:video_capture_oracle.cc(250)] Client rejects proposal to capture frame (at #35).
[87016:77436:0924/215037.873:VERBOSE1:video_capture_oracle.cc(250)] Client rejects proposal to capture frame (at #36).
[87016:77436:0924/215037.907:VERBOSE1:video_capture_oracle.cc(250)] Client rejects proposal to capture frame (at #37).
[87016:77436:0924/215037.923:VERBOSE1:video_capture_oracle.cc(250)] Client rejects proposal to capture frame (at #37).
[88664:77012:0924/215037.930:VERBOSE1:media_stream_manager.cc(1533)] MSPL::OnSpeedLimitChange({this=000063AC0232AD40}, {new_limit=44})
[87016:77436:0924/215037.974:VERBOSE1:video_capture_oracle.cc(250)] Client rejects proposal to capture frame (at #39).
[87016:77436:0924/215037.990:VERBOSE1:video_capture_oracle.cc(250)] Client rejects proposal to capture frame (at #39).
[87016:77436:0924/215038.007:VERBOSE1:video_capture_oracle.cc(250)] Client rejects proposal to capture frame (at #39).
[87016:77436:0924/215038.023:VERBOSE1:video_capture_oracle.cc(250)] Client rejects proposal to capture frame (at #39).
[87016:77436:0924/215038.057:VERBOSE1:video_capture_oracle.cc(250)] Client rejects proposal to capture frame (at #40).
[87016:77436:0924/215038.073:VERBOSE1:video_capture_oracle.cc(250)] Client rejects proposal to capture frame (at #40).
[87016:77436:0924/215038.089:VERBOSE1:video_capture_oracle.cc(250)] Client rejects proposal to capture frame (at #40).
[87016:77436:0924/215038.123:VERBOSE1:video_capture_oracle.cc(250)] Client rejects proposal to capture frame (at #41).
[87016:77436:0924/215038.139:VERBOSE1:video_capture_oracle.cc(250)] Client rejects proposal to capture frame (at #41).
[87016:77436:0924/215038.157:VERBOSE1:video_capture_oracle.cc(250)] Client rejects proposal to capture frame (at #41).
[87016:77436:0924/215038.173:VERBOSE1:video_capture_oracle.cc(250)] Client rejects proposal to capture frame (at #41).
[87016:77436:0924/215038.223:VERBOSE1:video_capture_oracle.cc(250)] Client rejects proposal to capture frame (at #43).
[87016:77436:0924/215038.239:VERBOSE1:video_capture_oracle.cc(250)] Client rejects proposal to capture frame (at #43).
[84408:88248:0924/215038.710:VERBOSE1:network_delegate.cc(36)] NetworkDelegate::NotifyBeforeURLRequest: https://www.fab.com/i/users/me/listings-states?listing_ids=01d55fcd-24f2-418b-8723-91b212912257&listing_ids=09f8c762-95f2-48db-b836-2c67652545d1&listing_ids=0e725daa-0233-408a-9597-960d20b4d919&listing_ids=196c70cd-1283-4249-bf6b-c3019d1cbe11&listing_ids=1ae386ab-4a40-4a0f-ac17-621e2d9d1028&listing_ids=1f4abe73-4cda-42db-995a-c9f8ca4790e5&listing_ids=2142f3c9-9003-4373-8367-64abb7361b2a&listing_ids=25c67cda-991e-48a8-a194-478624ae4c0e&listing_ids=278f28b3-69f5-44e8-bd4b-fff5e833e24f&listing_ids=31399ea9-089b-4b8b-a569-5a88050c3dd7&listing_ids=4898e707-7855-404b-af0e-a505ee690e68&listing_ids=4d251261-d98c-48e2-baee-8f4e47c67091&listing_ids=4ed3946b-19c7-451a-854e-b0a20e2dad1c&listing_ids=53f033c3-00ec-425b-b44e-65c04fdbd2b0&listing_ids=80fcf53e-49f7-4635-a71c-ba81280c6618&listing_ids=84fda27a-c79f-49c9-8458-82401fb37cfb&listing_ids=8d776721-5da3-44ce-b7ef-be17a023be59&listing_ids=a3f7729e-c68e-4533-9b51-2106357b2316&listing_ids=b30f0ac7-09bf-4823-9339-a862505f1232&listing_ids=b4dfff49-0e7d-4c4b-a6c5-8a0315831c9c&listing_ids=bc9e4e89-fcf4-4be6-b0f0-8b37395a72de&listing_ids=c05aac82-4c1a-4e42-96b3-be668dc40fca&listing_ids=ddd28113-6f59-4ba3-bf60-ad7b1920a547&listing_ids=f8b6394b-ce09-46b3-94f6-212d95804fff
[88664:77012:0924/215038.933:VERBOSE1:media_stream_manager.cc(1533)] MSPL::OnSpeedLimitChange({this=000063AC0232AD40}, {new_limit=43})
[84408:88248:0924/215039.015:VERBOSE1:network_delegate.cc(36)] NetworkDelegate::NotifyBeforeURLRequest: https://media.fab.com/image_previews/gallery_images/db607645-f1f6-49bf-a93c-cc4756322148/12348dfb-05c2-457e-81e8-ccb43a5edf96.jpg
[84408:88248:0924/215039.016:VERBOSE1:network_delegate.cc(36)] NetworkDelegate::NotifyBeforeURLRequest: https://media.fab.com/image_previews/gallery_images/83a433a8-09ac-4fb8-a7af-e65ece6758fb/40fe91dd-7391-465a-8db4-a7369665ff3a.jpg
[84408:88248:0924/215039.016:VERBOSE1:network_delegate.cc(36)] NetworkDelegate::NotifyBeforeURLRequest: https://media.fab.com/image_previews/gallery_images/022c6458-4e66-4150-9a9e-388ada30fb1b/4b78076c-93d0-4847-82a4-cc63e19687aa.jpg
[84408:88248:0924/215039.016:VERBOSE1:network_delegate.cc(36)] NetworkDelegate::NotifyBeforeURLRequest: https://media.fab.com/image_previews/gallery_images/38135c5c-4e56-4ac0-b419-ee3486300ae3/7e35702c-4b50-4d0d-8b86-493459c7f026.jpg
[84408:88248:0924/215039.017:VERBOSE1:network_delegate.cc(36)] NetworkDelegate::NotifyBeforeURLRequest: https://media.fab.com/image_previews/gallery_images/1c0f3a79-1771-45e4-adcc-c239d3247beb/45cef68e-4ed5-418d-a776-0a673b9d7e04.jpg
[84408:88248:0924/215039.023:VERBOSE1:network_delegate.cc(36)] NetworkDelegate::NotifyBeforeURLRequest: https://www.fab.com/i/listings/prices-infos?offer_ids=08d88061379a4bfeb60a9e58b07a2daf&offer_ids=31dacd65a5a6497a82b58317cd43edc0&offer_ids=34f7d2d86e2b4af5a707a5585266c3af&offer_ids=35e541204bc842faa6bac45679a3fe56&offer_ids=35fbf2fab34948119a7f16ebfb98c38a&offer_ids=477f01081bb8466ab0ae8dd9d31e9d01&offer_ids=4fd8539072664f429c8abce56119815e&offer_ids=53769d6f015b48668e3c89ca7b70f37e&offer_ids=54baa73785c246e697ae75d26666d7b5&offer_ids=7384d2fb622e403ea6168fd2df90fb84&offer_ids=7aefc82135a1441b9eafe6613dca165e&offer_ids=828e31f2eb03475d903587bd841950e7&offer_ids=85a693829cbc4622a95edb91dd253021&offer_ids=868e1f8cbab8449ca9e6f458b9e84b32&offer_ids=99dde1a4488d43e9b458d543e7672eea&offer_ids=a1cc0d0c2ff34c28814f14e9a1d26d83&offer_ids=a55151d36a26490da1b9040a1e788feb&offer_ids=b02e20d598444ba0939f760d2726f23b&offer_ids=c885892b742a489cb0d3c412dac9b752&offer_ids=d9b81ec3b4b54602861cda7b85d0465a&offer_ids=e5a1cb08200f4f0380bc9eec48efc4ed&offer_ids=f02bfddc6fb94a8fbc00975b4ec499e7&offer_ids=f566fb870bab4069a1ddb81550a35cdd
[84408:88248:0924/215039.485:VERBOSE1:network_delegate.cc(36)] NetworkDelegate::NotifyBeforeURLRequest: https://media.fab.com/image_previews/gallery_images/53198179-3196-447b-b90c-e26dec6c478e/4de993ac-989d-4f35-a37e-0a787e1485c1.jpg
[84408:88248:0924/215039.486:VERBOSE1:network_delegate.cc(36)] NetworkDelegate::NotifyBeforeURLRequest: https://media.fab.com/image_previews/gallery_images/7425d6cd-123d-42f7-94aa-18674e7902cb/384ee51a-3a30-42af-b2f4-14b099b49a24.jpg
[84408:88248:0924/215039.510:VERBOSE1:network_delegate.cc(36)] NetworkDelegate::NotifyBeforeURLRequest: https://media.fab.com/image_previews/gallery_images/f039fd74-8340-4280-817a-fb7e7e271c65/a8a2e5b8-0b23-4f6e-b763-58e7d02ccfe3.jpg
[84408:88248:0924/215039.531:VERBOSE1:network_delegate.cc(36)] NetworkDelegate::NotifyBeforeURLRequest: https://www.fab.com/i/users/me/listings-states?listing_ids=0a1c0c21-ff23-4fb7-9dc5-7beb6e16ce64&listing_ids=188e48e2-75e8-478d-9128-4723d09aa669&listing_ids=1bb6ee1a-250b-4fe7-95eb-1f6c16275f9d&listing_ids=274c81ae-3554-4801-8ec0-04f93212da06&listing_ids=41696440-c0c3-42dd-a4bd-51f463912af0&listing_ids=76c5f2b0-ea55-461c-8b3c-811a9deb3279&listing_ids=a7333445-ba38-4a78-9eab-f51c14c9161a&listing_ids=cc258205-8fcf-41e5-9b48-6ec44e46d7eb&listing_ids=cf5e9bb4-51dc-4b20-adec-7e505fa467cd&listing_ids=e0fc6520-8c9d-425d-9d25-3b6dc9ed56f8&listing_ids=eb4258b3-cec4-4995-85fe-ace8c9b5d45f
[88664:77012:0924/215039.550:VERBOSE1:media_stream_manager.cc(1533)] MSPL::OnSpeedLimitChange({this=000063AC0232AD40}, {new_limit=44})
[84408:88248:0924/215040.194:VERBOSE1:network_delegate.cc(36)] NetworkDelegate::NotifyBeforeURLRequest: https://media.fab.com/image_previews/gallery_images/b03bff76-df44-4666-9698-36381e3e0f23/57c7db8a-c210-4e1b-a3b9-25ad7375b488.jpg
[84408:88248:0924/215040.195:VERBOSE1:network_delegate.cc(36)] NetworkDelegate::NotifyBeforeURLRequest: https://media.fab.com/image_previews/gallery_images/049cc3e8-0c36-4914-9d2f-e0a1336ee3e0/08f9f3a5-01bf-4842-a0f3-1a03115f8386.jpg
[84408:88248:0924/215040.195:VERBOSE1:network_delegate.cc(36)] NetworkDelegate::NotifyBeforeURLRequest: https://media.fab.com/image_previews/gallery_images/7130390e-930d-4a5e-a2c5-05ed0c81363d/6c31e166-3018-49b3-b718-bce3f1768bb3.jpg
[84408:88248:0924/215040.215:VERBOSE1:network_delegate.cc(36)] NetworkDelegate::NotifyBeforeURLRequest: https://media.fab.com/image_previews/gallery_images/4d1bb030-63cb-4346-b801-246bb17ab5c2/ac0b578a-1b7f-4910-8f68-6450b8188a3b.jpg
[84408:88248:0924/215040.317:VERBOSE1:network_delegate.cc(36)] NetworkDelegate::NotifyBeforeURLRequest: https://media.fab.com/image_previews/gallery_images/66c94aae-7302-4965-85bf-a43392350876/fc0a55ef-38a7-42a4-9aef-aab08c5fd0ef.jpg
[88664:77012:0924/215040.548:VERBOSE1:media_stream_manager.cc(1533)] MSPL::OnSpeedLimitChange({this=000063AC0232AD40}, {new_limit=45})
[84408:88248:0924/215040.913:VERBOSE1:network_delegate.cc(36)] NetworkDelegate::NotifyBeforeURLRequest: https://media.fab.com/image_previews/gallery_images/14813548-f896-4d9a-9580-ae4bfb0c4996/eba182e3-d9fc-4704-9e54-68fd199f3895.jpg
[84408:88248:0924/215040.913:VERBOSE1:network_delegate.cc(36)] NetworkDelegate::NotifyBeforeURLRequest: https://media.fab.com/image_previews/gallery_images/bca36add-aa96-4c60-ba72-1c7e9c966f86/53c86105-a549-435b-a56c-3258bca00a86.jpg
[84408:88248:0924/215040.913:VERBOSE1:network_delegate.cc(36)] NetworkDelegate::NotifyBeforeURLRequest: https://media.fab.com/image_previews/gallery_images/4320618f-8c7e-429b-826e-1d8030baa52d/d545e706-deb6-41a8-a1c9-da9f7b9c4ccc.jpg
[84408:88248:0924/215040.950:VERBOSE1:network_delegate.cc(36)] NetworkDelegate::NotifyBeforeURLRequest: https://media.fab.com/image_previews/gallery_images/5ff9c7a9-5130-4d5a-90ea-e1de77216f1e/b9e8f1a6-3e9d-4958-a8a2-934bad3703f7.jpg
[84408:88248:0924/215040.951:VERBOSE1:network_delegate.cc(36)] NetworkDelegate::NotifyBeforeURLRequest: https://media.fab.com/image_previews/gallery_images/7af01028-15a8-4697-9843-0a11251a927b/ae25362f-3cb2-4f6c-8004-155e11a7a622.jpg
[84408:88248:0924/215040.995:VERBOSE1:network_delegate.cc(36)] NetworkDelegate::NotifyBeforeURLRequest: https://media.fab.com/image_previews/gallery_images/7cfa395a-c319-4ad4-b98b-6aed8f834590/298d48d4-d8ab-4658-938c-afa94a70c66b.jpg
[84408:88248:0924/215041.046:VERBOSE1:network_delegate.cc(36)] NetworkDelegate::NotifyBeforeURLRequest: https://media.fab.com/image_previews/gallery_images/22440bea-d402-469e-a76f-67fd86733e49/b5cd154e-b190-4980-b5d4-200f2a23f04d.jpg
[84408:88248:0924/215041.046:VERBOSE1:network_delegate.cc(36)] NetworkDelegate::NotifyBeforeURLRequest: https://media.fab.com/image_previews/gallery_images/98a4f0f7-2990-468e-bbef-b6215ac53940/40b3d49b-a4dc-4135-89e7-97853335639d.jpg
[88664:77012:0924/215041.542:VERBOSE1:media_stream_manager.cc(1533)] MSPL::OnSpeedLimitChange({this=000063AC0232AD40}, {new_limit=44})
[84408:88248:0924/215041.744:VERBOSE1:network_delegate.cc(36)] NetworkDelegate::NotifyBeforeURLRequest: https://media.fab.com/image_previews/gallery_images/1e623500-8f85-422e-a804-9a929bba06cd/c2fb5ff2-9a82-451d-b4fa-c83670f9fdb5.jpg
[84408:88248:0924/215042.052:VERBOSE1:network_delegate.cc(36)] NetworkDelegate::NotifyBeforeURLRequest: https://media.fab.com/image_previews/gallery_images/df8eb300-eea0-4e55-9c4c-5f76c8598084/4507bd27-fa03-4bb1-a43a-dc14690b97b7.jpg
[84408:88248:0924/215043.470:VERBOSE1:network_delegate.cc(36)] NetworkDelegate::NotifyBeforeURLRequest: https://tracking.epicgames.com/track.png?referringUrl=none&location=https%3A%2F%2Fwww.fab.com%2Fplugins%2Fue5%2Fsearch&now=1790279443440&eventType=pageView&accountId=e9f895ed962742029eb3c14906cf2f7d&l=en
[88664:88556:0924/215043.575:VERBOSE1:browser_info_manager.cc(524)] frame B-21DAFB1A16403E9EC052FDEBF5B477A8, pdf_process=0, browser_process_guest=0, print_preview_dialog=0, main=1
[88664:88556:0924/215043.575:VERBOSE1:browser_info_manager.cc(524)] frame B-21DAFB1A16403E9EC052FDEBF5B477A8, pdf_process=0, browser_process_guest=0, print_preview_dialog=0, main=1
[84408:88248:0924/215043.624:VERBOSE1:network_delegate.cc(36)] NetworkDelegate::NotifyBeforeURLRequest: https://content-autofill.googleapis.com/v1/pages/ChVDaHJvbWUvMTI4LjAuNjYxMy4xMzgSGQmNVeoEzgBFNxIFDZFhlU4hAp9i-e5kdo0=?alt=proto
[84408:88248:0924/215043.851:VERBOSE1:network_delegate.cc(36)] NetworkDelegate::NotifyBeforeURLRequest: https://www.fab.com/i/listings/search?aggregate_on=category_per_listing_type&asset_formats=converted-files&asset_formats=fbx&asset_formats=glb&asset_formats=gltf&asset_formats=metahuman&asset_formats=unreal-engine&channels=unreal-engine&count=0&q=animation+starter
[84408:88248:0924/215043.851:VERBOSE1:network_delegate.cc(36)] NetworkDelegate::NotifyBeforeURLRequest: https://www.fab.com/i/listings/search?asset_formats=converted-files&asset_formats=fbx&asset_formats=glb&asset_formats=gltf&asset_formats=metahuman&asset_formats=unreal-engine&channels=unreal-engine&q=animation+starter&sort_by=-relevance
[88664:77012:0924/215044.735:VERBOSE1:media_stream_manager.cc(1533)] MSPL::OnSpeedLimitChange({this=000063AC0232AD40}, {new_limit=43})
[84408:88248:0924/215045.681:VERBOSE1:network_delegate.cc(36)] NetworkDelegate::NotifyBeforeURLRequest: https://media.fab.com/image_previews/gallery_images/308c9a34-dd6b-4a64-82d1-dd8f9711b452/68bcc2d8-e2fb-4222-b75f-99fe148ec0a8.jpg
[84408:88248:0924/215045.682:VERBOSE1:network_delegate.cc(36)] NetworkDelegate::NotifyBeforeURLRequest: https://media.fab.com/image_previews/gallery_images/295b145a-f732-4c95-9c0a-e20191373620/54eaf213-3a2f-4b1c-8f46-7c931b851b71.jpg
[84408:88248:0924/215045.683:VERBOSE1:network_delegate.cc(36)] NetworkDelegate::NotifyBeforeURLRequest: https://media.fab.com/image_previews/gallery_images/438266f6-5351-4e67-a764-d2ad0139fe68/3437eafa-9274-46ce-bbc6-9cc3556ec2e7.jpg
[84408:88248:0924/215045.683:VERBOSE1:network_delegate.cc(36)] NetworkDelegate::NotifyBeforeURLRequest: https://media.fab.com/image_previews/gallery_images/8e865281-ab3c-468a-9428-127da0dfdbb6/1abb5374-9ee3-4ccc-98dd-1948753739c7.jpg
[84408:88248:0924/215045.683:VERBOSE1:network_delegate.cc(36)] NetworkDelegate::NotifyBeforeURLRequest: https://media.fab.com/image_previews/gallery_images/1bb839d6-d30c-4fe1-8999-1f0eecbc3077/372d72f1-26e7-41e7-a526-a15e69f150c7.jpg
[84408:88248:0924/215045.684:VERBOSE1:network_delegate.cc(36)] NetworkDelegate::NotifyBeforeURLRequest: https://media.fab.com/image_previews/gallery_images/24646f37-a630-40b4-9f9b-5d9a30f50eef/2ed889b1-9e5d-41fb-8427-4514d055d729.jpg
[84408:88248:0924/215045.684:VERBOSE1:network_delegate.cc(36)] NetworkDelegate::NotifyBeforeURLRequest: https://media.fab.com/image_previews/gallery_images/1e021908-6d44-4ba5-a45a-0129767dc50e/00497768-befe-4d70-ac76-b821cbf05370.jpg
[84408:88248:0924/215045.685:VERBOSE1:network_delegate.cc(36)] NetworkDelegate::NotifyBeforeURLRequest: https://media.fab.com/image_previews/gallery_images/2c5cd8fd-e548-4756-9b3e-c5aa4eafee65/52f631a0-663b-4f6b-9c9d-39ae06786810.jpg
[84408:88248:0924/215045.697:VERBOSE1:network_delegate.cc(36)] NetworkDelegate::NotifyBeforeURLRequest: https://www.fab.com/i/users/me/listings-states?listing_ids=0e39cbfd-7ebd-425a-9d95-4853671cdd68&listing_ids=1516c689-17c3-4299-9589-f4bb4b3faca8&listing_ids=2135712e-6c20-4d85-9494-a8b6aa4cff18&listing_ids=2252ee1d-734d-4a04-b356-199ac10423dc&listing_ids=3630bce3-25c7-48c0-b5f1-49913bfbc917&listing_ids=37eceaec-46df-4b44-8cb5-5e7ca92c7de8&listing_ids=426589f7-3b4d-4afb-9624-087135350d4b&listing_ids=4e01289c-436d-4290-aad8-6b2745983934&listing_ids=5fed04ac-1c83-4d9a-a25b-a48ce92427d1&listing_ids=61c35f47-d0db-49be-8123-a6b260325304&listing_ids=65b96708-16d6-4cee-9605-ab6ef37fbf0e&listing_ids=81eb4e2e-19b8-40de-84e1-2cb233547a4f&listing_ids=846e16e6-26ae-4775-af4f-a7b5681741a9&listing_ids=98ff449d-79db-4f54-9303-75486c4fb9d9&listing_ids=9b3a252e-775b-4c32-a526-6a3ceae427be&listing_ids=aa7a85d6-ecf5-4eb5-94fd-4152731ff631&listing_ids=ac3bee03-9a85-40a2-9f2a-615fced8f6bf&listing_ids=b120bbbf-ecc6-415e-a6ba-39dd9c995a0e&listing_ids=b4d8e0d5-a024-4d54-b539-20f315c8486c&listing_ids=d6d43267-3853-4f60-9f5d-c2db98f0a587&listing_ids=deef1715-536b-4dc3-8788-9c599d6009f6&listing_ids=e16cb9f9-1943-4b63-b301-0c81232b463c&listing_ids=ef9651a4-fb55-4866-a2d9-1b38b028f9c7&listing_ids=fd545301-e55f-4705-a777-d62fbe39e72d
[84408:88248:0924/215045.698:VERBOSE1:network_delegate.cc(36)] NetworkDelegate::NotifyBeforeURLRequest: https://www.fab.com/i/listings/prices-infos?offer_ids=07f004ac049f4cd9ad19e0a7a4c9caa4&offer_ids=12e7fc52323c4941a83eabb5466e957e&offer_ids=22a0029a221a4bb4a0fcbd2b6ad74e95&offer_ids=2c43c5dd477d4d2f85ae74808a89c9e2&offer_ids=2f521f084e3e46ed926edd81fb32356f&offer_ids=3475a7e95f5d4f0c968618d50085fce4&offer_ids=372056dcb7c8445ba6913aaf5a11f9f9&offer_ids=49a0c026447b4b2f900e5edf9fe7125f&offer_ids=651aacd2756749a88827725b13f9f076&offer_ids=7eb51afe2f6a485bb80fc162d47a46e8&offer_ids=a5f6d98a92a64b3081319d1b1e71e0f2&offer_ids=af441745d11b4abd80a13d6a787cf652&offer_ids=b9a613ed1bcc49fb94f3d83962bf82af&offer_ids=be4d7ad95fa64367ae0f130f0557bfa8&offer_ids=c0f5d2d1517e4c648d7acd1ecbb57b8b&offer_ids=c33240c8300c43ff9ea325dfb13c5b70&offer_ids=c6054999cecd41d183496a1e45b3dd34&offer_ids=cbff717a49474296a2bdef4a285c0f11&offer_ids=ccb0da618a4b4a1893d68cdf2ce979c0&offer_ids=cd336df16fd24b87b7d713a49388d3a6&offer_ids=e71de5a5967a4cccb563a6b955f979bb&offer_ids=e7f795c50fe0440798ec94670030a118&offer_ids=f52049fad7b046aba4603596c8bdb190&offer_ids=f7b16cce8cb44700823571e280620c8e
[84408:88248:0924/215046.177:VERBOSE1:network_delegate.cc(36)] NetworkDelegate::NotifyBeforeURLRequest: https://media.fab.com/image_previews/gallery_images/63555cb7-91b3-4af2-a838-b6d6f661119b/0aa6f642-02ef-4d5d-bb12-b55b19789fd7.jpg
[84408:88248:0924/215046.193:VERBOSE1:network_delegate.cc(36)] NetworkDelegate::NotifyBeforeURLRequest: https://media.fab.com/image_previews/gallery_images/5358d127-ba13-4f3a-870b-88f6b228620a/2cbc666d-9a46-4638-92f4-88d9fbf68d1f.jpg
[84408:88248:0924/215046.193:VERBOSE1:network_delegate.cc(36)] NetworkDelegate::NotifyBeforeURLRequest: https://media.fab.com/image_previews/gallery_images/86acf0fa-21fe-4152-b30f-29e0bdb58a04/8ee862a4-77a7-42b6-a14b-ab63ca566048.jpg
[84408:88248:0924/215046.193:VERBOSE1:network_delegate.cc(36)] NetworkDelegate::NotifyBeforeURLRequest: https://media.fab.com/image_previews/gallery_images/a5a277df-b5ae-40db-ad07-1ffa88397c70/f3635461-5b77-4a75-8179-10d1e3672a77.jpg
[84408:88248:0924/215046.228:VERBOSE1:network_delegate.cc(36)] NetworkDelegate::NotifyBeforeURLRequest: https://media.fab.com/image_previews/gallery_images/d1d67c98-4f60-4631-a519-73a3c292ba81/4721b14c-685b-4b02-a391-bd3eac426d50.jpg
[87016:77436:0924/215046.273:VERBOSE1:video_capture_oracle.cc(250)] Client rejects proposal to capture frame (at #114).
[87016:77436:0924/215046.289:VERBOSE1:video_capture_oracle.cc(250)] Client rejects proposal to capture frame (at #114).
[87016:77436:0924/215046.306:VERBOSE1:video_capture_oracle.cc(250)] Client rejects proposal to capture frame (at #114).
[84408:88248:0924/215046.311:VERBOSE1:network_delegate.cc(36)] NetworkDelegate::NotifyBeforeURLRequest: https://media.fab.com/image_previews/gallery_images/05f015c8-12ff-42d7-a73f-1e5fefa67090/ce09e3ac-d42f-4c2e-b2f2-0f44afd444d2.jpg
[84408:88248:0924/215046.313:VERBOSE1:network_delegate.cc(36)] NetworkDelegate::NotifyBeforeURLRequest: https://media.fab.com/image_previews/gallery_images/1e5e521a-788f-4440-89f8-c18204e98a01/99d0cd75-9d89-49a4-926e-722758260440.jpg
[84408:88248:0924/215046.313:VERBOSE1:network_delegate.cc(36)] NetworkDelegate::NotifyBeforeURLRequest: https://media.fab.com/image_previews/gallery_images/4938c5e9-ac65-4f42-91d6-2b11f7887525/254bd922-0a71-4690-807f-89d5f18097e3.jpg
[87016:77436:0924/215046.323:VERBOSE1:video_capture_oracle.cc(250)] Client rejects proposal to capture frame (at #114).
[87016:77436:0924/215046.357:VERBOSE1:video_capture_oracle.cc(250)] Client rejects proposal to capture frame (at #115).
[87016:77436:0924/215046.373:VERBOSE1:video_capture_oracle.cc(250)] Client rejects proposal to capture frame (at #115).
[87016:77436:0924/215046.389:VERBOSE1:video_capture_oracle.cc(250)] Client rejects proposal to capture frame (at #115).
[87016:77436:0924/215046.440:VERBOSE1:video_capture_oracle.cc(250)] Client rejects proposal to capture frame (at #117).
[87016:77436:0924/215046.455:VERBOSE1:video_capture_oracle.cc(250)] Client rejects proposal to capture frame (at #117).
[87016:77436:0924/215046.506:VERBOSE1:video_capture_oracle.cc(250)] Client rejects proposal to capture frame (at #119).
[84408:88248:0924/215046.589:VERBOSE1:network_delegate.cc(36)] NetworkDelegate::NotifyBeforeURLRequest: https://media.fab.com/image_previews/gallery_images/efddda49-e77a-439a-941c-b5f5f3c2a725/14f3d1f6-24c0-4f91-b961-185196b1b9f9.jpg
[84408:88248:0924/215046.593:VERBOSE1:network_delegate.cc(36)] NetworkDelegate::NotifyBeforeURLRequest: https://media.fab.com/image_previews/gallery_images/4747f107-4b14-40e8-9b0f-b90e5b5c0128/bc974269-5dd7-4f02-8b3e-b7f58b008adc.jpg
[87016:77436:0924/215046.694:VERBOSE1:video_capture_oracle.cc(250)] Client rejects proposal to capture frame (at #124).
[84408:88248:0924/215046.720:VERBOSE1:network_delegate.cc(36)] NetworkDelegate::NotifyBeforeURLRequest: https://media.fab.com/image_previews/gallery_images/fefd11c0-ee9f-4f69-b60c-9559edab605a/d92582ff-7cd8-4428-badd-5cca93862276.jpg
[84408:88248:0924/215046.726:VERBOSE1:network_delegate.cc(36)] NetworkDelegate::NotifyBeforeURLRequest: https://media.fab.com/image_previews/gallery_images/85915ae1-5bcb-46ae-a117-3831189bea5e/ded2fb3d-133f-47f1-b4f9-18566907b78e.jpg
[87016:77436:0924/215046.726:VERBOSE1:video_capture_oracle.cc(250)] Client rejects proposal to capture frame (at #125).
[87016:77436:0924/215046.754:VERBOSE1:video_capture_oracle.cc(250)] Client rejects proposal to capture frame (at #125).
[87016:77436:0924/215046.765:VERBOSE1:video_capture_oracle.cc(250)] Client rejects proposal to capture frame (at #125).
[84408:88248:0924/215046.771:VERBOSE1:network_delegate.cc(36)] NetworkDelegate::NotifyBeforeURLRequest: https://static.fab.com/static/builds/web/dist/frontend/assets/images/common/icons/49128877207e9e844bf83092ca9e7cee-v1.svg
[87016:77436:0924/215046.774:VERBOSE1:video_capture_oracle.cc(250)] Client rejects proposal to capture frame (at #125).
[84408:88248:0924/215046.779:VERBOSE1:network_delegate.cc(36)] NetworkDelegate::NotifyBeforeURLRequest: https://media.fab.com/image_previews/gallery_images/d2f692a8-d79b-467e-a8c5-8a49dc58f6e2/f2551754-16c3-46f4-89ca-cd47ecf8d632.jpg
[84408:88248:0924/215046.787:VERBOSE1:network_delegate.cc(36)] NetworkDelegate::NotifyBeforeURLRequest: https://media.fab.com/image_previews/gallery_images/5cb9d77e-7718-40e6-8918-fcd3c22fbefe/dc6ea5fa-e24f-466d-931f-f4f488a36280.jpg
[84408:88248:0924/215046.813:VERBOSE1:network_delegate.cc(36)] NetworkDelegate::NotifyBeforeURLRequest: https://media.fab.com/image_previews/gallery_images/063ba0b7-e615-4940-b6b7-d76a464340a8/15efc061-d7b4-41f3-b366-7836c25557a0.jpg
[84408:88248:0924/215046.825:VERBOSE1:network_delegate.cc(36)] NetworkDelegate::NotifyBeforeURLRequest: https://media.fab.com/image_previews/gallery_images/419cb0a8-142d-42a5-883a-37348e630c14/48681ca0-2f38-4729-ba11-b2be1b70ec8d.jpg
[87016:77436:0924/215046.841:VERBOSE1:video_capture_oracle.cc(250)] Client rejects proposal to capture frame (at #128).
[87016:77436:0924/215046.858:VERBOSE1:video_capture_oracle.cc(250)] Client rejects proposal to capture frame (at #128).
[87016:77436:0924/215046.891:VERBOSE1:video_capture_oracle.cc(250)] Client rejects proposal to capture frame (at #129).
[87016:77436:0924/215046.911:VERBOSE1:video_capture_oracle.cc(250)] Client rejects proposal to capture frame (at #129).
[87016:77436:0924/215046.929:VERBOSE1:video_capture_oracle.cc(250)] Client rejects proposal to capture frame (at #129).
[87016:77436:0924/215046.969:VERBOSE1:video_capture_oracle.cc(250)] Client rejects proposal to capture frame (at #130).
[87016:77436:0924/215046.976:VERBOSE1:video_capture_oracle.cc(250)] Client rejects proposal to capture frame (at #130).
[87016:77436:0924/215047.003:VERBOSE1:video_capture_oracle.cc(250)] Client rejects proposal to capture frame (at #130).
[88664:77012:0924/215047.005:VERBOSE1:media_stream_manager.cc(1533)] MSPL::OnSpeedLimitChange({this=000063AC0232AD40}, {new_limit=42})
[87016:77436:0924/215047.021:VERBOSE1:video_capture_oracle.cc(250)] Client rejects proposal to capture frame (at #130).
[87016:77436:0924/215047.023:VERBOSE1:video_capture_oracle.cc(250)] Client rejects proposal to capture frame (at #130).
[87016:77436:0924/215047.079:VERBOSE1:video_capture_oracle.cc(250)] Client rejects proposal to capture frame (at #131).
[88664:77012:0924/215047.675:VERBOSE1:media_stream_manager.cc(1533)] MSPL::OnSpeedLimitChange({this=000063AC0232AD40}, {new_limit=44})
[84408:88248:0924/215047.677:VERBOSE1:network_delegate.cc(36)] NetworkDelegate::NotifyBeforeURLRequest: https://www.fab.com/i/users/me/listings-states/b120bbbf-ecc6-415e-a6ba-39dd9c995a0e?
[88664:88556:0924/215048.286:VERBOSE1:browser_info_manager.cc(524)] frame B-21DAFB1A16403E9EC052FDEBF5B477A8, pdf_process=0, browser_process_guest=0, print_preview_dialog=0, main=1
[84408:88248:0924/215048.309:VERBOSE1:network_delegate.cc(36)] NetworkDelegate::NotifyBeforeURLRequest: https://tracking.epicgames.com/track.png?eventCategory=card&interactionType=click&eventAction=navigation&eventLabel=searchResultClicked&eventValue=%7B%22position%22%3A1%2C%22searchType%22%3A%22listings%22%2C%22uid%22%3A%2298ff449d-79db-4f54-9303-75486c4fb9d9%22%2C%22itemClicked%22%3A%22listingCard%22%2C%22destinationUrl%22%3A%22%2Flistings%2F98ff449d-79db-4f54-9303-75486c4fb9d9%22%2C%22filters%22%3A%5B%22q%3Danimation%2Bstarter%22%5D%2C%22platform%22%3A%22Fab_UE5_Plugin%22%7D&referringUrl=none&location=https%3A%2F%2Fwww.fab.com%2Fplugins%2Fue5%2Fsearch&now=1790279448266&eventType=search&accountId=e9f895ed962742029eb3c14906cf2f7d&l=en
[84408:88248:0924/215048.476:VERBOSE1:network_delegate.cc(36)] NetworkDelegate::NotifyBeforeURLRequest: https://o10593.ingest.us.sentry.io/api/4509005875773441/envelope/?sentry_version=7&sentry_key=2f9d7037268c3a61be1c8dd09f5b893b&sentry_client=sentry.javascript.react%2F9.17.0
[84408:88248:0924/215048.477:VERBOSE1:network_delegate.cc(36)] NetworkDelegate::NotifyBeforeURLRequest: https://o10593.ingest.us.sentry.io/api/4509005875773441/envelope/?sentry_version=7&sentry_key=2f9d7037268c3a61be1c8dd09f5b893b&sentry_client=sentry.javascript.react%2F9.17.0
[88664:88556:0924/215048.625:VERBOSE1:browser_info_manager.cc(524)] frame B-21DAFB1A16403E9EC052FDEBF5B477A8, pdf_process=0, browser_process_guest=0, print_preview_dialog=0, main=1
[88664:88556:0924/215048.985:VERBOSE1:browser_info_manager.cc(524)] frame B-21DAFB1A16403E9EC052FDEBF5B477A8, pdf_process=0, browser_process_guest=0, print_preview_dialog=0, main=1
[88664:88556:0924/215048.985:VERBOSE1:browser_info_manager.cc(524)] frame B-21DAFB1A16403E9EC052FDEBF5B477A8, pdf_process=0, browser_process_guest=0, print_preview_dialog=0, main=1
[84408:88248:0924/215048.986:VERBOSE1:network_delegate.cc(36)] NetworkDelegate::NotifyBeforeURLRequest: https://tracking.epicgames.com/track.png?referringUrl=none&location=https%3A%2F%2Fwww.fab.com%2Fplugins%2Fue5%2Flistings%2F98ff449d-79db-4f54-9303-75486c4fb9d9&now=1790279448386&eventType=pageView&accountId=e9f895ed962742029eb3c14906cf2f7d&l=en
[84408:88248:0924/215048.987:VERBOSE1:network_delegate.cc(36)] NetworkDelegate::NotifyBeforeURLRequest: https://www.fab.com/i/listings/98ff449d-79db-4f54-9303-75486c4fb9d9
[84408:88248:0924/215049.494:VERBOSE1:network_delegate.cc(36)] NetworkDelegate::NotifyBeforeURLRequest: https://static.fab.com/static/builds/web/dist/1bdb6dcf599e7a312574ea92544e0219-v1.js
[84408:88248:0924/215049.495:VERBOSE1:network_delegate.cc(36)] NetworkDelegate::NotifyBeforeURLRequest: https://www.fab.com/i/listings/98ff449d-79db-4f54-9303-75486c4fb9d9/asset-formats/unreal-engine
[84408:88248:0924/215049.495:VERBOSE1:network_delegate.cc(36)] NetworkDelegate::NotifyBeforeURLRequest: https://www.fab.com/i/listings/search?channels=unreal-engine&seller=Epic+Games
[84408:88248:0924/215049.496:VERBOSE1:network_delegate.cc(36)] NetworkDelegate::NotifyBeforeURLRequest: https://www.fab.com/i/users/me/listings-states/98ff449d-79db-4f54-9303-75486c4fb9d9?
[84408:88248:0924/215049.514:VERBOSE1:network_delegate.cc(36)] NetworkDelegate::NotifyBeforeURLRequest: https://www.fab.com/i/listings/98ff449d-79db-4f54-9303-75486c4fb9d9/prices-infos
[84408:88248:0924/215049.515:VERBOSE1:network_delegate.cc(36)] NetworkDelegate::NotifyBeforeURLRequest: https://www.fab.com/i/unreal-engine/versions
[84408:88248:0924/215049.515:VERBOSE1:network_delegate.cc(36)] NetworkDelegate::NotifyBeforeURLRequest: https://www.fab.com/i/taxonomy/licenses
[88664:88556:0924/215049.583:INFO:CONSOLE(2)] "Launcher Integration configured for Web", source: https://static.fab.com/static/builds/web/dist/5434f25342e8bfdc07454f59b40045f7-v1.js (2)
[88664:88556:0924/215049.583:INFO:CONSOLE(2)] "Lower-casing object properties on root.ue", source: https://static.fab.com/static/builds/web/dist/5434f25342e8bfdc07454f59b40045f7-v1.js (2)
[88664:88556:0924/215049.584:INFO:CONSOLE(2)] "LauncherIntegration'  ! Switching to v2 Purchase Flow !", source: https://static.fab.com/static/builds/web/dist/5434f25342e8bfdc07454f59b40045f7-v1.js (2)
[88664:88556:0924/215049.584:INFO:CONSOLE(2)] "LauncherIntegration'  Window object found for marketplace. (ue.webmarketplace)", source: https://static.fab.com/static/builds/web/dist/5434f25342e8bfdc07454f59b40045f7-v1.js (2)
[88664:88556:0924/215049.584:INFO:CONSOLE(2)] "LauncherIntegration'  Window object found for Purchase Flow. (ue.purchaseflow)", source: https://static.fab.com/static/builds/web/dist/5434f25342e8bfdc07454f59b40045f7-v1.js (2)
[84408:88248:0924/215049.584:VERBOSE1:network_delegate.cc(36)] NetworkDelegate::NotifyBeforeURLRequest: https://content-autofill.googleapis.com/v1/pages/ChVDaHJvbWUvMTI4LjAuNjYxMy4xMzgSGQmNVeoEzgBFNxIFDZFhlU4hbn_LRwT82Y4=?alt=proto
[84408:88248:0924/215049.991:VERBOSE1:network_delegate.cc(36)] NetworkDelegate::NotifyBeforeURLRequest: https://www.fab.com/i/store/taxonomy/tech-details-choices?asset_format_type=unreal-engine&listing_type=tutorials-examples
[84408:88248:0924/215050.015:VERBOSE1:network_delegate.cc(36)] NetworkDelegate::NotifyBeforeURLRequest: https://media.fab.com/image_previews/gallery_images/da40c768-de7e-496f-aeea-e6bad6f25219/9f4e9eb6-9af4-4d38-a55e-71c32538c9da.jpg
[84408:88248:0924/215050.015:VERBOSE1:network_delegate.cc(36)] NetworkDelegate::NotifyBeforeURLRequest: https://media.fab.com/image_previews/gallery_images/da40c768-de7e-496f-aeea-e6bad6f25219/4789992f-4d39-4774-adbd-2a707a8162b8.jpg
[84408:88248:0924/215050.044:VERBOSE1:network_delegate.cc(36)] NetworkDelegate::NotifyBeforeURLRequest: https://media.fab.com/image_previews/gallery_images/0e5e4db2-6ebe-4099-98c3-578d3673b2b5/cdb0e70a-961d-437d-9b4b-d96541afb0bd.jpg
[84408:88248:0924/215050.045:VERBOSE1:network_delegate.cc(36)] NetworkDelegate::NotifyBeforeURLRequest: https://media.fab.com/image_previews/gallery_images/4c6c3293-6aaa-4091-96ec-cd1ba93d70cf/299b2350-df9d-42af-991b-87881870998d.jpg
[84408:88248:0924/215050.045:VERBOSE1:network_delegate.cc(36)] NetworkDelegate::NotifyBeforeURLRequest: https://cdn1.epicgames.com/fab/seller/o-aa83a0a9bc45e98c80c1b1c9d92e9e/profile/22426309.png
[84408:88248:0924/215050.048:VERBOSE1:network_delegate.cc(36)] NetworkDelegate::NotifyBeforeURLRequest: https://dns.google/dns-query?dns=AAABAAABAAAAAAABBGNkbjEJZXBpY2dhbWVzA2NvbQAAHAABAAApEAAAAAAAAFEADABNAAAAAAAAAAAAAAAAAAAAAAAAAAAAAAAAAAAAAAAAAAAAAAAAAAAAAAAAAAAAAAAAAAAAAAAAAAAAAAAAAAAAAAAAAAAAAAAAAAAAAAA
[84408:88248:0924/215050.048:VERBOSE1:network_delegate.cc(36)] NetworkDelegate::NotifyBeforeURLRequest: https://dns.google/dns-query?dns=AAABAAABAAAAAAABBGNkbjEJZXBpY2dhbWVzA2NvbQAAAQABAAApEAAAAAAAAFEADABNAAAAAAAAAAAAAAAAAAAAAAAAAAAAAAAAAAAAAAAAAAAAAAAAAAAAAAAAAAAAAAAAAAAAAAAAAAAAAAAAAAAAAAAAAAAAAAAAAAAAAAA
[84408:88248:0924/215050.048:VERBOSE1:network_delegate.cc(36)] NetworkDelegate::NotifyBeforeURLRequest: https://dns.google/dns-query?dns=AAABAAABAAAAAAABBGNkbjEJZXBpY2dhbWVzA2NvbQAAQQABAAApEAAAAAAAAFEADABNAAAAAAAAAAAAAAAAAAAAAAAAAAAAAAAAAAAAAAAAAAAAAAAAAAAAAAAAAAAAAAAAAAAAAAAAAAAAAAAAAAAAAAAAAAAAAAAAAAAAAAA
[84408:88248:0924/215050.285:VERBOSE1:network_delegate.cc(36)] NetworkDelegate::NotifyBeforeURLRequest: https://www.fab.com/i/listings/prices-infos?offer_ids=5dfc852a321747e387f1b29ef8e2bd4c&offer_ids=b7015a5b65b645e4be14e03f23a397a7&offer_ids=b7b1aa702c5c4703af3bd6fb7ebd8604
[84408:88248:0924/215050.286:VERBOSE1:network_delegate.cc(36)] NetworkDelegate::NotifyBeforeURLRequest: https://www.fab.com/i/users/me/listings-states?listing_ids=4095b8e0-3eff-44f1-acb4-cb40b99228b9&listing_ids=880e319a-a59e-4ed2-b268-b32dac7fa016&listing_ids=d79688f5-29be-4fb2-a650-2d4a813f5306
[84408:88248:0924/215050.540:VERBOSE1:network_delegate.cc(36)] NetworkDelegate::NotifyBeforeURLRequest: https://media.fab.com/image_previews/gallery_images/370f9dab-97b7-4200-8988-a2bb52b15483/b7b65857-533b-42b3-a59d-aa30c0c53608.jpg
[88664:77012:0924/215050.576:VERBOSE1:media_stream_manager.cc(1533)] MSPL::OnSpeedLimitChange({this=000063AC0232AD40}, {new_limit=42})
[84408:88248:0924/215050.743:VERBOSE1:network_delegate.cc(36)] NetworkDelegate::NotifyBeforeURLRequest: https://media.fab.com/image_previews/gallery_images/9d0af571-40ff-47fc-896a-728ffdeda450/e0de5843-d17e-45e2-b9e4-b36f5d7de1b3.jpg
[84408:88248:0924/215050.743:VERBOSE1:network_delegate.cc(36)] NetworkDelegate::NotifyBeforeURLRequest: https://media.fab.com/image_previews/gallery_images/8b1d9d28-fb02-4cdb-a6d5-fcdddce2e7c5/cf853c04-6156-4be7-ba59-5bf58a9ba119.jpg
[84408:88248:0924/215050.743:VERBOSE1:network_delegate.cc(36)] NetworkDelegate::NotifyBeforeURLRequest: https://media.fab.com/image_previews/gallery_images/8facadde-0182-47d2-b54e-8289c4e53262/a3e3d3d8-853d-462e-885b-1830acfc938c.jpg
[87016:77436:0924/215051.261:VERBOSE1:video_capture_oracle.cc(250)] Client rejects proposal to capture frame (at #173).
[87016:77436:0924/215051.284:VERBOSE1:video_capture_oracle.cc(250)] Client rejects proposal to capture frame (at #173).
[87016:77436:0924/215051.293:VERBOSE1:video_capture_oracle.cc(250)] Client rejects proposal to capture frame (at #173).
[87016:77436:0924/215051.329:VERBOSE1:video_capture_oracle.cc(250)] Client rejects proposal to capture frame (at #174).
[87016:77436:0924/215051.343:VERBOSE1:video_capture_oracle.cc(250)] Client rejects proposal to capture frame (at #174).
[87016:77436:0924/215051.361:VERBOSE1:video_capture_oracle.cc(250)] Client rejects proposal to capture frame (at #174).
[87016:77436:0924/215051.375:VERBOSE1:video_capture_oracle.cc(250)] Client rejects proposal to capture frame (at #174).
[87016:77436:0924/215051.410:VERBOSE1:video_capture_oracle.cc(250)] Client rejects proposal to capture frame (at #175).
[87016:77436:0924/215051.426:VERBOSE1:video_capture_oracle.cc(250)] Client rejects proposal to capture frame (at #175).
[87016:77436:0924/215051.443:VERBOSE1:video_capture_oracle.cc(250)] Client rejects proposal to capture frame (at #175).
[87016:77436:0924/215051.476:VERBOSE1:video_capture_oracle.cc(250)] Client rejects proposal to capture frame (at #176).
[87016:77436:0924/215051.493:VERBOSE1:video_capture_oracle.cc(250)] Client rejects proposal to capture frame (at #176).
[87016:77436:0924/215051.509:VERBOSE1:video_capture_oracle.cc(250)] Client rejects proposal to capture frame (at #176).
[87016:77436:0924/215051.525:VERBOSE1:video_capture_oracle.cc(250)] Client rejects proposal to capture frame (at #176).
[88664:88556:0924/215051.939:VERBOSE1:browser_info_manager.cc(524)] frame B-21DAFB1A16403E9EC052FDEBF5B477A8, pdf_process=0, browser_process_guest=0, print_preview_dialog=0, main=1
[84408:88248:0924/215052.051:VERBOSE1:network_delegate.cc(36)] NetworkDelegate::NotifyBeforeURLRequest: https://o10593.ingest.us.sentry.io/api/4509005875773441/envelope/?sentry_version=7&sentry_key=2f9d7037268c3a61be1c8dd09f5b893b&sentry_client=sentry.javascript.react%2F9.17.0
[84408:88248:0924/215052.051:VERBOSE1:network_delegate.cc(36)] NetworkDelegate::NotifyBeforeURLRequest: https://o10593.ingest.us.sentry.io/api/4509005875773441/envelope/?sentry_version=7&sentry_key=2f9d7037268c3a61be1c8dd09f5b893b&sentry_client=sentry.javascript.react%2F9.17.0
[84408:88248:0924/215052.074:VERBOSE1:network_delegate.cc(36)] NetworkDelegate::NotifyBeforeURLRequest: https://tracking.epicgames.com/track.png?referringUrl=none&location=https%3A%2F%2Fwww.fab.com%2Fplugins%2Fue5%2Fsearch&now=1790279452035&eventType=pageView&accountId=e9f895ed962742029eb3c14906cf2f7d&l=en
[88664:88556:0924/215052.381:VERBOSE1:browser_info_manager.cc(524)] frame B-21DAFB1A16403E9EC052FDEBF5B477A8, pdf_process=0, browser_process_guest=0, print_preview_dialog=0, main=1
[84408:88248:0924/215052.381:VERBOSE1:network_delegate.cc(36)] NetworkDelegate::NotifyBeforeURLRequest: https://content-autofill.googleapis.com/v1/pages/ChVDaHJvbWUvMTI4LjAuNjYxMy4xMzgSGQmNVeoEzgBFNxIFDZFhlU4hAp9i-e5kdo0=?alt=proto
[88664:88556:0924/215052.453:VERBOSE1:browser_info_manager.cc(524)] frame B-21DAFB1A16403E9EC052FDEBF5B477A8, pdf_process=0, browser_process_guest=0, print_preview_dialog=0, main=1
[88664:77012:0924/215052.545:VERBOSE1:media_stream_manager.cc(1533)] MSPL::OnSpeedLimitChange({this=000063AC0232AD40}, {new_limit=43})
[87016:77436:0924/215053.329:VERBOSE1:video_capture_oracle.cc(250)] Client rejects proposal to capture frame (at #196).
[88664:77012:0924/215053.941:VERBOSE1:media_stream_manager.cc(1533)] MSPL::OnSpeedLimitChange({this=000063AC0232AD40}, {new_limit=44})
[88664:77012:0924/215054.546:VERBOSE1:media_stream_manager.cc(1533)] MSPL::OnSpeedLimitChange({this=000063AC0232AD40}, {new_limit=43})
[88664:88556:0924/215055.047:VERBOSE1:browser_info_manager.cc(524)] frame B-21DAFB1A16403E9EC052FDEBF5B477A8, pdf_process=0, browser_process_guest=0, print_preview_dialog=0, main=1
[84408:88248:0924/215055.066:VERBOSE1:network_delegate.cc(36)] NetworkDelegate::NotifyBeforeURLRequest: https://tracking.epicgames.com/track.png?eventCategory=card&interactionType=click&eventAction=navigation&eventLabel=searchResultClicked&eventValue=%7B%22position%22%3A1%2C%22searchType%22%3A%22listings%22%2C%22uid%22%3A%2298ff449d-79db-4f54-9303-75486c4fb9d9%22%2C%22itemClicked%22%3A%22listingCard%22%2C%22destinationUrl%22%3A%22%2Flistings%2F98ff449d-79db-4f54-9303-75486c4fb9d9%22%2C%22filters%22%3A%5B%22q%3Danimation%2Bstarter%22%5D%2C%22platform%22%3A%22Fab_UE5_Plugin%22%7D&referringUrl=none&location=https%3A%2F%2Fwww.fab.com%2Fplugins%2Fue5%2Fsearch&now=1790279455030&eventType=search&accountId=e9f895ed962742029eb3c14906cf2f7d&l=en
[84408:88248:0924/215055.165:VERBOSE1:network_delegate.cc(36)] NetworkDelegate::NotifyBeforeURLRequest: https://o10593.ingest.us.sentry.io/api/4509005875773441/envelope/?sentry_version=7&sentry_key=2f9d7037268c3a61be1c8dd09f5b893b&sentry_client=sentry.javascript.react%2F9.17.0
[84408:88248:0924/215055.165:VERBOSE1:network_delegate.cc(36)] NetworkDelegate::NotifyBeforeURLRequest: https://o10593.ingest.us.sentry.io/api/4509005875773441/envelope/?sentry_version=7&sentry_key=2f9d7037268c3a61be1c8dd09f5b893b&sentry_client=sentry.javascript.react%2F9.17.0
[84408:88248:0924/215055.188:VERBOSE1:network_delegate.cc(36)] NetworkDelegate::NotifyBeforeURLRequest: https://tracking.epicgames.com/track.png?referringUrl=none&location=https%3A%2F%2Fwww.fab.com%2Fplugins%2Fue5%2Flistings%2F98ff449d-79db-4f54-9303-75486c4fb9d9&now=1790279455153&eventType=pageView&accountId=e9f895ed962742029eb3c14906cf2f7d&l=en
[88664:88556:0924/215055.249:VERBOSE1:browser_info_manager.cc(524)] frame B-21DAFB1A16403E9EC052FDEBF5B477A8, pdf_process=0, browser_process_guest=0, print_preview_dialog=0, main=1
[84408:88248:0924/215055.320:VERBOSE1:network_delegate.cc(36)] NetworkDelegate::NotifyBeforeURLRequest: https://media.fab.com/image_previews/gallery_images/0e5e4db2-6ebe-4099-98c3-578d3673b2b5/cdb0e70a-961d-437d-9b4b-d96541afb0bd.jpg
[84408:88248:0924/215055.321:VERBOSE1:network_delegate.cc(36)] NetworkDelegate::NotifyBeforeURLRequest: https://media.fab.com/image_previews/gallery_images/da40c768-de7e-496f-aeea-e6bad6f25219/4789992f-4d39-4774-adbd-2a707a8162b8.jpg
[84408:88248:0924/215055.321:VERBOSE1:network_delegate.cc(36)] NetworkDelegate::NotifyBeforeURLRequest: https://media.fab.com/image_previews/gallery_images/4c6c3293-6aaa-4091-96ec-cd1ba93d70cf/299b2350-df9d-42af-991b-87881870998d.jpg
[84408:88248:0924/215055.321:VERBOSE1:network_delegate.cc(36)] NetworkDelegate::NotifyBeforeURLRequest: https://cdn1.epicgames.com/fab/seller/o-aa83a0a9bc45e98c80c1b1c9d92e9e/profile/22426309.png
[88664:88556:0924/215055.333:VERBOSE1:browser_info_manager.cc(524)] frame B-21DAFB1A16403E9EC052FDEBF5B477A8, pdf_process=0, browser_process_guest=0, print_preview_dialog=0, main=1
[88664:88556:0924/215055.334:VERBOSE1:browser_info_manager.cc(524)] frame B-21DAFB1A16403E9EC052FDEBF5B477A8, pdf_process=0, browser_process_guest=0, print_preview_dialog=0, main=1
[84408:88248:0924/215055.350:VERBOSE1:network_delegate.cc(36)] NetworkDelegate::NotifyBeforeURLRequest: https://media.fab.com/image_previews/gallery_images/da40c768-de7e-496f-aeea-e6bad6f25219/9f4e9eb6-9af4-4d38-a55e-71c32538c9da.jpg
[84408:88248:0924/215055.351:VERBOSE1:network_delegate.cc(36)] NetworkDelegate::NotifyBeforeURLRequest: https://media.fab.com/image_previews/gallery_images/370f9dab-97b7-4200-8988-a2bb52b15483/b7b65857-533b-42b3-a59d-aa30c0c53608.jpg
[84408:88248:0924/215055.351:VERBOSE1:network_delegate.cc(36)] NetworkDelegate::NotifyBeforeURLRequest: https://media.fab.com/image_previews/gallery_images/9d0af571-40ff-47fc-896a-728ffdeda450/e0de5843-d17e-45e2-b9e4-b36f5d7de1b3.jpg
[84408:88248:0924/215055.354:VERBOSE1:network_delegate.cc(36)] NetworkDelegate::NotifyBeforeURLRequest: https://media.fab.com/image_previews/gallery_images/8b1d9d28-fb02-4cdb-a6d5-fcdddce2e7c5/cf853c04-6156-4be7-ba59-5bf58a9ba119.jpg
[84408:88248:0924/215055.356:VERBOSE1:network_delegate.cc(36)] NetworkDelegate::NotifyBeforeURLRequest: https://media.fab.com/image_previews/gallery_images/8facadde-0182-47d2-b54e-8289c4e53262/a3e3d3d8-853d-462e-885b-1830acfc938c.jpg
[84408:88248:0924/215055.361:VERBOSE1:network_delegate.cc(36)] NetworkDelegate::NotifyBeforeURLRequest: https://content-autofill.googleapis.com/v1/pages/ChVDaHJvbWUvMTI4LjAuNjYxMy4xMzgSGQmNVeoEzgBFNxIFDZFhlU4hbn_LRwT82Y4=?alt=proto
[88664:77012:0924/215055.565:VERBOSE1:media_stream_manager.cc(1533)] MSPL::OnSpeedLimitChange({this=000063AC0232AD40}, {new_limit=45})
[84408:88248:0924/215055.814:VERBOSE1:network_delegate.cc(36)] NetworkDelegate::NotifyBeforeURLRequest: https://dns.google/dns-query?dns=AAABAAABAAAAAAABA3d3dwZnb29nbGUDY29tAAAcAAEAACkQAAAAAAAAVQAMAFEAAAAAAAAAAAAAAAAAAAAAAAAAAAAAAAAAAAAAAAAAAAAAAAAAAAAAAAAAAAAAAAAAAAAAAAAAAAAAAAAAAAAAAAAAAAAAAAAAAAAAAAAAAAA
[84408:88248:0924/215055.815:VERBOSE1:network_delegate.cc(36)] NetworkDelegate::NotifyBeforeURLRequest: https://dns.google/dns-query?dns=AAABAAABAAAAAAABA3d3dwZnb29nbGUDY29tAAABAAEAACkQAAAAAAAAVQAMAFEAAAAAAAAAAAAAAAAAAAAAAAAAAAAAAAAAAAAAAAAAAAAAAAAAAAAAAAAAAAAAAAAAAAAAAAAAAAAAAAAAAAAAAAAAAAAAAAAAAAAAAAAAAAA
[84408:88248:0924/215055.815:VERBOSE1:network_delegate.cc(36)] NetworkDelegate::NotifyBeforeURLRequest: https://dns.google/dns-query?dns=AAABAAABAAAAAAABA3d3dwZnb29nbGUDY29tAABBAAEAACkQAAAAAAAAVQAMAFEAAAAAAAAAAAAAAAAAAAAAAAAAAAAAAAAAAAAAAAAAAAAAAAAAAAAAAAAAAAAAAAAAAAAAAAAAAAAAAAAAAAAAAAAAAAAAAAAAAAAAAAAAAAA
[84408:88248:0924/215055.965:VERBOSE1:tls_handshaker.cc(105)] TlsClient: Continuing handshake
[84408:88248:0924/215056.075:VERBOSE1:tls_handshaker.cc(105)] TlsClient: Continuing handshake
[84408:88248:0924/215056.261:VERBOSE1:tls_handshaker.cc(105)] TlsClient: Continuing handshake
[84408:88248:0924/215056.261:VERBOSE1:tls_handshaker.cc(105)] TlsClient: Continuing handshake
[84408:88248:0924/215056.261:VERBOSE1:tls_handshaker.cc(105)] TlsClient: Continuing handshake
[84408:88248:0924/215056.261:VERBOSE1:tls_handshaker.cc(105)] TlsClient: Continuing handshake
[84408:88248:0924/215056.291:VERBOSE1:tls_handshaker.cc(105)] TlsClient: Continuing handshake
[84408:88248:0924/215056.293:VERBOSE1:tls_client_handshaker.cc(528)] Client: handshake finished
[87016:77436:0924/215056.844:VERBOSE1:video_capture_oracle.cc(250)] Client rejects proposal to capture frame (at #216).
[87016:77436:0924/215056.857:VERBOSE1:video_capture_oracle.cc(250)] Client rejects proposal to capture frame (at #216).
[87016:77436:0924/215056.899:VERBOSE1:video_capture_oracle.cc(250)] Client rejects proposal to capture frame (at #217).
[87016:77436:0924/215056.909:VERBOSE1:video_capture_oracle.cc(250)] Client rejects proposal to capture frame (at #217).
[87016:77436:0924/215056.927:VERBOSE1:video_capture_oracle.cc(250)] Client rejects proposal to capture frame (at #217).
[87016:77436:0924/215056.960:VERBOSE1:video_capture_oracle.cc(250)] Client rejects proposal to capture frame (at #218).
[87016:77436:0924/215056.977:VERBOSE1:video_capture_oracle.cc(250)] Client rejects proposal to capture frame (at #218).
[87016:77436:0924/215057.060:VERBOSE1:video_capture_oracle.cc(250)] Client rejects proposal to capture frame (at #220).
[87016:77436:0924/215057.081:VERBOSE1:video_capture_oracle.cc(250)] Client rejects proposal to capture frame (at #220).
[87016:77436:0924/215057.093:VERBOSE1:video_capture_oracle.cc(250)] Client rejects proposal to capture frame (at #220).
[87016:77436:0924/215057.127:VERBOSE1:video_capture_oracle.cc(250)] Client rejects proposal to capture frame (at #221).
[87016:77436:0924/215057.148:VERBOSE1:video_capture_oracle.cc(250)] Client rejects proposal to capture frame (at #221).
[87016:77436:0924/215057.159:VERBOSE1:video_capture_oracle.cc(250)] Client rejects proposal to capture frame (at #221).
[87016:77436:0924/215057.178:VERBOSE1:video_capture_oracle.cc(250)] Client rejects proposal to capture frame (at #221).
[87016:77436:0924/215057.213:VERBOSE1:video_capture_oracle.cc(250)] Client rejects proposal to capture frame (at #222).
[87016:77436:0924/215057.227:VERBOSE1:video_capture_oracle.cc(250)] Client rejects proposal to capture frame (at #222).
[87016:77436:0924/215057.243:VERBOSE1:video_capture_oracle.cc(250)] Client rejects proposal to capture frame (at #222).
[87016:77436:0924/215057.280:VERBOSE1:video_capture_oracle.cc(250)] Client rejects proposal to capture frame (at #223).
[87016:77436:0924/215057.296:VERBOSE1:video_capture_oracle.cc(250)] Client rejects proposal to capture frame (at #223).
[87016:77436:0924/215057.313:VERBOSE1:video_capture_oracle.cc(250)] Client rejects proposal to capture frame (at #223).
[87016:77436:0924/215057.327:VERBOSE1:video_capture_oracle.cc(250)] Client rejects proposal to capture frame (at #223).
[88664:77012:0924/215057.998:VERBOSE1:media_stream_manager.cc(1533)] MSPL::OnSpeedLimitChange({this=000063AC0232AD40}, {new_limit=43})
[88664:88556:0924/215058.098:VERBOSE1:browser_info_manager.cc(524)] frame B-21DAFB1A16403E9EC052FDEBF5B477A8, pdf_process=0, browser_process_guest=0, print_preview_dialog=0, main=1
[88664:88556:0924/215058.316:VERBOSE1:browser_info_manager.cc(524)] frame B-21DAFB1A16403E9EC052FDEBF5B477A8, pdf_process=0, browser_process_guest=0, print_preview_dialog=0, main=1
[84408:88248:0924/215058.391:VERBOSE1:network_delegate.cc(36)] NetworkDelegate::NotifyBeforeURLRequest: https://content-autofill.googleapis.com/v1/pages/ChVDaHJvbWUvMTI4LjAuNjYxMy4xMzgSIAmBX_VptiZqPBIFDZFhlU4SBQ1kH9GfIayNy1c58NKn?alt=proto
[88664:77012:0924/215059.075:VERBOSE1:media_stream_manager.cc(1533)] MSPL::OnSpeedLimitChange({this=000063AC0232AD40}, {new_limit=44})
[88664:77012:0924/215059.612:VERBOSE1:media_stream_manager.cc(1533)] MSPL::OnSpeedLimitChange({this=000063AC0232AD40}, {new_limit=45})
[88664:88556:0924/215100.568:VERBOSE1:browser_info_manager.cc(524)] frame B-21DAFB1A16403E9EC052FDEBF5B477A8, pdf_process=0, browser_process_guest=0, print_preview_dialog=0, main=1
[88664:88556:0924/215100.705:VERBOSE1:browser_info_manager.cc(524)] frame B-21DAFB1A16403E9EC052FDEBF5B477A8, pdf_process=0, browser_process_guest=0, print_preview_dialog=0, main=1
[87016:77436:0924/215100.974:VERBOSE1:video_capture_oracle.cc(250)] Client rejects proposal to capture frame (at #274).
[87016:77436:0924/215100.993:VERBOSE1:video_capture_oracle.cc(250)] Client rejects proposal to capture frame (at #274).
[88664:77012:0924/215101.583:VERBOSE1:media_stream_manager.cc(1533)] MSPL::OnSpeedLimitChange({this=000063AC0232AD40}, {new_limit=46})
[88664:77012:0924/215103.606:VERBOSE1:media_stream_manager.cc(1533)] MSPL::OnSpeedLimitChange({this=000063AC0232AD40}, {new_limit=45})
[88664:77012:0924/215104.561:VERBOSE1:media_stream_manager.cc(1533)] MSPL::OnSpeedLimitChange({this=000063AC0232AD40}, {new_limit=46})
[88664:77012:0924/215106.559:VERBOSE1:media_stream_manager.cc(1533)] MSPL::OnSpeedLimitChange({this=000063AC0232AD40}, {new_limit=47})
[88664:77012:0924/215107.572:VERBOSE1:media_stream_manager.cc(1533)] MSPL::OnSpeedLimitChange({this=000063AC0232AD40}, {new_limit=48})
[88664:88556:0924/215107.778:WARNING:page_discarding_helper.cc(138)] Discarding multiple pages with target (kb): 0
[88664:77012:0924/215108.570:VERBOSE1:media_stream_manager.cc(1533)] MSPL::OnSpeedLimitChange({this=000063AC0232AD40}, {new_limit=47})
[88664:77012:0924/215110.556:VERBOSE1:media_stream_manager.cc(1533)] MSPL::OnSpeedLimitChange({this=000063AC0232AD40}, {new_limit=48})
[88664:77012:0924/215111.566:VERBOSE1:media_stream_manager.cc(1533)] MSPL::OnSpeedLimitChange({this=000063AC0232AD40}, {new_limit=47})
[88664:88556:0924/215112.796:WARNING:page_discarding_helper.cc(138)] Discarding multiple pages with target (kb): 0
[88664:77012:0924/215114.563:VERBOSE1:media_stream_manager.cc(1533)] MSPL::OnSpeedLimitChange({this=000063AC0232AD40}, {new_limit=48})
[88664:77012:0924/215115.566:VERBOSE1:media_stream_manager.cc(1533)] MSPL::OnSpeedLimitChange({this=000063AC0232AD40}, {new_limit=47})
[88664:77012:0924/215116.573:VERBOSE1:media_stream_manager.cc(1533)] MSPL::OnSpeedLimitChange({this=000063AC0232AD40}, {new_limit=46})
[88664:77012:0924/215117.644:VERBOSE1:media_stream_manager.cc(1533)] MSPL::OnSpeedLimitChange({this=000063AC0232AD40}, {new_limit=47})
[88664:88556:0924/215118.635:VERBOSE1:browser_info_manager.cc(524)] frame B-21DAFB1A16403E9EC052FDEBF5B477A8, pdf_process=0, browser_process_guest=0, print_preview_dialog=0, main=1
[87016:77436:0924/215118.873:VERBOSE1:video_capture_oracle.cc(250)] Client rejects proposal to capture frame (at #357).
[88664:77012:0924/215119.582:VERBOSE1:media_stream_manager.cc(1533)] MSPL::OnSpeedLimitChange({this=000063AC0232AD40}, {new_limit=45})
[88664:77012:0924/215120.571:VERBOSE1:media_stream_manager.cc(1533)] MSPL::OnSpeedLimitChange({this=000063AC0232AD40}, {new_limit=47})
[88664:77012:0924/215123.573:VERBOSE1:media_stream_manager.cc(1533)] MSPL::OnSpeedLimitChange({this=000063AC0232AD40}, {new_limit=46})
[87016:77436:0924/215124.490:VERBOSE1:video_capture_oracle.cc(250)] Client rejects proposal to capture frame (at #376).
[87016:77436:0924/215124.508:VERBOSE1:video_capture_oracle.cc(250)] Client rejects proposal to capture frame (at #376).
[87016:77436:0924/215124.524:VERBOSE1:video_capture_oracle.cc(250)] Client rejects proposal to capture frame (at #376).
[88664:88556:0924/215124.609:VERBOSE1:browser_info_manager.cc(524)] frame B-21DAFB1A16403E9EC052FDEBF5B477A8, pdf_process=0, browser_process_guest=0, print_preview_dialog=0, main=1
[88664:88556:0924/215124.905:VERBOSE1:browser_info_manager.cc(524)] frame B-21DAFB1A16403E9EC052FDEBF5B477A8, pdf_process=0, browser_process_guest=0, print_preview_dialog=0, main=1
[88664:88556:0924/215124.906:VERBOSE1:browser_info_manager.cc(524)] frame B-21DAFB1A16403E9EC052FDEBF5B477A8, pdf_process=0, browser_process_guest=0, print_preview_dialog=0, main=1
[88664:88556:0924/215124.906:VERBOSE1:browser_info_manager.cc(524)] frame B-21DAFB1A16403E9EC052FDEBF5B477A8, pdf_process=0, browser_process_guest=0, print_preview_dialog=0, main=1
[84408:88248:0924/215125.098:VERBOSE1:network_delegate.cc(36)] NetworkDelegate::NotifyBeforeURLRequest: https://www.fab.com/i/listings/98ff449d-79db-4f54-9303-75486c4fb9d9/asset-formats/unreal-engine/files/faeb85cf-0d6a-40bf-8a13-2db24794ed2a/download-info?platform=Windows
[84408:88248:0924/215125.101:VERBOSE1:tls_handshaker.cc(105)] TlsClient: Continuing handshake
[84408:88248:0924/215125.249:VERBOSE1:tls_handshaker.cc(105)] TlsClient: Continuing handshake
[84408:88248:0924/215125.249:VERBOSE1:tls_handshaker.cc(105)] TlsClient: Continuing handshake
[84408:88248:0924/215125.250:VERBOSE1:tls_handshaker.cc(105)] TlsClient: Continuing handshake
[84408:88248:0924/215125.250:VERBOSE1:tls_handshaker.cc(105)] TlsClient: Continuing handshake
[84408:88248:0924/215125.250:VERBOSE1:tls_client_handshaker.cc(528)] Client: handshake finished
[88664:77012:0924/215125.581:VERBOSE1:media_stream_manager.cc(1533)] MSPL::OnSpeedLimitChange({this=000063AC0232AD40}, {new_limit=47})
[88664:88556:0924/215125.890:VERBOSE1:browser_info_manager.cc(524)] frame B-21DAFB1A16403E9EC052FDEBF5B477A8, pdf_process=0, browser_process_guest=0, print_preview_dialog=0, main=1
[88664:77012:0924/215126.651:VERBOSE1:media_stream_manager.cc(1533)] MSPL::OnSpeedLimitChange({this=000063AC0232AD40}, {new_limit=49})
[84408:88248:0924/215126.652:VERBOSE1:network_delegate.cc(36)] NetworkDelegate::NotifyBeforeURLRequest: https://tracking.epicgames.com/track.png?interactionType=click&eventCategory=button&eventAction=navigation&eventLabel=Download&eventValue=%7B%22button_detail%22%3A%22AddToProject%22%2C%22buttonDestinationLink%22%3A%22%22%2C%22mcpAssetName%22%3A%22Animation%20Starter%20Pack%22%2C%22standardLabel%22%3A%22download%22%2C%22listingId%22%3A%2298ff449d-79db-4f54-9303-75486c4fb9d9%22%2C%22listingType%22%3A%22tutorials-examples%22%2C%22fileFormat%22%3A%22unreal-engine%22%2C%22platform%22%3A%22Fab_UE5_Plugin%22%7D&referringUrl=none&location=https%3A%2F%2Fwww.fab.com%2Fplugins%2Fue5%2Flistings%2F98ff449d-79db-4f54-9303-75486c4fb9d9&now=1790279485872&eventType=interaction&accountId=e9f895ed962742029eb3c14906cf2f7d&l=en
[88664:77012:0924/215127.725:VERBOSE1:media_stream_manager.cc(1533)] MSPL::OnSpeedLimitChange({this=000063AC0232AD40}, {new_limit=48})
[88664:77012:0924/215131.577:VERBOSE1:media_stream_manager.cc(1533)] MSPL::OnSpeedLimitChange({this=000063AC0232AD40}, {new_limit=46})
[88664:77012:0924/215134.584:VERBOSE1:media_stream_manager.cc(1533)] MSPL::OnSpeedLimitChange({this=000063AC0232AD40}, {new_limit=44})
[88664:77012:0924/215135.587:VERBOSE1:media_stream_manager.cc(1533)] MSPL::OnSpeedLimitChange({this=000063AC0232AD40}, {new_limit=43})
[88664:77012:0924/215136.596:VERBOSE1:media_stream_manager.cc(1533)] MSPL::OnSpeedLimitChange({this=000063AC0232AD40}, {new_limit=40})
[88664:77012:0924/215137.586:VERBOSE1:media_stream_manager.cc(1533)] MSPL::OnSpeedLimitChange({this=000063AC0232AD40}, {new_limit=39})
[88664:77012:0924/215139.585:VERBOSE1:media_stream_manager.cc(1533)] MSPL::OnSpeedLimitChange({this=000063AC0232AD40}, {new_limit=38})
[88664:77012:0924/215140.585:VERBOSE1:media_stream_manager.cc(1533)] MSPL::OnSpeedLimitChange({this=000063AC0232AD40}, {new_limit=37})
[88664:77012:0924/215141.584:VERBOSE1:media_stream_manager.cc(1533)] MSPL::OnSpeedLimitChange({this=000063AC0232AD40}, {new_limit=38})
[88664:77012:0924/215143.598:VERBOSE1:media_stream_manager.cc(1533)] MSPL::OnSpeedLimitChange({this=000063AC0232AD40}, {new_limit=37})
[88664:77012:0924/215144.582:VERBOSE1:media_stream_manager.cc(1533)] MSPL::OnSpeedLimitChange({this=000063AC0232AD40}, {new_limit=38})
[88664:77012:0924/215145.582:VERBOSE1:media_stream_manager.cc(1533)] MSPL::OnSpeedLimitChange({this=000063AC0232AD40}, {new_limit=39})
[88664:77012:0924/215146.595:VERBOSE1:media_stream_manager.cc(1533)] MSPL::OnSpeedLimitChange({this=000063AC0232AD40}, {new_limit=41})
[88664:77012:0924/215148.586:VERBOSE1:media_stream_manager.cc(1533)] MSPL::OnSpeedLimitChange({this=000063AC0232AD40}, {new_limit=43})
[88664:77012:0924/215149.600:VERBOSE1:media_stream_manager.cc(1533)] MSPL::OnSpeedLimitChange({this=000063AC0232AD40}, {new_limit=44})
[88664:77012:0924/215150.587:VERBOSE1:media_stream_manager.cc(1533)] MSPL::OnSpeedLimitChange({this=000063AC0232AD40}, {new_limit=46})
[88664:77012:0924/215151.599:VERBOSE1:media_stream_manager.cc(1533)] MSPL::OnSpeedLimitChange({this=000063AC0232AD40}, {new_limit=45})
[87016:77436:0924/215152.309:VERBOSE1:video_capture_oracle.cc(250)] Client rejects proposal to capture frame (at #414).
[88664:77012:0924/215153.055:VERBOSE1:media_stream_manager.cc(1533)] MSPL::OnSpeedLimitChange({this=000063AC0232AD40}, {new_limit=46})
[84408:88248:0924/215155.886:VERBOSE1:tls_handshaker.cc(105)] TlsClient: Continuing handshake
[88664:77012:0924/215156.588:VERBOSE1:media_stream_manager.cc(1533)] MSPL::OnSpeedLimitChange({this=000063AC0232AD40}, {new_limit=44})
[88664:77012:0924/215157.598:VERBOSE1:media_stream_manager.cc(1533)] MSPL::OnSpeedLimitChange({this=000063AC0232AD40}, {new_limit=45})
[88664:77012:0924/215158.605:VERBOSE1:media_stream_manager.cc(1533)] MSPL::OnSpeedLimitChange({this=000063AC0232AD40}, {new_limit=44})
[84408:88248:0924/215158.915:VERBOSE1:tls_handshaker.cc(105)] TlsClient: Continuing handshake
[84408:88248:0924/215159.052:VERBOSE1:tls_handshaker.cc(105)] TlsClient: Continuing handshake
[84408:88248:0924/215159.052:VERBOSE1:tls_handshaker.cc(105)] TlsClient: Continuing handshake
[84408:88248:0924/215159.070:VERBOSE1:tls_handshaker.cc(105)] TlsClient: Continuing handshake
[84408:88248:0924/215159.070:VERBOSE1:tls_handshaker.cc(105)] TlsClient: Continuing handshake
[84408:88248:0924/215159.071:VERBOSE1:tls_client_handshaker.cc(528)] Client: handshake finished
[88664:77012:0924/215201.597:VERBOSE1:media_stream_manager.cc(1533)] MSPL::OnSpeedLimitChange({this=000063AC0232AD40}, {new_limit=43})
[88664:77012:0924/215205.611:VERBOSE1:media_stream_manager.cc(1533)] MSPL::OnSpeedLimitChange({this=000063AC0232AD40}, {new_limit=42})
[88664:77012:0924/215206.601:VERBOSE1:media_stream_manager.cc(1533)] MSPL::OnSpeedLimitChange({this=000063AC0232AD40}, {new_limit=43})
[88664:77012:0924/215208.604:VERBOSE1:media_stream_manager.cc(1533)] MSPL::OnSpeedLimitChange({this=000063AC0232AD40}, {new_limit=42})
[88664:77012:0924/215209.607:VERBOSE1:media_stream_manager.cc(1533)] MSPL::OnSpeedLimitChange({this=000063AC0232AD40}, {new_limit=43})
[88664:77012:0924/215210.613:VERBOSE1:media_stream_manager.cc(1533)] MSPL::OnSpeedLimitChange({this=000063AC0232AD40}, {new_limit=42})
[88664:77012:0924/215211.611:VERBOSE1:media_stream_manager.cc(1533)] MSPL::OnSpeedLimitChange({this=000063AC0232AD40}, {new_limit=43})
[88664:77012:0924/215214.606:VERBOSE1:media_stream_manager.cc(1533)] MSPL::OnSpeedLimitChange({this=000063AC0232AD40}, {new_limit=42})
[88664:77012:0924/215215.617:VERBOSE1:media_stream_manager.cc(1533)] MSPL::OnSpeedLimitChange({this=000063AC0232AD40}, {new_limit=43})
[88664:77012:0924/215216.607:VERBOSE1:media_stream_manager.cc(1533)] MSPL::OnSpeedLimitChange({this=000063AC0232AD40}, {new_limit=42})
[88664:77012:0924/215217.619:VERBOSE1:media_stream_manager.cc(1533)] MSPL::OnSpeedLimitChange({this=000063AC0232AD40}, {new_limit=41})
[88664:88556:0924/215218.091:WARNING:page_discarding_helper.cc(138)] Discarding multiple pages with target (kb): 0
[88664:77012:0924/215219.611:VERBOSE1:media_stream_manager.cc(1533)] MSPL::OnSpeedLimitChange({this=000063AC0232AD40}, {new_limit=39})
[88664:77012:0924/215220.623:VERBOSE1:media_stream_manager.cc(1533)] MSPL::OnSpeedLimitChange({this=000063AC0232AD40}, {new_limit=38})
[88664:77012:0924/215221.617:VERBOSE1:media_stream_manager.cc(1533)] MSPL::OnSpeedLimitChange({this=000063AC0232AD40}, {new_limit=37})
[88664:77012:0924/215223.607:VERBOSE1:media_stream_manager.cc(1533)] MSPL::OnSpeedLimitChange({this=000063AC0232AD40}, {new_limit=36})
[88664:77012:0924/215224.616:VERBOSE1:media_stream_manager.cc(1533)] MSPL::OnSpeedLimitChange({this=000063AC0232AD40}, {new_limit=35})
[88664:77012:0924/215226.619:VERBOSE1:media_stream_manager.cc(1533)] MSPL::OnSpeedLimitChange({this=000063AC0232AD40}, {new_limit=34})
[88664:77012:0924/215228.620:VERBOSE1:media_stream_manager.cc(1533)] MSPL::OnSpeedLimitChange({this=000063AC0232AD40}, {new_limit=35})
[88664:77012:0924/215231.630:VERBOSE1:media_stream_manager.cc(1533)] MSPL::OnSpeedLimitChange({this=000063AC0232AD40}, {new_limit=36})
[88664:77012:0924/215236.620:VERBOSE1:media_stream_manager.cc(1533)] MSPL::OnSpeedLimitChange({this=000063AC0232AD40}, {new_limit=37})
[88664:77012:0924/215240.183:VERBOSE1:media_stream_manager.cc(1533)] MSPL::OnSpeedLimitChange({this=000063AC0232AD40}, {new_limit=39})
[88664:77012:0924/215240.183:VERBOSE1:media_stream_manager.cc(1533)] MSPL::OnSpeedLimitChange({this=000063AC0232AD40}, {new_limit=43})
[88664:77012:0924/215240.183:VERBOSE1:media_stream_manager.cc(1533)] MSPL::OnSpeedLimitChange({this=000063AC0232AD40}, {new_limit=47})
[88664:77012:0924/215241.633:VERBOSE1:media_stream_manager.cc(1533)] MSPL::OnSpeedLimitChange({this=000063AC0232AD40}, {new_limit=48})
[88664:77012:0924/215244.627:VERBOSE1:media_stream_manager.cc(1533)] MSPL::OnSpeedLimitChange({this=000063AC0232AD40}, {new_limit=50})
[88664:88556:0924/215245.258:WARNING:page_discarding_helper.cc(138)] Discarding multiple pages with target (kb): 0
[88664:77012:0924/215247.642:VERBOSE1:media_stream_manager.cc(1533)] MSPL::OnSpeedLimitChange({this=000063AC0232AD40}, {new_limit=51})
[88664:77012:0924/215248.637:VERBOSE1:media_stream_manager.cc(1533)] MSPL::OnSpeedLimitChange({this=000063AC0232AD40}, {new_limit=47})
[88664:77012:0924/215249.632:VERBOSE1:media_stream_manager.cc(1533)] MSPL::OnSpeedLimitChange({this=000063AC0232AD40}, {new_limit=45})
[88664:77012:0924/215250.645:VERBOSE1:media_stream_manager.cc(1533)] MSPL::OnSpeedLimitChange({this=000063AC0232AD40}, {new_limit=48})
[88664:77012:0924/215251.654:VERBOSE1:media_stream_manager.cc(1533)] MSPL::OnSpeedLimitChange({this=000063AC0232AD40}, {new_limit=49})
[88664:77012:0924/215252.636:VERBOSE1:media_stream_manager.cc(1533)] MSPL::OnSpeedLimitChange({this=000063AC0232AD40}, {new_limit=51})
[88664:77012:0924/215253.657:VERBOSE1:media_stream_manager.cc(1533)] MSPL::OnSpeedLimitChange({this=000063AC0232AD40}, {new_limit=53})
[88664:77012:0924/215254.644:VERBOSE1:media_stream_manager.cc(1533)] MSPL::OnSpeedLimitChange({this=000063AC0232AD40}, {new_limit=54})
[88664:77012:0924/215255.632:VERBOSE1:media_stream_manager.cc(1533)] MSPL::OnSpeedLimitChange({this=000063AC0232AD40}, {new_limit=56})
[84408:88248:0924/215255.978:VERBOSE1:tls_handshaker.cc(105)] TlsClient: Continuing handshake
[84408:88248:0924/215256.488:VERBOSE1:tls_handshaker.cc(105)] TlsClient: Continuing handshake
[88664:77012:0924/215256.644:VERBOSE1:media_stream_manager.cc(1533)] MSPL::OnSpeedLimitChange({this=000063AC0232AD40}, {new_limit=57})
[84408:88248:0924/215256.694:VERBOSE1:tls_handshaker.cc(105)] TlsClient: Continuing handshake
[84408:88248:0924/215256.694:VERBOSE1:tls_handshaker.cc(105)] TlsClient: Continuing handshake
[84408:88248:0924/215256.694:VERBOSE1:tls_handshaker.cc(105)] TlsClient: Continuing handshake
[84408:88248:0924/215256.694:VERBOSE1:tls_handshaker.cc(105)] TlsClient: Continuing handshake
[84408:88248:0924/215256.695:VERBOSE1:tls_client_handshaker.cc(528)] Client: handshake finished
[88664:77012:0924/215258.655:VERBOSE1:media_stream_manager.cc(1533)] MSPL::OnSpeedLimitChange({this=000063AC0232AD40}, {new_limit=58})
[88664:77012:0924/215259.640:VERBOSE1:media_stream_manager.cc(1533)] MSPL::OnSpeedLimitChange({this=000063AC0232AD40}, {new_limit=57})
[88664:77012:0924/215301.660:VERBOSE1:media_stream_manager.cc(1533)] MSPL::OnSpeedLimitChange({this=000063AC0232AD40}, {new_limit=55})
[88664:77012:0924/215304.659:VERBOSE1:media_stream_manager.cc(1533)] MSPL::OnSpeedLimitChange({this=000063AC0232AD40}, {new_limit=53})
[88664:77012:0924/215306.653:VERBOSE1:media_stream_manager.cc(1533)] MSPL::OnSpeedLimitChange({this=000063AC0232AD40}, {new_limit=52})
[88664:77012:0924/215307.643:VERBOSE1:media_stream_manager.cc(1533)] MSPL::OnSpeedLimitChange({this=000063AC0232AD40}, {new_limit=51})
[88664:77012:0924/215308.647:VERBOSE1:media_stream_manager.cc(1533)] MSPL::OnSpeedLimitChange({this=000063AC0232AD40}, {new_limit=50})
[88664:77012:0924/215309.656:VERBOSE1:media_stream_manager.cc(1533)] MSPL::OnSpeedLimitChange({this=000063AC0232AD40}, {new_limit=53})
[88664:77012:0924/215310.665:VERBOSE1:media_stream_manager.cc(1533)] MSPL::OnSpeedLimitChange({this=000063AC0232AD40}, {new_limit=52})
[88664:77012:0924/215311.652:VERBOSE1:media_stream_manager.cc(1533)] MSPL::OnSpeedLimitChange({this=000063AC0232AD40}, {new_limit=53})
[88664:77012:0924/215312.664:VERBOSE1:media_stream_manager.cc(1533)] MSPL::OnSpeedLimitChange({this=000063AC0232AD40}, {new_limit=51})
[88664:77012:0924/215313.642:VERBOSE1:media_stream_manager.cc(1533)] MSPL::OnSpeedLimitChange({this=000063AC0232AD40}, {new_limit=52})
[88664:77012:0924/215314.662:VERBOSE1:media_stream_manager.cc(1533)] MSPL::OnSpeedLimitChange({this=000063AC0232AD40}, {new_limit=54})
[88664:88556:0924/215315.386:WARNING:page_discarding_helper.cc(138)] Discarding multiple pages with target (kb): 0
[88664:77012:0924/215315.681:VERBOSE1:media_stream_manager.cc(1533)] MSPL::OnSpeedLimitChange({this=000063AC0232AD40}, {new_limit=53})
[88664:77012:0924/215318.649:VERBOSE1:media_stream_manager.cc(1533)] MSPL::OnSpeedLimitChange({this=000063AC0232AD40}, {new_limit=54})
[88664:77012:0924/215319.666:VERBOSE1:media_stream_manager.cc(1533)] MSPL::OnSpeedLimitChange({this=000063AC0232AD40}, {new_limit=52})
[88664:88556:0924/215320.386:WARNING:page_discarding_helper.cc(138)] Discarding multiple pages with target (kb): 0
[88664:77012:0924/215321.653:VERBOSE1:media_stream_manager.cc(1533)] MSPL::OnSpeedLimitChange({this=000063AC0232AD40}, {new_limit=51})
[88664:77012:0924/215323.659:VERBOSE1:media_stream_manager.cc(1533)] MSPL::OnSpeedLimitChange({this=000063AC0232AD40}, {new_limit=49})
[84408:88248:0924/215323.963:VERBOSE1:network_delegate.cc(36)] NetworkDelegate::NotifyBeforeURLRequest: https://tracking.epicgames.com/track.png?interactionType=click&eventCategory=button&eventAction=terminatePlugin&eventLabel=closeFabPlugin&eventType=interaction&eventValue=%7B%22platform%22%3A%22Fab_UE5_Plugin%22%2C%22apiVersion%22%3A%7B%22ue%22%3A%225.7%22%2C%22api%22%3A%221.0.0%22%2C%22pluginversion%22%3A%220.0.10%22%2C%22platform%22%3A%22Windows%22%7D%7D&referringUrl=none&location=https%3A%2F%2Fwww.fab.com%2Fplugins%2Fue5%2Flistings%2F98ff449d-79db-4f54-9303-75486c4fb9d9&now=1790279603813&accountId=e9f895ed962742029eb3c14906cf2f7d&l=en
[84408:88248:0924/215323.965:VERBOSE1:network_delegate.cc(36)] NetworkDelegate::NotifyBeforeURLRequest: https://dns.google/dns-query?dns=AAABAAABAAAAAAABCHRyYWNraW5nCWVwaWNnYW1lcwNjb20AABwAAQAAKRAAAAAAAABNAAwASQAAAAAAAAAAAAAAAAAAAAAAAAAAAAAAAAAAAAAAAAAAAAAAAAAAAAAAAAAAAAAAAAAAAAAAAAAAAAAAAAAAAAAAAAAAAAAAAAA
[84408:88248:0924/215323.969:VERBOSE1:network_delegate.cc(36)] NetworkDelegate::NotifyBeforeURLRequest: https://dns.google/dns-query?dns=AAABAAABAAAAAAABCHRyYWNraW5nCWVwaWNnYW1lcwNjb20AAAEAAQAAKRAAAAAAAABNAAwASQAAAAAAAAAAAAAAAAAAAAAAAAAAAAAAAAAAAAAAAAAAAAAAAAAAAAAAAAAAAAAAAAAAAAAAAAAAAAAAAAAAAAAAAAAAAAAAAAA
[84408:88248:0924/215323.969:VERBOSE1:network_delegate.cc(36)] NetworkDelegate::NotifyBeforeURLRequest: https://dns.google/dns-query?dns=AAABAAABAAAAAAABCHRyYWNraW5nCWVwaWNnYW1lcwNjb20AAEEAAQAAKRAAAAAAAABNAAwASQAAAAAAAAAAAAAAAAAAAAAAAAAAAAAAAAAAAAAAAAAAAAAAAAAAAAAAAAAAAAAAAAAAAAAAAAAAAAAAAAAAAAAAAAAAAAAAAAA
[84408:88248:0924/215323.992:VERBOSE1:tls_handshaker.cc(105)] TlsClient: Continuing handshake
[88664:88556:0924/215325.388:VERBOSE1:frame_host_impl.cc(515)] frame B-32EFFE24E5D0A05579CCE7D071DD4BF0 (sub) detached (reason=RENDER_FRAME_DELETED, is_connected=1)
[88664:88556:0924/215325.404:VERBOSE1:frame_host_impl.cc(515)] frame B-21DAFB1A16403E9EC052FDEBF5B477A8 (main) detached (reason=NEW_MAIN_FRAME, is_connected=1)
[88664:77012:0924/215325.669:VERBOSE1:media_stream_manager.cc(1533)] MSPL::OnSpeedLimitChange({this=000063AC0232AD40}, {new_limit=50})
[88664:77012:0924/215326.674:VERBOSE1:media_stream_manager.cc(1533)] MSPL::OnSpeedLimitChange({this=000063AC0232AD40}, {new_limit=51})
[84408:88248:0924/215327.210:VERBOSE1:tls_handshaker.cc(105)] TlsClient: Continuing handshake
[84408:88248:0924/215327.320:VERBOSE1:tls_handshaker.cc(105)] TlsClient: Continuing handshake
[84408:88248:0924/215327.320:VERBOSE1:tls_handshaker.cc(105)] TlsClient: Continuing handshake
[84408:88248:0924/215327.320:VERBOSE1:tls_handshaker.cc(105)] TlsClient: Continuing handshake
[84408:88248:0924/215327.320:VERBOSE1:tls_client_handshaker.cc(528)] Client: handshake finished
[88664:77012:0924/215328.672:VERBOSE1:media_stream_manager.cc(1533)] MSPL::OnSpeedLimitChange({this=000063AC0232AD40}, {new_limit=50})
[88664:77012:0924/215329.666:VERBOSE1:media_stream_manager.cc(1533)] MSPL::OnSpeedLimitChange({this=000063AC0232AD40}, {new_limit=51})
[88664:77012:0924/215330.674:VERBOSE1:media_stream_manager.cc(1533)] MSPL::OnSpeedLimitChange({this=000063AC0232AD40}, {new_limit=52})
[88664:77012:0924/215331.675:VERBOSE1:media_stream_manager.cc(1533)] MSPL::OnSpeedLimitChange({this=000063AC0232AD40}, {new_limit=53})
[88664:77012:0924/215332.660:VERBOSE1:media_stream_manager.cc(1533)] MSPL::OnSpeedLimitChange({this=000063AC0232AD40}, {new_limit=54})
[88664:77012:0924/215333.665:VERBOSE1:media_stream_manager.cc(1533)] MSPL::OnSpeedLimitChange({this=000063AC0232AD40}, {new_limit=53})
[88664:77012:0924/215336.669:VERBOSE1:media_stream_manager.cc(1533)] MSPL::OnSpeedLimitChange({this=000063AC0232AD40}, {new_limit=52})
[88664:77012:0924/215337.667:VERBOSE1:media_stream_manager.cc(1533)] MSPL::OnSpeedLimitChange({this=000063AC0232AD40}, {new_limit=53})
[88664:77012:0924/215338.672:VERBOSE1:media_stream_manager.cc(1533)] MSPL::OnSpeedLimitChange({this=000063AC0232AD40}, {new_limit=54})
[88664:77012:0924/215340.674:VERBOSE1:media_stream_manager.cc(1533)] MSPL::OnSpeedLimitChange({this=000063AC0232AD40}, {new_limit=53})
[84408:88248:0924/215341.148:ERROR:ssl_client_socket_impl.cc(882)] handshake failed; returned -1, SSL error code 1, net_error -100
[84408:88248:0924/215341.340:ERROR:ssl_client_socket_impl.cc(882)] handshake failed; returned -1, SSL error code 1, net_error -100
[84408:88248:0924/215341.651:ERROR:ssl_client_socket_impl.cc(882)] handshake failed; returned -1, SSL error code 1, net_error -100
[84408:88248:0924/215341.654:ERROR:ssl_client_socket_impl.cc(882)] handshake failed; returned -1, SSL error code 1, net_error -100
[88664:77012:0924/215342.685:VERBOSE1:media_stream_manager.cc(1533)] MSPL::OnSpeedLimitChange({this=000063AC0232AD40}, {new_limit=54})
[88664:77012:0924/215343.675:VERBOSE1:media_stream_manager.cc(1533)] MSPL::OnSpeedLimitChange({this=000063AC0232AD40}, {new_limit=55})
[88664:77012:0924/215345.694:VERBOSE1:media_stream_manager.cc(1533)] MSPL::OnSpeedLimitChange({this=000063AC0232AD40}, {new_limit=56})
[88664:77012:0924/215346.676:VERBOSE1:media_stream_manager.cc(1533)] MSPL::OnSpeedLimitChange({this=000063AC0232AD40}, {new_limit=57})
[88664:77012:0924/215347.716:VERBOSE1:media_stream_manager.cc(1533)] MSPL::OnSpeedLimitChange({this=000063AC0232AD40}, {new_limit=58})
[88664:77012:0924/215348.677:VERBOSE1:media_stream_manager.cc(1533)] MSPL::OnSpeedLimitChange({this=000063AC0232AD40}, {new_limit=59})
[88664:77012:0924/215349.682:VERBOSE1:media_stream_manager.cc(1533)] MSPL::OnSpeedLimitChange({this=000063AC0232AD40}, {new_limit=58})
[88664:77012:0924/215350.696:VERBOSE1:media_stream_manager.cc(1533)] MSPL::OnSpeedLimitChange({this=000063AC0232AD40}, {new_limit=59})
[88664:77012:0924/215351.700:VERBOSE1:media_stream_manager.cc(1533)] MSPL::OnSpeedLimitChange({this=000063AC0232AD40}, {new_limit=60})
[88664:77012:0924/215353.677:VERBOSE1:media_stream_manager.cc(1533)] MSPL::OnSpeedLimitChange({this=000063AC0232AD40}, {new_limit=63})
[88664:77012:0924/215355.700:VERBOSE1:media_stream_manager.cc(1533)] MSPL::OnSpeedLimitChange({this=000063AC0232AD40}, {new_limit=64})
[84408:88248:0924/215356.043:VERBOSE1:network_delegate.cc(36)] NetworkDelegate::NotifyBeforeURLRequest: https://dns.google/dns-query?dns=AAABAAABAAAAAAABA3d3dwZnb29nbGUDY29tAAAcAAEAACkQAAAAAAAAVQAMAFEAAAAAAAAAAAAAAAAAAAAAAAAAAAAAAAAAAAAAAAAAAAAAAAAAAAAAAAAAAAAAAAAAAAAAAAAAAAAAAAAAAAAAAAAAAAAAAAAAAAAAAAAAAAA
[84408:88248:0924/215356.043:VERBOSE1:network_delegate.cc(36)] NetworkDelegate::NotifyBeforeURLRequest: https://dns.google/dns-query?dns=AAABAAABAAAAAAABA3d3dwZnb29nbGUDY29tAAABAAEAACkQAAAAAAAAVQAMAFEAAAAAAAAAAAAAAAAAAAAAAAAAAAAAAAAAAAAAAAAAAAAAAAAAAAAAAAAAAAAAAAAAAAAAAAAAAAAAAAAAAAAAAAAAAAAAAAAAAAAAAAAAAAA
[84408:88248:0924/215356.043:VERBOSE1:network_delegate.cc(36)] NetworkDelegate::NotifyBeforeURLRequest: https://dns.google/dns-query?dns=AAABAAABAAAAAAABA3d3dwZnb29nbGUDY29tAABBAAEAACkQAAAAAAAAVQAMAFEAAAAAAAAAAAAAAAAAAAAAAAAAAAAAAAAAAAAAAAAAAAAAAAAAAAAAAAAAAAAAAAAAAAAAAAAAAAAAAAAAAAAAAAAAAAAAAAAAAAAAAAAAAAA
[88664:77012:0924/215357.688:VERBOSE1:media_stream_manager.cc(1533)] MSPL::OnSpeedLimitChange({this=000063AC0232AD40}, {new_limit=63})
[88664:77012:0924/215358.684:VERBOSE1:media_stream_manager.cc(1533)] MSPL::OnSpeedLimitChange({this=000063AC0232AD40}, {new_limit=62})
[84408:88248:0924/215359.137:VERBOSE1:network_delegate.cc(36)] NetworkDelegate::NotifyBeforeURLRequest: https://dns.google/dns-query?dns=AAABAAABAAAAAAABA3d3dwZnb29nbGUDY29tAAAcAAEAACkQAAAAAAAAVQAMAFEAAAAAAAAAAAAAAAAAAAAAAAAAAAAAAAAAAAAAAAAAAAAAAAAAAAAAAAAAAAAAAAAAAAAAAAAAAAAAAAAAAAAAAAAAAAAAAAAAAAAAAAAAAAA
[84408:88248:0924/215359.137:VERBOSE1:network_delegate.cc(36)] NetworkDelegate::NotifyBeforeURLRequest: https://dns.google/dns-query?dns=AAABAAABAAAAAAABA3d3dwZnb29nbGUDY29tAAABAAEAACkQAAAAAAAAVQAMAFEAAAAAAAAAAAAAAAAAAAAAAAAAAAAAAAAAAAAAAAAAAAAAAAAAAAAAAAAAAAAAAAAAAAAAAAAAAAAAAAAAAAAAAAAAAAAAAAAAAAAAAAAAAAA
[84408:88248:0924/215359.137:VERBOSE1:network_delegate.cc(36)] NetworkDelegate::NotifyBeforeURLRequest: https://dns.google/dns-query?dns=AAABAAABAAAAAAABA3d3dwZnb29nbGUDY29tAABBAAEAACkQAAAAAAAAVQAMAFEAAAAAAAAAAAAAAAAAAAAAAAAAAAAAAAAAAAAAAAAAAAAAAAAAAAAAAAAAAAAAAAAAAAAAAAAAAAAAAAAAAAAAAAAAAAAAAAAAAAAAAAAAAAA
[88664:77012:0924/215359.694:VERBOSE1:media_stream_manager.cc(1533)] MSPL::OnSpeedLimitChange({this=000063AC0232AD40}, {new_limit=63})
[88664:77012:0924/215400.685:VERBOSE1:media_stream_manager.cc(1533)] MSPL::OnSpeedLimitChange({this=000063AC0232AD40}, {new_limit=64})
[88664:77012:0924/215401.705:VERBOSE1:media_stream_manager.cc(1533)] MSPL::OnSpeedLimitChange({this=000063AC0232AD40}, {new_limit=63})
[84408:88248:0924/215402.193:VERBOSE1:network_delegate.cc(36)] NetworkDelegate::NotifyBeforeURLRequest: https://dns.google/dns-query?dns=AAABAAABAAAAAAABA3d3dwZnb29nbGUDY29tAAAcAAEAACkQAAAAAAAAVQAMAFEAAAAAAAAAAAAAAAAAAAAAAAAAAAAAAAAAAAAAAAAAAAAAAAAAAAAAAAAAAAAAAAAAAAAAAAAAAAAAAAAAAAAAAAAAAAAAAAAAAAAAAAAAAAA
[84408:88248:0924/215402.193:VERBOSE1:network_delegate.cc(36)] NetworkDelegate::NotifyBeforeURLRequest: https://dns.google/dns-query?dns=AAABAAABAAAAAAABA3d3dwZnb29nbGUDY29tAAABAAEAACkQAAAAAAAAVQAMAFEAAAAAAAAAAAAAAAAAAAAAAAAAAAAAAAAAAAAAAAAAAAAAAAAAAAAAAAAAAAAAAAAAAAAAAAAAAAAAAAAAAAAAAAAAAAAAAAAAAAAAAAAAAAA
[84408:88248:0924/215402.193:VERBOSE1:network_delegate.cc(36)] NetworkDelegate::NotifyBeforeURLRequest: https://dns.google/dns-query?dns=AAABAAABAAAAAAABA3d3dwZnb29nbGUDY29tAABBAAEAACkQAAAAAAAAVQAMAFEAAAAAAAAAAAAAAAAAAAAAAAAAAAAAAAAAAAAAAAAAAAAAAAAAAAAAAAAAAAAAAAAAAAAAAAAAAAAAAAAAAAAAAAAAAAAAAAAAAAAAAAAAAAA
[84408:88248:0924/215403.050:ERROR:ssl_client_socket_impl.cc(882)] handshake failed; returned -1, SSL error code 1, net_error -100
[84408:88248:0924/215403.051:ERROR:ssl_client_socket_impl.cc(882)] handshake failed; returned -1, SSL error code 1, net_error -100
[84408:88248:0924/215403.052:ERROR:ssl_client_socket_impl.cc(882)] handshake failed; returned -1, SSL error code 1, net_error -100
[84408:88248:0924/215403.052:ERROR:ssl_client_socket_impl.cc(882)] handshake failed; returned -1, SSL error code 1, net_error -100
[88664:77012:0924/215403.698:VERBOSE1:media_stream_manager.cc(1533)] MSPL::OnSpeedLimitChange({this=000063AC0232AD40}, {new_limit=61})
[88664:77012:0924/215405.698:VERBOSE1:media_stream_manager.cc(1533)] MSPL::OnSpeedLimitChange({this=000063AC0232AD40}, {new_limit=60})
[88664:77012:0924/215407.688:VERBOSE1:media_stream_manager.cc(1533)] MSPL::OnSpeedLimitChange({this=000063AC0232AD40}, {new_limit=61})
[88664:77012:0924/215409.699:VERBOSE1:media_stream_manager.cc(1533)] MSPL::OnSpeedLimitChange({this=000063AC0232AD40}, {new_limit=62})
[88664:77012:0924/215410.697:VERBOSE1:media_stream_manager.cc(1533)] MSPL::OnSpeedLimitChange({this=000063AC0232AD40}, {new_limit=61})
[88664:77012:0924/215411.695:VERBOSE1:media_stream_manager.cc(1533)] MSPL::OnSpeedLimitChange({this=000063AC0232AD40}, {new_limit=60})
[88664:77012:0924/215413.708:VERBOSE1:media_stream_manager.cc(1533)] MSPL::OnSpeedLimitChange({this=000063AC0232AD40}, {new_limit=61})
[88664:77012:0924/215416.711:VERBOSE1:media_stream_manager.cc(1533)] MSPL::OnSpeedLimitChange({this=000063AC0232AD40}, {new_limit=60})
[88664:77012:0924/215418.696:VERBOSE1:media_stream_manager.cc(1533)] MSPL::OnSpeedLimitChange({this=000063AC0232AD40}, {new_limit=59})
[88664:77012:0924/215419.713:VERBOSE1:media_stream_manager.cc(1533)] MSPL::OnSpeedLimitChange({this=000063AC0232AD40}, {new_limit=57})
[88664:77012:0924/215424.700:VERBOSE1:media_stream_manager.cc(1533)] MSPL::OnSpeedLimitChange({this=000063AC0232AD40}, {new_limit=55})
[88664:77012:0924/215425.711:VERBOSE1:media_stream_manager.cc(1533)] MSPL::OnSpeedLimitChange({this=000063AC0232AD40}, {new_limit=56})
[88664:77012:0924/215427.704:VERBOSE1:media_stream_manager.cc(1533)] MSPL::OnSpeedLimitChange({this=000063AC0232AD40}, {new_limit=55})
[88664:77012:0924/215428.812:VERBOSE1:media_stream_manager.cc(1533)] MSPL::OnSpeedLimitChange({this=000063AC0232AD40}, {new_limit=56})
[88664:77012:0924/215430.711:VERBOSE1:media_stream_manager.cc(1533)] MSPL::OnSpeedLimitChange({this=000063AC0232AD40}, {new_limit=55})
[88664:77012:0924/215432.719:VERBOSE1:media_stream_manager.cc(1533)] MSPL::OnSpeedLimitChange({this=000063AC0232AD40}, {new_limit=54})
[88664:77012:0924/215433.721:VERBOSE1:media_stream_manager.cc(1533)] MSPL::OnSpeedLimitChange({this=000063AC0232AD40}, {new_limit=55})
[88664:77012:0924/215434.722:VERBOSE1:media_stream_manager.cc(1533)] MSPL::OnSpeedLimitChange({this=000063AC0232AD40}, {new_limit=54})
[88664:77012:0924/215435.706:VERBOSE1:media_stream_manager.cc(1533)] MSPL::OnSpeedLimitChange({this=000063AC0232AD40}, {new_limit=53})
[88664:77012:0924/215436.709:VERBOSE1:media_stream_manager.cc(1533)] MSPL::OnSpeedLimitChange({this=000063AC0232AD40}, {new_limit=52})
[88664:77012:0924/215438.706:VERBOSE1:media_stream_manager.cc(1533)] MSPL::OnSpeedLimitChange({this=000063AC0232AD40}, {new_limit=51})
[88664:77012:0924/215441.721:VERBOSE1:media_stream_manager.cc(1533)] MSPL::OnSpeedLimitChange({this=000063AC0232AD40}, {new_limit=52})
[88664:77012:0924/215442.721:VERBOSE1:media_stream_manager.cc(1533)] MSPL::OnSpeedLimitChange({this=000063AC0232AD40}, {new_limit=53})
[88664:77012:0924/215443.718:VERBOSE1:media_stream_manager.cc(1533)] MSPL::OnSpeedLimitChange({this=000063AC0232AD40}, {new_limit=52})
[88664:77012:0924/215444.711:VERBOSE1:media_stream_manager.cc(1533)] MSPL::OnSpeedLimitChange({this=000063AC0232AD40}, {new_limit=53})
[88664:77012:0924/215449.715:VERBOSE1:media_stream_manager.cc(1533)] MSPL::OnSpeedLimitChange({this=000063AC0232AD40}, {new_limit=52})
[88664:77012:0924/215451.723:VERBOSE1:media_stream_manager.cc(1533)] MSPL::OnSpeedLimitChange({this=000063AC0232AD40}, {new_limit=51})
[88664:77012:0924/215452.719:VERBOSE1:media_stream_manager.cc(1533)] MSPL::OnSpeedLimitChange({this=000063AC0232AD40}, {new_limit=50})
[88664:77012:0924/215453.726:VERBOSE1:media_stream_manager.cc(1533)] MSPL::OnSpeedLimitChange({this=000063AC0232AD40}, {new_limit=51})
[88664:77012:0924/215454.723:VERBOSE1:media_stream_manager.cc(1533)] MSPL::OnSpeedLimitChange({this=000063AC0232AD40}, {new_limit=53})
[84408:88248:0924/215456.103:VERBOSE1:network_delegate.cc(36)] NetworkDelegate::NotifyBeforeURLRequest: https://dns.google/dns-query?dns=AAABAAABAAAAAAABA3d3dwZnb29nbGUDY29tAAAcAAEAACkQAAAAAAAAVQAMAFEAAAAAAAAAAAAAAAAAAAAAAAAAAAAAAAAAAAAAAAAAAAAAAAAAAAAAAAAAAAAAAAAAAAAAAAAAAAAAAAAAAAAAAAAAAAAAAAAAAAAAAAAAAAA
[84408:88248:0924/215456.103:VERBOSE1:network_delegate.cc(36)] NetworkDelegate::NotifyBeforeURLRequest: https://dns.google/dns-query?dns=AAABAAABAAAAAAABA3d3dwZnb29nbGUDY29tAAABAAEAACkQAAAAAAAAVQAMAFEAAAAAAAAAAAAAAAAAAAAAAAAAAAAAAAAAAAAAAAAAAAAAAAAAAAAAAAAAAAAAAAAAAAAAAAAAAAAAAAAAAAAAAAAAAAAAAAAAAAAAAAAAAAA
[84408:88248:0924/215456.103:VERBOSE1:network_delegate.cc(36)] NetworkDelegate::NotifyBeforeURLRequest: https://dns.google/dns-query?dns=AAABAAABAAAAAAABA3d3dwZnb29nbGUDY29tAABBAAEAACkQAAAAAAAAVQAMAFEAAAAAAAAAAAAAAAAAAAAAAAAAAAAAAAAAAAAAAAAAAAAAAAAAAAAAAAAAAAAAAAAAAAAAAAAAAAAAAAAAAAAAAAAAAAAAAAAAAAAAAAAAAAA
[88664:77012:0924/215459.722:VERBOSE1:media_stream_manager.cc(1533)] MSPL::OnSpeedLimitChange({this=000063AC0232AD40}, {new_limit=54})
[88664:77012:0924/215500.728:VERBOSE1:media_stream_manager.cc(1533)] MSPL::OnSpeedLimitChange({this=000063AC0232AD40}, {new_limit=55})
[84408:88248:0924/215501.012:VERBOSE1:network_delegate.cc(36)] NetworkDelegate::NotifyBeforeURLRequest: https://dns.google/dns-query?dns=AAABAAABAAAAAAABA3d3dwZnb29nbGUDY29tAAAcAAEAACkQAAAAAAAAVQAMAFEAAAAAAAAAAAAAAAAAAAAAAAAAAAAAAAAAAAAAAAAAAAAAAAAAAAAAAAAAAAAAAAAAAAAAAAAAAAAAAAAAAAAAAAAAAAAAAAAAAAAAAAAAAAA
[84408:88248:0924/215501.013:VERBOSE1:network_delegate.cc(36)] NetworkDelegate::NotifyBeforeURLRequest: https://dns.google/dns-query?dns=AAABAAABAAAAAAABA3d3dwZnb29nbGUDY29tAAABAAEAACkQAAAAAAAAVQAMAFEAAAAAAAAAAAAAAAAAAAAAAAAAAAAAAAAAAAAAAAAAAAAAAAAAAAAAAAAAAAAAAAAAAAAAAAAAAAAAAAAAAAAAAAAAAAAAAAAAAAAAAAAAAAA
[84408:88248:0924/215501.013:VERBOSE1:network_delegate.cc(36)] NetworkDelegate::NotifyBeforeURLRequest: https://dns.google/dns-query?dns=AAABAAABAAAAAAABA3d3dwZnb29nbGUDY29tAABBAAEAACkQAAAAAAAAVQAMAFEAAAAAAAAAAAAAAAAAAAAAAAAAAAAAAAAAAAAAAAAAAAAAAAAAAAAAAAAAAAAAAAAAAAAAAAAAAAAAAAAAAAAAAAAAAAAAAAAAAAAAAAAAAAA
[88664:77012:0924/215501.727:VERBOSE1:media_stream_manager.cc(1533)] MSPL::OnSpeedLimitChange({this=000063AC0232AD40}, {new_limit=57})
[88664:77012:0924/215502.727:VERBOSE1:media_stream_manager.cc(1533)] MSPL::OnSpeedLimitChange({this=000063AC0232AD40}, {new_limit=56})
[84408:88248:0924/215504.063:VERBOSE1:tls_handshaker.cc(105)] TlsClient: Continuing handshake
[88664:77012:0924/215505.731:VERBOSE1:media_stream_manager.cc(1533)] MSPL::OnSpeedLimitChange({this=000063AC0232AD40}, {new_limit=55})
[88664:77012:0924/215507.741:VERBOSE1:media_stream_manager.cc(1533)] MSPL::OnSpeedLimitChange({this=000063AC0232AD40}, {new_limit=56})
[88664:77012:0924/215510.737:VERBOSE1:media_stream_manager.cc(1533)] MSPL::OnSpeedLimitChange({this=000063AC0232AD40}, {new_limit=57})
[88664:88556:0924/215511.238:WARNING:page_discarding_helper.cc(138)] Discarding multiple pages with target (kb): 0
[84408:88248:0924/215512.597:ERROR:ssl_client_socket_impl.cc(882)] handshake failed; returned -1, SSL error code 1, net_error -100
[84408:88248:0924/215512.598:VERBOSE1:network_delegate.cc(36)] NetworkDelegate::NotifyBeforeURLRequest: https://dns.google/dns-query?dns=AAABAAABAAAAAAABA3d3dwZnb29nbGUDY29tAAAcAAEAACkQAAAAAAAAVQAMAFEAAAAAAAAAAAAAAAAAAAAAAAAAAAAAAAAAAAAAAAAAAAAAAAAAAAAAAAAAAAAAAAAAAAAAAAAAAAAAAAAAAAAAAAAAAAAAAAAAAAAAAAAAAAA
[84408:88248:0924/215512.598:VERBOSE1:network_delegate.cc(36)] NetworkDelegate::NotifyBeforeURLRequest: https://dns.google/dns-query?dns=AAABAAABAAAAAAABA3d3dwZnb29nbGUDY29tAAABAAEAACkQAAAAAAAAVQAMAFEAAAAAAAAAAAAAAAAAAAAAAAAAAAAAAAAAAAAAAAAAAAAAAAAAAAAAAAAAAAAAAAAAAAAAAAAAAAAAAAAAAAAAAAAAAAAAAAAAAAAAAAAAAAA
[84408:88248:0924/215512.598:VERBOSE1:network_delegate.cc(36)] NetworkDelegate::NotifyBeforeURLRequest: https://dns.google/dns-query?dns=AAABAAABAAAAAAABA3d3dwZnb29nbGUDY29tAABBAAEAACkQAAAAAAAAVQAMAFEAAAAAAAAAAAAAAAAAAAAAAAAAAAAAAAAAAAAAAAAAAAAAAAAAAAAAAAAAAAAAAAAAAAAAAAAAAAAAAAAAAAAAAAAAAAAAAAAAAAAAAAAAAAA
[88664:77012:0924/215512.733:VERBOSE1:media_stream_manager.cc(1533)] MSPL::OnSpeedLimitChange({this=000063AC0232AD40}, {new_limit=58})
[88664:77012:0924/215513.852:VERBOSE1:media_stream_manager.cc(1533)] MSPL::OnSpeedLimitChange({this=000063AC0232AD40}, {new_limit=59})
[88664:77012:0924/215515.754:VERBOSE1:media_stream_manager.cc(1533)] MSPL::OnSpeedLimitChange({this=000063AC0232AD40}, {new_limit=60})
[88664:77012:0924/215516.756:VERBOSE1:media_stream_manager.cc(1533)] MSPL::OnSpeedLimitChange({this=000063AC0232AD40}, {new_limit=58})
[88664:77012:0924/215517.794:VERBOSE1:media_stream_manager.cc(1533)] MSPL::OnSpeedLimitChange({this=000063AC0232AD40}, {new_limit=60})
[88664:77012:0924/215518.769:VERBOSE1:media_stream_manager.cc(1533)] MSPL::OnSpeedLimitChange({this=000063AC0232AD40}, {new_limit=62})
[88664:77012:0924/215520.761:VERBOSE1:media_stream_manager.cc(1533)] MSPL::OnSpeedLimitChange({this=000063AC0232AD40}, {new_limit=61})
[88664:77012:0924/215521.740:VERBOSE1:media_stream_manager.cc(1533)] MSPL::OnSpeedLimitChange({this=000063AC0232AD40}, {new_limit=62})
[88664:77012:0924/215526.744:VERBOSE1:media_stream_manager.cc(1533)] MSPL::OnSpeedLimitChange({this=000063AC0232AD40}, {new_limit=63})
[88664:77012:0924/215527.748:VERBOSE1:media_stream_manager.cc(1533)] MSPL::OnSpeedLimitChange({this=000063AC0232AD40}, {new_limit=61})
[88664:77012:0924/215528.746:VERBOSE1:media_stream_manager.cc(1533)] MSPL::OnSpeedLimitChange({this=000063AC0232AD40}, {new_limit=60})
[88664:77012:0924/215530.763:VERBOSE1:media_stream_manager.cc(1533)] MSPL::OnSpeedLimitChange({this=000063AC0232AD40}, {new_limit=59})
[84408:88248:0924/215531.729:ERROR:ssl_client_socket_impl.cc(882)] handshake failed; returned -1, SSL error code 1, net_error -100
[88664:77012:0924/215531.751:VERBOSE1:media_stream_manager.cc(1533)] MSPL::OnSpeedLimitChange({this=000063AC0232AD40}, {new_limit=58})
[88664:77012:0924/215532.761:VERBOSE1:media_stream_manager.cc(1533)] MSPL::OnSpeedLimitChange({this=000063AC0232AD40}, {new_limit=57})
[88664:77012:0924/215533.761:VERBOSE1:media_stream_manager.cc(1533)] MSPL::OnSpeedLimitChange({this=000063AC0232AD40}, {new_limit=56})
[88664:77012:0924/215536.767:VERBOSE1:media_stream_manager.cc(1533)] MSPL::OnSpeedLimitChange({this=000063AC0232AD40}, {new_limit=57})
[88664:77012:0924/215537.775:VERBOSE1:media_stream_manager.cc(1533)] MSPL::OnSpeedLimitChange({this=000063AC0232AD40}, {new_limit=58})
[88664:77012:0924/215539.777:VERBOSE1:media_stream_manager.cc(1533)] MSPL::OnSpeedLimitChange({this=000063AC0232AD40}, {new_limit=56})
[88664:77012:0924/215540.773:VERBOSE1:media_stream_manager.cc(1533)] MSPL::OnSpeedLimitChange({this=000063AC0232AD40}, {new_limit=58})
[88664:77012:0924/215542.767:VERBOSE1:media_stream_manager.cc(1533)] MSPL::OnSpeedLimitChange({this=000063AC0232AD40}, {new_limit=61})
[88664:77012:0924/215543.767:VERBOSE1:media_stream_manager.cc(1533)] MSPL::OnSpeedLimitChange({this=000063AC0232AD40}, {new_limit=60})
[88664:77012:0924/215544.763:VERBOSE1:media_stream_manager.cc(1533)] MSPL::OnSpeedLimitChange({this=000063AC0232AD40}, {new_limit=59})
[88664:77012:0924/215545.779:VERBOSE1:media_stream_manager.cc(1533)] MSPL::OnSpeedLimitChange({this=000063AC0232AD40}, {new_limit=60})
[88664:77012:0924/215549.770:VERBOSE1:media_stream_manager.cc(1533)] MSPL::OnSpeedLimitChange({this=000063AC0232AD40}, {new_limit=61})
[88664:77012:0924/215551.773:VERBOSE1:media_stream_manager.cc(1533)] MSPL::OnSpeedLimitChange({this=000063AC0232AD40}, {new_limit=59})
[88664:77012:0924/215555.939:VERBOSE1:media_stream_manager.cc(1533)] MSPL::OnSpeedLimitChange({this=000063AC0232AD40}, {new_limit=57})
[88664:77012:0924/215555.939:VERBOSE1:media_stream_manager.cc(1533)] MSPL::OnSpeedLimitChange({this=000063AC0232AD40}, {new_limit=61})
[88664:77012:0924/215555.939:VERBOSE1:media_stream_manager.cc(1533)] MSPL::OnSpeedLimitChange({this=000063AC0232AD40}, {new_limit=60})
[88664:77012:0924/215555.939:VERBOSE1:media_stream_manager.cc(1533)] MSPL::OnSpeedLimitChange({this=000063AC0232AD40}, {new_limit=57})
[88664:88556:0924/215556.469:WARNING:page_discarding_helper.cc(138)] Discarding multiple pages with target (kb): 0
[88664:77012:0924/215556.785:VERBOSE1:media_stream_manager.cc(1533)] MSPL::OnSpeedLimitChange({this=000063AC0232AD40}, {new_limit=54})
[88664:77012:0924/215557.777:VERBOSE1:media_stream_manager.cc(1533)] MSPL::OnSpeedLimitChange({this=000063AC0232AD40}, {new_limit=51})
[88664:77012:0924/215558.797:VERBOSE1:media_stream_manager.cc(1533)] MSPL::OnSpeedLimitChange({this=000063AC0232AD40}, {new_limit=49})
[88664:77012:0924/215559.809:VERBOSE1:media_stream_manager.cc(1533)] MSPL::OnSpeedLimitChange({this=000063AC0232AD40}, {new_limit=46})
[88664:77012:0924/215600.808:VERBOSE1:media_stream_manager.cc(1533)] MSPL::OnSpeedLimitChange({this=000063AC0232AD40}, {new_limit=44})
[88664:88556:0924/215601.529:WARNING:page_discarding_helper.cc(138)] Discarding multiple pages with target (kb): 0
[88664:77012:0924/215601.822:VERBOSE1:media_stream_manager.cc(1533)] MSPL::OnSpeedLimitChange({this=000063AC0232AD40}, {new_limit=43})
[88664:77012:0924/215602.784:VERBOSE1:media_stream_manager.cc(1533)] MSPL::OnSpeedLimitChange({this=000063AC0232AD40}, {new_limit=41})
[88664:77012:0924/215603.798:VERBOSE1:media_stream_manager.cc(1533)] MSPL::OnSpeedLimitChange({this=000063AC0232AD40}, {new_limit=37})
[88664:88556:0924/215606.609:WARNING:page_discarding_helper.cc(138)] Discarding multiple pages with target (kb): 0
[88664:77012:0924/215606.824:VERBOSE1:media_stream_manager.cc(1533)] MSPL::OnSpeedLimitChange({this=000063AC0232AD40}, {new_limit=40})
[88664:77012:0924/215607.807:VERBOSE1:media_stream_manager.cc(1533)] MSPL::OnSpeedLimitChange({this=000063AC0232AD40}, {new_limit=42})
[88664:77012:0924/215608.793:VERBOSE1:media_stream_manager.cc(1533)] MSPL::OnSpeedLimitChange({this=000063AC0232AD40}, {new_limit=43})
[88664:77012:0924/215610.811:VERBOSE1:media_stream_manager.cc(1533)] MSPL::OnSpeedLimitChange({this=000063AC0232AD40}, {new_limit=44})
[88664:88556:0924/215611.641:WARNING:page_discarding_helper.cc(138)] Discarding multiple pages with target (kb): 0
[88664:77012:0924/215611.789:VERBOSE1:media_stream_manager.cc(1533)] MSPL::OnSpeedLimitChange({this=000063AC0232AD40}, {new_limit=45})
[88664:77012:0924/215613.797:VERBOSE1:media_stream_manager.cc(1533)] MSPL::OnSpeedLimitChange({this=000063AC0232AD40}, {new_limit=46})
[88664:77012:0924/215614.816:VERBOSE1:media_stream_manager.cc(1533)] MSPL::OnSpeedLimitChange({this=000063AC0232AD40}, {new_limit=45})
[88664:88556:0924/215616.640:WARNING:page_discarding_helper.cc(138)] Discarding multiple pages with target (kb): 0
[88664:77012:0924/215616.812:VERBOSE1:media_stream_manager.cc(1533)] MSPL::OnSpeedLimitChange({this=000063AC0232AD40}, {new_limit=43})
[88664:77012:0924/215617.807:VERBOSE1:media_stream_manager.cc(1533)] MSPL::OnSpeedLimitChange({this=000063AC0232AD40}, {new_limit=42})
[88664:77012:0924/215618.796:VERBOSE1:media_stream_manager.cc(1533)] MSPL::OnSpeedLimitChange({this=000063AC0232AD40}, {new_limit=41})
[88664:77012:0924/215619.817:VERBOSE1:media_stream_manager.cc(1533)] MSPL::OnSpeedLimitChange({this=000063AC0232AD40}, {new_limit=42})
[88664:77012:0924/215621.806:VERBOSE1:media_stream_manager.cc(1533)] MSPL::OnSpeedLimitChange({this=000063AC0232AD40}, {new_limit=41})
[88664:77012:0924/215623.819:VERBOSE1:media_stream_manager.cc(1533)] MSPL::OnSpeedLimitChange({this=000063AC0232AD40}, {new_limit=40})
[88664:77012:0924/215627.815:VERBOSE1:media_stream_manager.cc(1533)] MSPL::OnSpeedLimitChange({this=000063AC0232AD40}, {new_limit=39})
[88664:77012:0924/215628.819:VERBOSE1:media_stream_manager.cc(1533)] MSPL::OnSpeedLimitChange({this=000063AC0232AD40}, {new_limit=40})
[88664:77012:0924/215631.823:VERBOSE1:media_stream_manager.cc(1533)] MSPL::OnSpeedLimitChange({this=000063AC0232AD40}, {new_limit=41})
[88664:77012:0924/215632.816:VERBOSE1:media_stream_manager.cc(1533)] MSPL::OnSpeedLimitChange({this=000063AC0232AD40}, {new_limit=40})
[88664:77012:0924/215633.809:VERBOSE1:media_stream_manager.cc(1533)] MSPL::OnSpeedLimitChange({this=000063AC0232AD40}, {new_limit=43})
[88664:77012:0924/215634.831:VERBOSE1:media_stream_manager.cc(1533)] MSPL::OnSpeedLimitChange({this=000063AC0232AD40}, {new_limit=44})
[88664:77012:0924/215635.811:VERBOSE1:media_stream_manager.cc(1533)] MSPL::OnSpeedLimitChange({this=000063AC0232AD40}, {new_limit=43})
[88664:77012:0924/215636.811:VERBOSE1:media_stream_manager.cc(1533)] MSPL::OnSpeedLimitChange({this=000063AC0232AD40}, {new_limit=46})
[88664:77012:0924/215637.859:VERBOSE1:media_stream_manager.cc(1533)] MSPL::OnSpeedLimitChange({this=000063AC0232AD40}, {new_limit=48})
[88664:77012:0924/215638.844:VERBOSE1:media_stream_manager.cc(1533)] MSPL::OnSpeedLimitChange({this=000063AC0232AD40}, {new_limit=50})
[88664:77012:0924/215639.816:VERBOSE1:media_stream_manager.cc(1533)] MSPL::OnSpeedLimitChange({this=000063AC0232AD40}, {new_limit=53})
[88664:77012:0924/215640.813:VERBOSE1:media_stream_manager.cc(1533)] MSPL::OnSpeedLimitChange({this=000063AC0232AD40}, {new_limit=56})
[88664:77012:0924/215641.858:VERBOSE1:media_stream_manager.cc(1533)] MSPL::OnSpeedLimitChange({this=000063AC0232AD40}, {new_limit=58})
[88664:77012:0924/215642.821:VERBOSE1:media_stream_manager.cc(1533)] MSPL::OnSpeedLimitChange({this=000063AC0232AD40}, {new_limit=60})
[88664:77012:0924/215643.816:VERBOSE1:media_stream_manager.cc(1533)] MSPL::OnSpeedLimitChange({this=000063AC0232AD40}, {new_limit=61})
[88664:77012:0924/215644.856:VERBOSE1:media_stream_manager.cc(1533)] MSPL::OnSpeedLimitChange({this=000063AC0232AD40}, {new_limit=63})
[88664:77012:0924/215645.844:VERBOSE1:media_stream_manager.cc(1533)] MSPL::OnSpeedLimitChange({this=000063AC0232AD40}, {new_limit=66})
[88664:77012:0924/215646.822:VERBOSE1:media_stream_manager.cc(1533)] MSPL::OnSpeedLimitChange({this=000063AC0232AD40}, {new_limit=67})
[88664:77012:0924/215647.858:VERBOSE1:media_stream_manager.cc(1533)] MSPL::OnSpeedLimitChange({this=000063AC0232AD40}, {new_limit=69})
[88664:77012:0924/215648.873:VERBOSE1:media_stream_manager.cc(1533)] MSPL::OnSpeedLimitChange({this=000063AC0232AD40}, {new_limit=68})
[88664:77012:0924/215649.844:VERBOSE1:media_stream_manager.cc(1533)] MSPL::OnSpeedLimitChange({this=000063AC0232AD40}, {new_limit=65})
[88664:77012:0924/215650.818:VERBOSE1:media_stream_manager.cc(1533)] MSPL::OnSpeedLimitChange({this=000063AC0232AD40}, {new_limit=63})
[88664:77012:0924/215651.826:VERBOSE1:media_stream_manager.cc(1533)] MSPL::OnSpeedLimitChange({this=000063AC0232AD40}, {new_limit=60})
[88664:77012:0924/215652.831:VERBOSE1:media_stream_manager.cc(1533)] MSPL::OnSpeedLimitChange({this=000063AC0232AD40}, {new_limit=58})
[88664:77012:0924/215653.820:VERBOSE1:media_stream_manager.cc(1533)] MSPL::OnSpeedLimitChange({this=000063AC0232AD40}, {new_limit=55})
[88664:77012:0924/215654.829:VERBOSE1:media_stream_manager.cc(1533)] MSPL::OnSpeedLimitChange({this=000063AC0232AD40}, {new_limit=53})
[88664:77012:0924/215655.841:VERBOSE1:media_stream_manager.cc(1533)] MSPL::OnSpeedLimitChange({this=000063AC0232AD40}, {new_limit=50})
[88664:77012:0924/215656.842:VERBOSE1:media_stream_manager.cc(1533)] MSPL::OnSpeedLimitChange({this=000063AC0232AD40}, {new_limit=47})
[88664:77012:0924/215657.841:VERBOSE1:media_stream_manager.cc(1533)] MSPL::OnSpeedLimitChange({this=000063AC0232AD40}, {new_limit=43})
[88664:77012:0924/215658.845:VERBOSE1:media_stream_manager.cc(1533)] MSPL::OnSpeedLimitChange({this=000063AC0232AD40}, {new_limit=41})
[88664:77012:0924/215659.826:VERBOSE1:media_stream_manager.cc(1533)] MSPL::OnSpeedLimitChange({this=000063AC0232AD40}, {new_limit=42})
[88664:77012:0924/215700.840:VERBOSE1:media_stream_manager.cc(1533)] MSPL::OnSpeedLimitChange({this=000063AC0232AD40}, {new_limit=41})
[88664:77012:0924/215702.829:VERBOSE1:media_stream_manager.cc(1533)] MSPL::OnSpeedLimitChange({this=000063AC0232AD40}, {new_limit=42})
[88664:77012:0924/215703.843:VERBOSE1:media_stream_manager.cc(1533)] MSPL::OnSpeedLimitChange({this=000063AC0232AD40}, {new_limit=41})
[88664:77012:0924/215704.840:VERBOSE1:media_stream_manager.cc(1533)] MSPL::OnSpeedLimitChange({this=000063AC0232AD40}, {new_limit=40})
[88664:77012:0924/215706.838:VERBOSE1:media_stream_manager.cc(1533)] MSPL::OnSpeedLimitChange({this=000063AC0232AD40}, {new_limit=39})
[88664:77012:0924/215707.844:VERBOSE1:media_stream_manager.cc(1533)] MSPL::OnSpeedLimitChange({this=000063AC0232AD40}, {new_limit=40})
[88664:77012:0924/215709.840:VERBOSE1:media_stream_manager.cc(1533)] MSPL::OnSpeedLimitChange({this=000063AC0232AD40}, {new_limit=39})
[88664:77012:0924/215711.840:VERBOSE1:media_stream_manager.cc(1533)] MSPL::OnSpeedLimitChange({this=000063AC0232AD40}, {new_limit=40})
[88664:77012:0924/215712.835:VERBOSE1:media_stream_manager.cc(1533)] MSPL::OnSpeedLimitChange({this=000063AC0232AD40}, {new_limit=39})
[88664:77012:0924/215713.832:VERBOSE1:media_stream_manager.cc(1533)] MSPL::OnSpeedLimitChange({this=000063AC0232AD40}, {new_limit=40})
[88664:77012:0924/215718.861:VERBOSE1:media_stream_manager.cc(1533)] MSPL::OnSpeedLimitChange({this=000063AC0232AD40}, {new_limit=39})
[88664:77012:0924/215721.864:VERBOSE1:media_stream_manager.cc(1533)] MSPL::OnSpeedLimitChange({this=000063AC0232AD40}, {new_limit=37})
[88664:77012:0924/215723.867:VERBOSE1:media_stream_manager.cc(1533)] MSPL::OnSpeedLimitChange({this=000063AC0232AD40}, {new_limit=36})
[88664:77012:0924/215727.844:VERBOSE1:media_stream_manager.cc(1533)] MSPL::OnSpeedLimitChange({this=000063AC0232AD40}, {new_limit=35})
[88664:77012:0924/215731.852:VERBOSE1:media_stream_manager.cc(1533)] MSPL::OnSpeedLimitChange({this=000063AC0232AD40}, {new_limit=36})
[88664:77012:0924/215732.857:VERBOSE1:media_stream_manager.cc(1533)] MSPL::OnSpeedLimitChange({this=000063AC0232AD40}, {new_limit=35})
[88664:77012:0924/215733.867:VERBOSE1:media_stream_manager.cc(1533)] MSPL::OnSpeedLimitChange({this=000063AC0232AD40}, {new_limit=37})
[88664:77012:0924/215743.862:VERBOSE1:media_stream_manager.cc(1533)] MSPL::OnSpeedLimitChange({this=000063AC0232AD40}, {new_limit=35})
[88664:77012:0924/215744.879:VERBOSE1:media_stream_manager.cc(1533)] MSPL::OnSpeedLimitChange({this=000063AC0232AD40}, {new_limit=37})
[88664:77012:0924/215745.861:VERBOSE1:media_stream_manager.cc(1533)] MSPL::OnSpeedLimitChange({this=000063AC0232AD40}, {new_limit=38})
[88664:77012:0924/215746.871:VERBOSE1:media_stream_manager.cc(1533)] MSPL::OnSpeedLimitChange({this=000063AC0232AD40}, {new_limit=37})
[88664:77012:0924/215747.872:VERBOSE1:media_stream_manager.cc(1533)] MSPL::OnSpeedLimitChange({this=000063AC0232AD40}, {new_limit=39})
[88664:77012:0924/215748.879:VERBOSE1:media_stream_manager.cc(1533)] MSPL::OnSpeedLimitChange({this=000063AC0232AD40}, {new_limit=40})
[88664:77012:0924/215749.872:VERBOSE1:media_stream_manager.cc(1533)] MSPL::OnSpeedLimitChange({this=000063AC0232AD40}, {new_limit=41})
[88664:77012:0924/215750.868:VERBOSE1:media_stream_manager.cc(1533)] MSPL::OnSpeedLimitChange({this=000063AC0232AD40}, {new_limit=43})
[88664:77012:0924/215751.882:VERBOSE1:media_stream_manager.cc(1533)] MSPL::OnSpeedLimitChange({this=000063AC0232AD40}, {new_limit=45})
[88664:77012:0924/215755.030:VERBOSE1:media_stream_manager.cc(1533)] MSPL::OnSpeedLimitChange({this=000063AC0232AD40}, {new_limit=49})
[88664:77012:0924/215755.030:VERBOSE1:media_stream_manager.cc(1533)] MSPL::OnSpeedLimitChange({this=000063AC0232AD40}, {new_limit=52})
[88664:77012:0924/215756.880:VERBOSE1:media_stream_manager.cc(1533)] MSPL::OnSpeedLimitChange({this=000063AC0232AD40}, {new_limit=54})
[88664:77012:0924/215759.879:VERBOSE1:media_stream_manager.cc(1533)] MSPL::OnSpeedLimitChange({this=000063AC0232AD40}, {new_limit=56})
[88664:77012:0924/215802.880:VERBOSE1:media_stream_manager.cc(1533)] MSPL::OnSpeedLimitChange({this=000063AC0232AD40}, {new_limit=57})
[88664:77012:0924/215804.888:VERBOSE1:media_stream_manager.cc(1533)] MSPL::OnSpeedLimitChange({this=000063AC0232AD40}, {new_limit=54})
[88664:77012:0924/215806.892:VERBOSE1:media_stream_manager.cc(1533)] MSPL::OnSpeedLimitChange({this=000063AC0232AD40}, {new_limit=55})
[88664:77012:0924/215807.888:VERBOSE1:media_stream_manager.cc(1533)] MSPL::OnSpeedLimitChange({this=000063AC0232AD40}, {new_limit=54})
[88664:77012:0924/215809.899:VERBOSE1:media_stream_manager.cc(1533)] MSPL::OnSpeedLimitChange({this=000063AC0232AD40}, {new_limit=53})
[88664:77012:0924/215810.884:VERBOSE1:media_stream_manager.cc(1533)] MSPL::OnSpeedLimitChange({this=000063AC0232AD40}, {new_limit=54})
[88664:77012:0924/215813.888:VERBOSE1:media_stream_manager.cc(1533)] MSPL::OnSpeedLimitChange({this=000063AC0232AD40}, {new_limit=53})
[88664:77012:0924/215814.898:VERBOSE1:media_stream_manager.cc(1533)] MSPL::OnSpeedLimitChange({this=000063AC0232AD40}, {new_limit=54})
[88664:77012:0924/215816.900:VERBOSE1:media_stream_manager.cc(1533)] MSPL::OnSpeedLimitChange({this=000063AC0232AD40}, {new_limit=53})
[88664:77012:0924/215817.889:VERBOSE1:media_stream_manager.cc(1533)] MSPL::OnSpeedLimitChange({this=000063AC0232AD40}, {new_limit=54})
[88664:77012:0924/215824.900:VERBOSE1:media_stream_manager.cc(1533)] MSPL::OnSpeedLimitChange({this=000063AC0232AD40}, {new_limit=53})
[88664:77012:0924/215825.915:VERBOSE1:media_stream_manager.cc(1533)] MSPL::OnSpeedLimitChange({this=000063AC0232AD40}, {new_limit=52})
[88664:77012:0924/215826.912:VERBOSE1:media_stream_manager.cc(1533)] MSPL::OnSpeedLimitChange({this=000063AC0232AD40}, {new_limit=53})
[88664:77012:0924/215828.915:VERBOSE1:media_stream_manager.cc(1533)] MSPL::OnSpeedLimitChange({this=000063AC0232AD40}, {new_limit=52})
[88664:77012:0924/215832.903:VERBOSE1:media_stream_manager.cc(1533)] MSPL::OnSpeedLimitChange({this=000063AC0232AD40}, {new_limit=51})
[88664:77012:0924/215834.913:VERBOSE1:media_stream_manager.cc(1533)] MSPL::OnSpeedLimitChange({this=000063AC0232AD40}, {new_limit=52})
[88664:77012:0924/215835.912:VERBOSE1:media_stream_manager.cc(1533)] MSPL::OnSpeedLimitChange({this=000063AC0232AD40}, {new_limit=53})
[88664:77012:0924/215836.910:VERBOSE1:media_stream_manager.cc(1533)] MSPL::OnSpeedLimitChange({this=000063AC0232AD40}, {new_limit=52})
[88664:77012:0924/215838.916:VERBOSE1:media_stream_manager.cc(1533)] MSPL::OnSpeedLimitChange({this=000063AC0232AD40}, {new_limit=54})
[88664:77012:0924/215840.918:VERBOSE1:media_stream_manager.cc(1533)] MSPL::OnSpeedLimitChange({this=000063AC0232AD40}, {new_limit=53})
[88664:77012:0924/215842.933:VERBOSE1:media_stream_manager.cc(1533)] MSPL::OnSpeedLimitChange({this=000063AC0232AD40}, {new_limit=54})
[88664:77012:0924/215843.923:VERBOSE1:media_stream_manager.cc(1533)] MSPL::OnSpeedLimitChange({this=000063AC0232AD40}, {new_limit=53})
[88664:77012:0924/215844.930:VERBOSE1:media_stream_manager.cc(1533)] MSPL::OnSpeedLimitChange({this=000063AC0232AD40}, {new_limit=54})
[88664:77012:0924/215846.914:VERBOSE1:media_stream_manager.cc(1533)] MSPL::OnSpeedLimitChange({this=000063AC0232AD40}, {new_limit=53})
[88664:77012:0924/215847.926:VERBOSE1:media_stream_manager.cc(1533)] MSPL::OnSpeedLimitChange({this=000063AC0232AD40}, {new_limit=54})
[88664:77012:0924/215849.936:VERBOSE1:media_stream_manager.cc(1533)] MSPL::OnSpeedLimitChange({this=000063AC0232AD40}, {new_limit=53})
[88664:77012:0924/215850.932:VERBOSE1:media_stream_manager.cc(1533)] MSPL::OnSpeedLimitChange({this=000063AC0232AD40}, {new_limit=55})
[88664:77012:0924/215851.934:VERBOSE1:media_stream_manager.cc(1533)] MSPL::OnSpeedLimitChange({this=000063AC0232AD40}, {new_limit=54})
[88664:77012:0924/215853.933:VERBOSE1:media_stream_manager.cc(1533)] MSPL::OnSpeedLimitChange({this=000063AC0232AD40}, {new_limit=56})
[88664:77012:0924/215854.931:VERBOSE1:media_stream_manager.cc(1533)] MSPL::OnSpeedLimitChange({this=000063AC0232AD40}, {new_limit=55})
[88664:77012:0924/215855.926:VERBOSE1:media_stream_manager.cc(1533)] MSPL::OnSpeedLimitChange({this=000063AC0232AD40}, {new_limit=54})
[88664:77012:0924/215856.933:VERBOSE1:media_stream_manager.cc(1533)] MSPL::OnSpeedLimitChange({this=000063AC0232AD40}, {new_limit=55})
[88664:77012:0924/215857.933:VERBOSE1:media_stream_manager.cc(1533)] MSPL::OnSpeedLimitChange({this=000063AC0232AD40}, {new_limit=53})
[88664:77012:0924/215859.933:VERBOSE1:media_stream_manager.cc(1533)] MSPL::OnSpeedLimitChange({this=000063AC0232AD40}, {new_limit=54})
[88664:77012:0924/215900.942:VERBOSE1:media_stream_manager.cc(1533)] MSPL::OnSpeedLimitChange({this=000063AC0232AD40}, {new_limit=53})
[88664:77012:0924/215901.924:VERBOSE1:media_stream_manager.cc(1533)] MSPL::OnSpeedLimitChange({this=000063AC0232AD40}, {new_limit=54})
[88664:77012:0924/215903.934:VERBOSE1:media_stream_manager.cc(1533)] MSPL::OnSpeedLimitChange({this=000063AC0232AD40}, {new_limit=52})
[88664:77012:0924/215904.934:VERBOSE1:media_stream_manager.cc(1533)] MSPL::OnSpeedLimitChange({this=000063AC0232AD40}, {new_limit=53})
[88664:77012:0924/215906.930:VERBOSE1:media_stream_manager.cc(1533)] MSPL::OnSpeedLimitChange({this=000063AC0232AD40}, {new_limit=54})
[88664:77012:0924/215907.928:VERBOSE1:media_stream_manager.cc(1533)] MSPL::OnSpeedLimitChange({this=000063AC0232AD40}, {new_limit=55})
[88664:77012:0924/215909.937:VERBOSE1:media_stream_manager.cc(1533)] MSPL::OnSpeedLimitChange({this=000063AC0232AD40}, {new_limit=53})
[88664:77012:0924/215912.933:VERBOSE1:media_stream_manager.cc(1533)] MSPL::OnSpeedLimitChange({this=000063AC0232AD40}, {new_limit=54})
[88664:77012:0924/215914.944:VERBOSE1:media_stream_manager.cc(1533)] MSPL::OnSpeedLimitChange({this=000063AC0232AD40}, {new_limit=53})
[88664:77012:0924/215915.933:VERBOSE1:media_stream_manager.cc(1533)] MSPL::OnSpeedLimitChange({this=000063AC0232AD40}, {new_limit=54})
[88664:77012:0924/215916.944:VERBOSE1:media_stream_manager.cc(1533)] MSPL::OnSpeedLimitChange({this=000063AC0232AD40}, {new_limit=53})
[88664:77012:0924/215917.942:VERBOSE1:media_stream_manager.cc(1533)] MSPL::OnSpeedLimitChange({this=000063AC0232AD40}, {new_limit=54})
[88664:77012:0924/215918.934:VERBOSE1:media_stream_manager.cc(1533)] MSPL::OnSpeedLimitChange({this=000063AC0232AD40}, {new_limit=55})
[88664:77012:0924/215919.937:VERBOSE1:media_stream_manager.cc(1533)] MSPL::OnSpeedLimitChange({this=000063AC0232AD40}, {new_limit=56})
[88664:77012:0924/215921.942:VERBOSE1:media_stream_manager.cc(1533)] MSPL::OnSpeedLimitChange({this=000063AC0232AD40}, {new_limit=55})
[88664:77012:0924/215922.949:VERBOSE1:media_stream_manager.cc(1533)] MSPL::OnSpeedLimitChange({this=000063AC0232AD40}, {new_limit=54})
[88664:77012:0924/215924.948:VERBOSE1:media_stream_manager.cc(1533)] MSPL::OnSpeedLimitChange({this=000063AC0232AD40}, {new_limit=55})
[88664:77012:0924/215925.946:VERBOSE1:media_stream_manager.cc(1533)] MSPL::OnSpeedLimitChange({this=000063AC0232AD40}, {new_limit=54})
[88664:77012:0924/215927.952:VERBOSE1:media_stream_manager.cc(1533)] MSPL::OnSpeedLimitChange({this=000063AC0232AD40}, {new_limit=53})
[88664:77012:0924/215929.948:VERBOSE1:media_stream_manager.cc(1533)] MSPL::OnSpeedLimitChange({this=000063AC0232AD40}, {new_limit=52})
[88664:77012:0924/215930.948:VERBOSE1:media_stream_manager.cc(1533)] MSPL::OnSpeedLimitChange({this=000063AC0232AD40}, {new_limit=53})
[88664:77012:0924/215931.962:VERBOSE1:media_stream_manager.cc(1533)] MSPL::OnSpeedLimitChange({this=000063AC0232AD40}, {new_limit=54})
[88664:77012:0924/215933.962:VERBOSE1:media_stream_manager.cc(1533)] MSPL::OnSpeedLimitChange({this=000063AC0232AD40}, {new_limit=56})
[88664:77012:0924/215934.948:VERBOSE1:media_stream_manager.cc(1533)] MSPL::OnSpeedLimitChange({this=000063AC0232AD40}, {new_limit=53})
[88664:77012:0924/215936.948:VERBOSE1:media_stream_manager.cc(1533)] MSPL::OnSpeedLimitChange({this=000063AC0232AD40}, {new_limit=54})
[88664:77012:0924/215939.964:VERBOSE1:media_stream_manager.cc(1533)] MSPL::OnSpeedLimitChange({this=000063AC0232AD40}, {new_limit=55})
[88664:77012:0924/215940.959:VERBOSE1:media_stream_manager.cc(1533)] MSPL::OnSpeedLimitChange({this=000063AC0232AD40}, {new_limit=54})
[88664:77012:0924/215941.958:VERBOSE1:media_stream_manager.cc(1533)] MSPL::OnSpeedLimitChange({this=000063AC0232AD40}, {new_limit=55})
[88664:77012:0924/215943.955:VERBOSE1:media_stream_manager.cc(1533)] MSPL::OnSpeedLimitChange({this=000063AC0232AD40}, {new_limit=54})
[88664:77012:0924/215944.966:VERBOSE1:media_stream_manager.cc(1533)] MSPL::OnSpeedLimitChange({this=000063AC0232AD40}, {new_limit=56})
[88664:77012:0924/215945.963:VERBOSE1:media_stream_manager.cc(1533)] MSPL::OnSpeedLimitChange({this=000063AC0232AD40}, {new_limit=55})
[88664:77012:0924/215946.966:VERBOSE1:media_stream_manager.cc(1533)] MSPL::OnSpeedLimitChange({this=000063AC0232AD40}, {new_limit=54})
[88664:77012:0924/215948.975:VERBOSE1:media_stream_manager.cc(1533)] MSPL::OnSpeedLimitChange({this=000063AC0232AD40}, {new_limit=55})
[88664:77012:0924/215949.961:VERBOSE1:media_stream_manager.cc(1533)] MSPL::OnSpeedLimitChange({this=000063AC0232AD40}, {new_limit=54})
[88664:77012:0924/215950.964:VERBOSE1:media_stream_manager.cc(1533)] MSPL::OnSpeedLimitChange({this=000063AC0232AD40}, {new_limit=56})
[88664:77012:0924/215951.962:VERBOSE1:media_stream_manager.cc(1533)] MSPL::OnSpeedLimitChange({this=000063AC0232AD40}, {new_limit=55})
[88664:77012:0924/215955.965:VERBOSE1:media_stream_manager.cc(1533)] MSPL::OnSpeedLimitChange({this=000063AC0232AD40}, {new_limit=56})
[88664:77012:0924/215957.965:VERBOSE1:media_stream_manager.cc(1533)] MSPL::OnSpeedLimitChange({this=000063AC0232AD40}, {new_limit=54})
[88664:77012:0924/220000.968:VERBOSE1:media_stream_manager.cc(1533)] MSPL::OnSpeedLimitChange({this=000063AC0232AD40}, {new_limit=52})
[88664:77012:0924/220001.972:VERBOSE1:media_stream_manager.cc(1533)] MSPL::OnSpeedLimitChange({this=000063AC0232AD40}, {new_limit=51})
[88664:77012:0924/220002.964:VERBOSE1:media_stream_manager.cc(1533)] MSPL::OnSpeedLimitChange({this=000063AC0232AD40}, {new_limit=50})
[88664:77012:0924/220004.977:VERBOSE1:media_stream_manager.cc(1533)] MSPL::OnSpeedLimitChange({this=000063AC0232AD40}, {new_limit=49})
[88664:77012:0924/220006.973:VERBOSE1:media_stream_manager.cc(1533)] MSPL::OnSpeedLimitChange({this=000063AC0232AD40}, {new_limit=50})
[88664:77012:0924/220007.977:VERBOSE1:media_stream_manager.cc(1533)] MSPL::OnSpeedLimitChange({this=000063AC0232AD40}, {new_limit=51})
[88664:77012:0924/220008.977:VERBOSE1:media_stream_manager.cc(1533)] MSPL::OnSpeedLimitChange({this=000063AC0232AD40}, {new_limit=53})
[88664:77012:0924/220010.970:VERBOSE1:media_stream_manager.cc(1533)] MSPL::OnSpeedLimitChange({this=000063AC0232AD40}, {new_limit=54})
[88664:77012:0924/220011.985:VERBOSE1:media_stream_manager.cc(1533)] MSPL::OnSpeedLimitChange({this=000063AC0232AD40}, {new_limit=55})
[88664:77012:0924/220012.969:VERBOSE1:media_stream_manager.cc(1533)] MSPL::OnSpeedLimitChange({this=000063AC0232AD40}, {new_limit=56})
[88664:77012:0924/220013.985:VERBOSE1:media_stream_manager.cc(1533)] MSPL::OnSpeedLimitChange({this=000063AC0232AD40}, {new_limit=55})
[88664:77012:0924/220015.990:VERBOSE1:media_stream_manager.cc(1533)] MSPL::OnSpeedLimitChange({this=000063AC0232AD40}, {new_limit=56})
[88664:77012:0924/220016.982:VERBOSE1:media_stream_manager.cc(1533)] MSPL::OnSpeedLimitChange({this=000063AC0232AD40}, {new_limit=54})
[88664:77012:0924/220018.994:VERBOSE1:media_stream_manager.cc(1533)] MSPL::OnSpeedLimitChange({this=000063AC0232AD40}, {new_limit=53})
[88664:77012:0924/220019.978:VERBOSE1:media_stream_manager.cc(1533)] MSPL::OnSpeedLimitChange({this=000063AC0232AD40}, {new_limit=54})
[88664:77012:0924/220021.995:VERBOSE1:media_stream_manager.cc(1533)] MSPL::OnSpeedLimitChange({this=000063AC0232AD40}, {new_limit=53})
[88664:77012:0924/220022.997:VERBOSE1:media_stream_manager.cc(1533)] MSPL::OnSpeedLimitChange({this=000063AC0232AD40}, {new_limit=54})
[88664:77012:0924/220025.989:VERBOSE1:media_stream_manager.cc(1533)] MSPL::OnSpeedLimitChange({this=000063AC0232AD40}, {new_limit=53})
[88664:77012:0924/220026.987:VERBOSE1:media_stream_manager.cc(1533)] MSPL::OnSpeedLimitChange({this=000063AC0232AD40}, {new_limit=54})
[88664:77012:0924/220027.984:VERBOSE1:media_stream_manager.cc(1533)] MSPL::OnSpeedLimitChange({this=000063AC0232AD40}, {new_limit=53})
[88664:77012:0924/220028.993:VERBOSE1:media_stream_manager.cc(1533)] MSPL::OnSpeedLimitChange({this=000063AC0232AD40}, {new_limit=52})
[88664:77012:0924/220029.983:VERBOSE1:media_stream_manager.cc(1533)] MSPL::OnSpeedLimitChange({this=000063AC0232AD40}, {new_limit=50})
[88664:77012:0924/220030.991:VERBOSE1:media_stream_manager.cc(1533)] MSPL::OnSpeedLimitChange({this=000063AC0232AD40}, {new_limit=51})
[88664:77012:0924/220031.992:VERBOSE1:media_stream_manager.cc(1533)] MSPL::OnSpeedLimitChange({this=000063AC0232AD40}, {new_limit=52})
[88664:77012:0924/220033.003:VERBOSE1:media_stream_manager.cc(1533)] MSPL::OnSpeedLimitChange({this=000063AC0232AD40}, {new_limit=51})
[88664:77012:0924/220033.990:VERBOSE1:media_stream_manager.cc(1533)] MSPL::OnSpeedLimitChange({this=000063AC0232AD40}, {new_limit=52})
[88664:77012:0924/220034.991:VERBOSE1:media_stream_manager.cc(1533)] MSPL::OnSpeedLimitChange({this=000063AC0232AD40}, {new_limit=53})
[88664:77012:0924/220035.989:VERBOSE1:media_stream_manager.cc(1533)] MSPL::OnSpeedLimitChange({this=000063AC0232AD40}, {new_limit=54})
[88664:77012:0924/220036.994:VERBOSE1:media_stream_manager.cc(1533)] MSPL::OnSpeedLimitChange({this=000063AC0232AD40}, {new_limit=55})
[88664:77012:0924/220037.990:VERBOSE1:media_stream_manager.cc(1533)] MSPL::OnSpeedLimitChange({this=000063AC0232AD40}, {new_limit=54})
[88664:77012:0924/220038.992:VERBOSE1:media_stream_manager.cc(1533)] MSPL::OnSpeedLimitChange({this=000063AC0232AD40}, {new_limit=55})
[88664:77012:0924/220041.003:VERBOSE1:media_stream_manager.cc(1533)] MSPL::OnSpeedLimitChange({this=000063AC0232AD40}, {new_limit=54})
[88664:77012:0924/220043.004:VERBOSE1:media_stream_manager.cc(1533)] MSPL::OnSpeedLimitChange({this=000063AC0232AD40}, {new_limit=55})
[88664:77012:0924/220044.007:VERBOSE1:media_stream_manager.cc(1533)] MSPL::OnSpeedLimitChange({this=000063AC0232AD40}, {new_limit=54})
[88664:77012:0924/220044.993:VERBOSE1:media_stream_manager.cc(1533)] MSPL::OnSpeedLimitChange({this=000063AC0232AD40}, {new_limit=53})
[88664:77012:0924/220048.997:VERBOSE1:media_stream_manager.cc(1533)] MSPL::OnSpeedLimitChange({this=000063AC0232AD40}, {new_limit=52})
[88664:77012:0924/220051.997:VERBOSE1:media_stream_manager.cc(1533)] MSPL::OnSpeedLimitChange({this=000063AC0232AD40}, {new_limit=51})
[88664:77012:0924/220052.998:VERBOSE1:media_stream_manager.cc(1533)] MSPL::OnSpeedLimitChange({this=000063AC0232AD40}, {new_limit=49})
[88664:77012:0924/220055.015:VERBOSE1:media_stream_manager.cc(1533)] MSPL::OnSpeedLimitChange({this=000063AC0232AD40}, {new_limit=48})
[88664:77012:0924/220056.007:VERBOSE1:media_stream_manager.cc(1533)] MSPL::OnSpeedLimitChange({this=000063AC0232AD40}, {new_limit=45})
[88664:77012:0924/220057.016:VERBOSE1:media_stream_manager.cc(1533)] MSPL::OnSpeedLimitChange({this=000063AC0232AD40}, {new_limit=46})
[88664:77012:0924/220058.012:VERBOSE1:media_stream_manager.cc(1533)] MSPL::OnSpeedLimitChange({this=000063AC0232AD40}, {new_limit=47})
[88664:77012:0924/220100.007:VERBOSE1:media_stream_manager.cc(1533)] MSPL::OnSpeedLimitChange({this=000063AC0232AD40}, {new_limit=49})
[88664:77012:0924/220102.011:VERBOSE1:media_stream_manager.cc(1533)] MSPL::OnSpeedLimitChange({this=000063AC0232AD40}, {new_limit=50})
[88664:77012:0924/220103.007:VERBOSE1:media_stream_manager.cc(1533)] MSPL::OnSpeedLimitChange({this=000063AC0232AD40}, {new_limit=51})
[88664:77012:0924/220104.014:VERBOSE1:media_stream_manager.cc(1533)] MSPL::OnSpeedLimitChange({this=000063AC0232AD40}, {new_limit=49})
[88664:77012:0924/220105.009:VERBOSE1:media_stream_manager.cc(1533)] MSPL::OnSpeedLimitChange({this=000063AC0232AD40}, {new_limit=51})
[88664:77012:0924/220106.022:VERBOSE1:media_stream_manager.cc(1533)] MSPL::OnSpeedLimitChange({this=000063AC0232AD40}, {new_limit=53})
[88664:77012:0924/220111.012:VERBOSE1:media_stream_manager.cc(1533)] MSPL::OnSpeedLimitChange({this=000063AC0232AD40}, {new_limit=52})
[88664:77012:0924/220113.016:VERBOSE1:media_stream_manager.cc(1533)] MSPL::OnSpeedLimitChange({this=000063AC0232AD40}, {new_limit=54})
[88664:77012:0924/220114.032:VERBOSE1:media_stream_manager.cc(1533)] MSPL::OnSpeedLimitChange({this=000063AC0232AD40}, {new_limit=55})
[88664:77012:0924/220115.022:VERBOSE1:media_stream_manager.cc(1533)] MSPL::OnSpeedLimitChange({this=000063AC0232AD40}, {new_limit=56})
[88664:77012:0924/220116.035:VERBOSE1:media_stream_manager.cc(1533)] MSPL::OnSpeedLimitChange({this=000063AC0232AD40}, {new_limit=55})
[88664:77012:0924/220117.027:VERBOSE1:media_stream_manager.cc(1533)] MSPL::OnSpeedLimitChange({this=000063AC0232AD40}, {new_limit=56})
[88664:77012:0924/220119.031:VERBOSE1:media_stream_manager.cc(1533)] MSPL::OnSpeedLimitChange({this=000063AC0232AD40}, {new_limit=57})
[88664:77012:0924/220121.035:VERBOSE1:media_stream_manager.cc(1533)] MSPL::OnSpeedLimitChange({this=000063AC0232AD40}, {new_limit=56})
[88664:77012:0924/220122.031:VERBOSE1:media_stream_manager.cc(1533)] MSPL::OnSpeedLimitChange({this=000063AC0232AD40}, {new_limit=57})
[88664:77012:0924/220123.026:VERBOSE1:media_stream_manager.cc(1533)] MSPL::OnSpeedLimitChange({this=000063AC0232AD40}, {new_limit=56})
[88664:77012:0924/220125.024:VERBOSE1:media_stream_manager.cc(1533)] MSPL::OnSpeedLimitChange({this=000063AC0232AD40}, {new_limit=53})
[88664:77012:0924/220126.045:VERBOSE1:media_stream_manager.cc(1533)] MSPL::OnSpeedLimitChange({this=000063AC0232AD40}, {new_limit=51})
[88664:77012:0924/220127.027:VERBOSE1:media_stream_manager.cc(1533)] MSPL::OnSpeedLimitChange({this=000063AC0232AD40}, {new_limit=49})
[88664:77012:0924/220135.039:VERBOSE1:media_stream_manager.cc(1533)] MSPL::OnSpeedLimitChange({this=000063AC0232AD40}, {new_limit=51})
[88664:77012:0924/220136.038:VERBOSE1:media_stream_manager.cc(1533)] MSPL::OnSpeedLimitChange({this=000063AC0232AD40}, {new_limit=54})
[88664:77012:0924/220138.049:VERBOSE1:media_stream_manager.cc(1533)] MSPL::OnSpeedLimitChange({this=000063AC0232AD40}, {new_limit=55})
[88664:77012:0924/220139.048:VERBOSE1:media_stream_manager.cc(1533)] MSPL::OnSpeedLimitChange({this=000063AC0232AD40}, {new_limit=53})
[88664:77012:0924/220141.039:VERBOSE1:media_stream_manager.cc(1533)] MSPL::OnSpeedLimitChange({this=000063AC0232AD40}, {new_limit=54})
[88664:77012:0924/220143.051:VERBOSE1:media_stream_manager.cc(1533)] MSPL::OnSpeedLimitChange({this=000063AC0232AD40}, {new_limit=53})
[88664:77012:0924/220144.053:VERBOSE1:media_stream_manager.cc(1533)] MSPL::OnSpeedLimitChange({this=000063AC0232AD40}, {new_limit=54})
[88664:77012:0924/220146.050:VERBOSE1:media_stream_manager.cc(1533)] MSPL::OnSpeedLimitChange({this=000063AC0232AD40}, {new_limit=53})
[88664:77012:0924/220147.040:VERBOSE1:media_stream_manager.cc(1533)] MSPL::OnSpeedLimitChange({this=000063AC0232AD40}, {new_limit=54})
[88664:77012:0924/220148.043:VERBOSE1:media_stream_manager.cc(1533)] MSPL::OnSpeedLimitChange({this=000063AC0232AD40}, {new_limit=53})
[88664:77012:0924/220149.048:VERBOSE1:media_stream_manager.cc(1533)] MSPL::OnSpeedLimitChange({this=000063AC0232AD40}, {new_limit=55})
[88664:77012:0924/220150.055:VERBOSE1:media_stream_manager.cc(1533)] MSPL::OnSpeedLimitChange({this=000063AC0232AD40}, {new_limit=54})
[88664:77012:0924/220151.049:VERBOSE1:media_stream_manager.cc(1533)] MSPL::OnSpeedLimitChange({this=000063AC0232AD40}, {new_limit=53})
[88664:77012:0924/220152.043:VERBOSE1:media_stream_manager.cc(1533)] MSPL::OnSpeedLimitChange({this=000063AC0232AD40}, {new_limit=52})
[88664:77012:0924/220153.055:VERBOSE1:media_stream_manager.cc(1533)] MSPL::OnSpeedLimitChange({this=000063AC0232AD40}, {new_limit=53})
[88664:77012:0924/220156.061:VERBOSE1:media_stream_manager.cc(1533)] MSPL::OnSpeedLimitChange({this=000063AC0232AD40}, {new_limit=52})
[88664:77012:0924/220157.058:VERBOSE1:media_stream_manager.cc(1533)] MSPL::OnSpeedLimitChange({this=000063AC0232AD40}, {new_limit=53})
[88664:77012:0924/220159.064:VERBOSE1:media_stream_manager.cc(1533)] MSPL::OnSpeedLimitChange({this=000063AC0232AD40}, {new_limit=51})
[88664:77012:0924/220200.060:VERBOSE1:media_stream_manager.cc(1533)] MSPL::OnSpeedLimitChange({this=000063AC0232AD40}, {new_limit=50})
[88664:77012:0924/220201.061:VERBOSE1:media_stream_manager.cc(1533)] MSPL::OnSpeedLimitChange({this=000063AC0232AD40}, {new_limit=48})
[88664:77012:0924/220203.062:VERBOSE1:media_stream_manager.cc(1533)] MSPL::OnSpeedLimitChange({this=000063AC0232AD40}, {new_limit=47})
[88664:77012:0924/220204.067:VERBOSE1:media_stream_manager.cc(1533)] MSPL::OnSpeedLimitChange({this=000063AC0232AD40}, {new_limit=45})
[88664:77012:0924/220205.049:VERBOSE1:media_stream_manager.cc(1533)] MSPL::OnSpeedLimitChange({this=000063AC0232AD40}, {new_limit=44})
[88664:77012:0924/220207.062:VERBOSE1:media_stream_manager.cc(1533)] MSPL::OnSpeedLimitChange({this=000063AC0232AD40}, {new_limit=42})
[88664:77012:0924/220209.074:VERBOSE1:media_stream_manager.cc(1533)] MSPL::OnSpeedLimitChange({this=000063AC0232AD40}, {new_limit=43})
[88664:77012:0924/220211.073:VERBOSE1:media_stream_manager.cc(1533)] MSPL::OnSpeedLimitChange({this=000063AC0232AD40}, {new_limit=44})
[88664:77012:0924/220213.077:VERBOSE1:media_stream_manager.cc(1533)] MSPL::OnSpeedLimitChange({this=000063AC0232AD40}, {new_limit=43})
[88664:77012:0924/220215.079:VERBOSE1:media_stream_manager.cc(1533)] MSPL::OnSpeedLimitChange({this=000063AC0232AD40}, {new_limit=45})
[88664:77012:0924/220216.075:VERBOSE1:media_stream_manager.cc(1533)] MSPL::OnSpeedLimitChange({this=000063AC0232AD40}, {new_limit=44})
[88664:77012:0924/220218.086:VERBOSE1:media_stream_manager.cc(1533)] MSPL::OnSpeedLimitChange({this=000063AC0232AD40}, {new_limit=45})
[88664:77012:0924/220221.072:VERBOSE1:media_stream_manager.cc(1533)] MSPL::OnSpeedLimitChange({this=000063AC0232AD40}, {new_limit=44})
[88664:77012:0924/220222.072:VERBOSE1:media_stream_manager.cc(1533)] MSPL::OnSpeedLimitChange({this=000063AC0232AD40}, {new_limit=45})
[88664:77012:0924/220224.080:VERBOSE1:media_stream_manager.cc(1533)] MSPL::OnSpeedLimitChange({this=000063AC0232AD40}, {new_limit=44})
[88664:77012:0924/220227.524:VERBOSE1:media_stream_manager.cc(1533)] MSPL::OnSpeedLimitChange({this=000063AC0232AD40}, {new_limit=47})
[88664:77012:0924/220227.524:VERBOSE1:media_stream_manager.cc(1533)] MSPL::OnSpeedLimitChange({this=000063AC0232AD40}, {new_limit=49})
[88664:77012:0924/220227.524:VERBOSE1:media_stream_manager.cc(1533)] MSPL::OnSpeedLimitChange({this=000063AC0232AD40}, {new_limit=53})
[88664:77012:0924/220228.082:VERBOSE1:media_stream_manager.cc(1533)] MSPL::OnSpeedLimitChange({this=000063AC0232AD40}, {new_limit=51})
[88664:77012:0924/220229.093:VERBOSE1:media_stream_manager.cc(1533)] MSPL::OnSpeedLimitChange({this=000063AC0232AD40}, {new_limit=49})
[88664:77012:0924/220231.081:VERBOSE1:media_stream_manager.cc(1533)] MSPL::OnSpeedLimitChange({this=000063AC0232AD40}, {new_limit=48})
[88664:77012:0924/220233.090:VERBOSE1:media_stream_manager.cc(1533)] MSPL::OnSpeedLimitChange({this=000063AC0232AD40}, {new_limit=47})
[88664:77012:0924/220235.087:VERBOSE1:media_stream_manager.cc(1533)] MSPL::OnSpeedLimitChange({this=000063AC0232AD40}, {new_limit=43})
[88664:77012:0924/220236.095:VERBOSE1:media_stream_manager.cc(1533)] MSPL::OnSpeedLimitChange({this=000063AC0232AD40}, {new_limit=41})
[88664:77012:0924/220237.082:VERBOSE1:media_stream_manager.cc(1533)] MSPL::OnSpeedLimitChange({this=000063AC0232AD40}, {new_limit=36})
[88664:77012:0924/220239.081:VERBOSE1:media_stream_manager.cc(1533)] MSPL::OnSpeedLimitChange({this=000063AC0232AD40}, {new_limit=37})
[88664:77012:0924/220242.097:VERBOSE1:media_stream_manager.cc(1533)] MSPL::OnSpeedLimitChange({this=000063AC0232AD40}, {new_limit=36})
[88664:77012:0924/220244.090:VERBOSE1:media_stream_manager.cc(1533)] MSPL::OnSpeedLimitChange({this=000063AC0232AD40}, {new_limit=35})
[88664:77012:0924/220247.103:VERBOSE1:media_stream_manager.cc(1533)] MSPL::OnSpeedLimitChange({this=000063AC0232AD40}, {new_limit=37})
[88664:77012:0924/220249.093:VERBOSE1:media_stream_manager.cc(1533)] MSPL::OnSpeedLimitChange({this=000063AC0232AD40}, {new_limit=36})
[88664:77012:0924/220250.101:VERBOSE1:media_stream_manager.cc(1533)] MSPL::OnSpeedLimitChange({this=000063AC0232AD40}, {new_limit=38})
[88664:77012:0924/220251.098:VERBOSE1:media_stream_manager.cc(1533)] MSPL::OnSpeedLimitChange({this=000063AC0232AD40}, {new_limit=39})
[88664:77012:0924/220253.115:VERBOSE1:media_stream_manager.cc(1533)] MSPL::OnSpeedLimitChange({this=000063AC0232AD40}, {new_limit=40})
[88664:77012:0924/220256.116:VERBOSE1:media_stream_manager.cc(1533)] MSPL::OnSpeedLimitChange({this=000063AC0232AD40}, {new_limit=41})
[88664:77012:0924/220257.099:VERBOSE1:media_stream_manager.cc(1533)] MSPL::OnSpeedLimitChange({this=000063AC0232AD40}, {new_limit=40})
[88664:77012:0924/220300.107:VERBOSE1:media_stream_manager.cc(1533)] MSPL::OnSpeedLimitChange({this=000063AC0232AD40}, {new_limit=39})
[88664:77012:0924/220302.105:VERBOSE1:media_stream_manager.cc(1533)] MSPL::OnSpeedLimitChange({this=000063AC0232AD40}, {new_limit=40})
[88664:77012:0924/220303.109:VERBOSE1:media_stream_manager.cc(1533)] MSPL::OnSpeedLimitChange({this=000063AC0232AD40}, {new_limit=41})
[88664:77012:0924/220304.105:VERBOSE1:media_stream_manager.cc(1533)] MSPL::OnSpeedLimitChange({this=000063AC0232AD40}, {new_limit=42})
[88664:77012:0924/220305.107:VERBOSE1:media_stream_manager.cc(1533)] MSPL::OnSpeedLimitChange({this=000063AC0232AD40}, {new_limit=43})
[88664:77012:0924/220307.109:VERBOSE1:media_stream_manager.cc(1533)] MSPL::OnSpeedLimitChange({this=000063AC0232AD40}, {new_limit=42})
[88664:77012:0924/220310.111:VERBOSE1:media_stream_manager.cc(1533)] MSPL::OnSpeedLimitChange({this=000063AC0232AD40}, {new_limit=44})
[88664:77012:0924/220311.107:VERBOSE1:media_stream_manager.cc(1533)] MSPL::OnSpeedLimitChange({this=000063AC0232AD40}, {new_limit=43})
[88664:77012:0924/220312.123:VERBOSE1:media_stream_manager.cc(1533)] MSPL::OnSpeedLimitChange({this=000063AC0232AD40}, {new_limit=42})
[88664:77012:0924/220314.123:VERBOSE1:media_stream_manager.cc(1533)] MSPL::OnSpeedLimitChange({this=000063AC0232AD40}, {new_limit=43})
[88664:77012:0924/220315.125:VERBOSE1:media_stream_manager.cc(1533)] MSPL::OnSpeedLimitChange({this=000063AC0232AD40}, {new_limit=42})
[88664:77012:0924/220320.114:VERBOSE1:media_stream_manager.cc(1533)] MSPL::OnSpeedLimitChange({this=000063AC0232AD40}, {new_limit=40})
[88664:77012:0924/220321.122:VERBOSE1:media_stream_manager.cc(1533)] MSPL::OnSpeedLimitChange({this=000063AC0232AD40}, {new_limit=39})
[88664:77012:0924/220325.127:VERBOSE1:media_stream_manager.cc(1533)] MSPL::OnSpeedLimitChange({this=000063AC0232AD40}, {new_limit=38})
[88664:77012:0924/220326.137:VERBOSE1:media_stream_manager.cc(1533)] MSPL::OnSpeedLimitChange({this=000063AC0232AD40}, {new_limit=39})
[88664:77012:0924/220330.130:VERBOSE1:media_stream_manager.cc(1533)] MSPL::OnSpeedLimitChange({this=000063AC0232AD40}, {new_limit=40})
[88664:77012:0924/220331.125:VERBOSE1:media_stream_manager.cc(1533)] MSPL::OnSpeedLimitChange({this=000063AC0232AD40}, {new_limit=41})
[88664:77012:0924/220333.237:VERBOSE1:media_stream_manager.cc(1533)] MSPL::OnSpeedLimitChange({this=000063AC0232AD40}, {new_limit=46})
[88664:77012:0924/220334.142:VERBOSE1:media_stream_manager.cc(1533)] MSPL::OnSpeedLimitChange({this=000063AC0232AD40}, {new_limit=47})
[88664:77012:0924/220335.144:VERBOSE1:media_stream_manager.cc(1533)] MSPL::OnSpeedLimitChange({this=000063AC0232AD40}, {new_limit=48})
[88664:77012:0924/220336.133:VERBOSE1:media_stream_manager.cc(1533)] MSPL::OnSpeedLimitChange({this=000063AC0232AD40}, {new_limit=50})
[88664:77012:0924/220337.150:VERBOSE1:media_stream_manager.cc(1533)] MSPL::OnSpeedLimitChange({this=000063AC0232AD40}, {new_limit=52})
[88664:77012:0924/220338.136:VERBOSE1:media_stream_manager.cc(1533)] MSPL::OnSpeedLimitChange({this=000063AC0232AD40}, {new_limit=54})
[88664:77012:0924/220339.128:VERBOSE1:media_stream_manager.cc(1533)] MSPL::OnSpeedLimitChange({this=000063AC0232AD40}, {new_limit=56})
[88664:77012:0924/220340.128:VERBOSE1:media_stream_manager.cc(1533)] MSPL::OnSpeedLimitChange({this=000063AC0232AD40}, {new_limit=59})
[88664:77012:0924/220341.138:VERBOSE1:media_stream_manager.cc(1533)] MSPL::OnSpeedLimitChange({this=000063AC0232AD40}, {new_limit=61})
[88664:77012:0924/220342.145:VERBOSE1:media_stream_manager.cc(1533)] MSPL::OnSpeedLimitChange({this=000063AC0232AD40}, {new_limit=63})
[88664:77012:0924/220343.146:VERBOSE1:media_stream_manager.cc(1533)] MSPL::OnSpeedLimitChange({this=000063AC0232AD40}, {new_limit=60})
[88664:77012:0924/220344.131:VERBOSE1:media_stream_manager.cc(1533)] MSPL::OnSpeedLimitChange({this=000063AC0232AD40}, {new_limit=62})
[88664:77012:0924/220346.152:VERBOSE1:media_stream_manager.cc(1533)] MSPL::OnSpeedLimitChange({this=000063AC0232AD40}, {new_limit=64})
[88664:77012:0924/220348.138:VERBOSE1:media_stream_manager.cc(1533)] MSPL::OnSpeedLimitChange({this=000063AC0232AD40}, {new_limit=63})
[88664:77012:0924/220349.145:VERBOSE1:media_stream_manager.cc(1533)] MSPL::OnSpeedLimitChange({this=000063AC0232AD40}, {new_limit=65})
[88664:77012:0924/220351.140:VERBOSE1:media_stream_manager.cc(1533)] MSPL::OnSpeedLimitChange({this=000063AC0232AD40}, {new_limit=66})
[88664:77012:0924/220352.156:VERBOSE1:media_stream_manager.cc(1533)] MSPL::OnSpeedLimitChange({this=000063AC0232AD40}, {new_limit=64})
[88664:77012:0924/220353.156:VERBOSE1:media_stream_manager.cc(1533)] MSPL::OnSpeedLimitChange({this=000063AC0232AD40}, {new_limit=65})
[88664:77012:0924/220354.146:VERBOSE1:media_stream_manager.cc(1533)] MSPL::OnSpeedLimitChange({this=000063AC0232AD40}, {new_limit=63})
[88664:77012:0924/220355.143:VERBOSE1:media_stream_manager.cc(1533)] MSPL::OnSpeedLimitChange({this=000063AC0232AD40}, {new_limit=64})
[88664:77012:0924/220356.156:VERBOSE1:media_stream_manager.cc(1533)] MSPL::OnSpeedLimitChange({this=000063AC0232AD40}, {new_limit=62})
[88664:77012:0924/220359.148:VERBOSE1:media_stream_manager.cc(1533)] MSPL::OnSpeedLimitChange({this=000063AC0232AD40}, {new_limit=61})
[88664:77012:0924/220400.166:VERBOSE1:media_stream_manager.cc(1533)] MSPL::OnSpeedLimitChange({this=000063AC0232AD40}, {new_limit=60})
[88664:77012:0924/220401.147:VERBOSE1:media_stream_manager.cc(1533)] MSPL::OnSpeedLimitChange({this=000063AC0232AD40}, {new_limit=59})
[88664:77012:0924/220402.150:VERBOSE1:media_stream_manager.cc(1533)] MSPL::OnSpeedLimitChange({this=000063AC0232AD40}, {new_limit=60})
[88664:77012:0924/220403.165:VERBOSE1:media_stream_manager.cc(1533)] MSPL::OnSpeedLimitChange({this=000063AC0232AD40}, {new_limit=59})
[88664:77012:0924/220404.145:VERBOSE1:media_stream_manager.cc(1533)] MSPL::OnSpeedLimitChange({this=000063AC0232AD40}, {new_limit=61})
[88664:77012:0924/220405.160:VERBOSE1:media_stream_manager.cc(1533)] MSPL::OnSpeedLimitChange({this=000063AC0232AD40}, {new_limit=60})
[88664:77012:0924/220406.148:VERBOSE1:media_stream_manager.cc(1533)] MSPL::OnSpeedLimitChange({this=000063AC0232AD40}, {new_limit=61})
[88664:77012:0924/220410.165:VERBOSE1:media_stream_manager.cc(1533)] MSPL::OnSpeedLimitChange({this=000063AC0232AD40}, {new_limit=62})
[88664:77012:0924/220413.149:VERBOSE1:media_stream_manager.cc(1533)] MSPL::OnSpeedLimitChange({this=000063AC0232AD40}, {new_limit=63})
[88664:77012:0924/220414.158:VERBOSE1:media_stream_manager.cc(1533)] MSPL::OnSpeedLimitChange({this=000063AC0232AD40}, {new_limit=62})
[88664:77012:0924/220416.170:VERBOSE1:media_stream_manager.cc(1533)] MSPL::OnSpeedLimitChange({this=000063AC0232AD40}, {new_limit=61})
[88664:77012:0924/220417.963:VERBOSE1:media_stream_manager.cc(1533)] MSPL::OnSpeedLimitChange({this=000063AC0232AD40}, {new_limit=63})
[88664:77012:0924/220419.158:VERBOSE1:media_stream_manager.cc(1533)] MSPL::OnSpeedLimitChange({this=000063AC0232AD40}, {new_limit=62})
[88664:77012:0924/220421.330:VERBOSE1:media_stream_manager.cc(1533)] MSPL::OnSpeedLimitChange({this=000063AC0232AD40}, {new_limit=64})
[88664:77012:0924/220422.162:VERBOSE1:media_stream_manager.cc(1533)] MSPL::OnSpeedLimitChange({this=000063AC0232AD40}, {new_limit=66})
[88664:77012:0924/220423.190:VERBOSE1:media_stream_manager.cc(1533)] MSPL::OnSpeedLimitChange({this=000063AC0232AD40}, {new_limit=68})
[88664:77012:0924/220424.177:VERBOSE1:media_stream_manager.cc(1533)] MSPL::OnSpeedLimitChange({this=000063AC0232AD40}, {new_limit=67})
[88664:77012:0924/220427.160:VERBOSE1:media_stream_manager.cc(1533)] MSPL::OnSpeedLimitChange({this=000063AC0232AD40}, {new_limit=66})
[88664:77012:0924/220431.163:VERBOSE1:media_stream_manager.cc(1533)] MSPL::OnSpeedLimitChange({this=000063AC0232AD40}, {new_limit=63})
[88664:77012:0924/220432.174:VERBOSE1:media_stream_manager.cc(1533)] MSPL::OnSpeedLimitChange({this=000063AC0232AD40}, {new_limit=62})
[88664:77012:0924/220433.173:VERBOSE1:media_stream_manager.cc(1533)] MSPL::OnSpeedLimitChange({this=000063AC0232AD40}, {new_limit=59})
[88664:77012:0924/220434.176:VERBOSE1:media_stream_manager.cc(1533)] MSPL::OnSpeedLimitChange({this=000063AC0232AD40}, {new_limit=60})
[88664:77012:0924/220438.511:VERBOSE1:media_stream_manager.cc(1533)] MSPL::OnSpeedLimitChange({this=000063AC0232AD40}, {new_limit=62})
[88664:77012:0924/220438.511:VERBOSE1:media_stream_manager.cc(1533)] MSPL::OnSpeedLimitChange({this=000063AC0232AD40}, {new_limit=63})
[88664:88556:0924/220439.612:WARNING:page_discarding_helper.cc(138)] Discarding multiple pages with target (kb): 0
[88664:77012:0924/220440.180:VERBOSE1:media_stream_manager.cc(1533)] MSPL::OnSpeedLimitChange({this=000063AC0232AD40}, {new_limit=61})
[88664:77012:0924/220441.171:VERBOSE1:media_stream_manager.cc(1533)] MSPL::OnSpeedLimitChange({this=000063AC0232AD40}, {new_limit=59})
[88664:77012:0924/220442.176:VERBOSE1:media_stream_manager.cc(1533)] MSPL::OnSpeedLimitChange({this=000063AC0232AD40}, {new_limit=58})
[88664:77012:0924/220443.176:VERBOSE1:media_stream_manager.cc(1533)] MSPL::OnSpeedLimitChange({this=000063AC0232AD40}, {new_limit=56})
[88664:77012:0924/220444.178:VERBOSE1:media_stream_manager.cc(1533)] MSPL::OnSpeedLimitChange({this=000063AC0232AD40}, {new_limit=53})
[88664:77012:0924/220445.175:VERBOSE1:media_stream_manager.cc(1533)] MSPL::OnSpeedLimitChange({this=000063AC0232AD40}, {new_limit=52})
[88664:77012:0924/220446.188:VERBOSE1:media_stream_manager.cc(1533)] MSPL::OnSpeedLimitChange({this=000063AC0232AD40}, {new_limit=51})
[88664:77012:0924/220447.176:VERBOSE1:media_stream_manager.cc(1533)] MSPL::OnSpeedLimitChange({this=000063AC0232AD40}, {new_limit=46})
[88664:77012:0924/220448.188:VERBOSE1:media_stream_manager.cc(1533)] MSPL::OnSpeedLimitChange({this=000063AC0232AD40}, {new_limit=43})
[88664:77012:0924/220449.188:VERBOSE1:media_stream_manager.cc(1533)] MSPL::OnSpeedLimitChange({this=000063AC0232AD40}, {new_limit=42})
[88664:77012:0924/220450.182:VERBOSE1:media_stream_manager.cc(1533)] MSPL::OnSpeedLimitChange({this=000063AC0232AD40}, {new_limit=41})
[88664:77012:0924/220451.189:VERBOSE1:media_stream_manager.cc(1533)] MSPL::OnSpeedLimitChange({this=000063AC0232AD40}, {new_limit=42})
[88664:77012:0924/220453.180:VERBOSE1:media_stream_manager.cc(1533)] MSPL::OnSpeedLimitChange({this=000063AC0232AD40}, {new_limit=41})
[88664:77012:0924/220454.185:VERBOSE1:media_stream_manager.cc(1533)] MSPL::OnSpeedLimitChange({this=000063AC0232AD40}, {new_limit=43})
[88664:77012:0924/220455.203:VERBOSE1:media_stream_manager.cc(1533)] MSPL::OnSpeedLimitChange({this=000063AC0232AD40}, {new_limit=41})
[88664:77012:0924/220456.194:VERBOSE1:media_stream_manager.cc(1533)] MSPL::OnSpeedLimitChange({this=000063AC0232AD40}, {new_limit=40})
[88664:77012:0924/220457.196:VERBOSE1:media_stream_manager.cc(1533)] MSPL::OnSpeedLimitChange({this=000063AC0232AD40}, {new_limit=42})
[88664:77012:0924/220458.188:VERBOSE1:media_stream_manager.cc(1533)] MSPL::OnSpeedLimitChange({this=000063AC0232AD40}, {new_limit=41})
[88664:77012:0924/220501.194:VERBOSE1:media_stream_manager.cc(1533)] MSPL::OnSpeedLimitChange({this=000063AC0232AD40}, {new_limit=39})
[88664:77012:0924/220503.196:VERBOSE1:media_stream_manager.cc(1533)] MSPL::OnSpeedLimitChange({this=000063AC0232AD40}, {new_limit=40})
[88664:77012:0924/220504.185:VERBOSE1:media_stream_manager.cc(1533)] MSPL::OnSpeedLimitChange({this=000063AC0232AD40}, {new_limit=39})
[88664:77012:0924/220506.193:VERBOSE1:media_stream_manager.cc(1533)] MSPL::OnSpeedLimitChange({this=000063AC0232AD40}, {new_limit=40})
[88664:77012:0924/220507.190:VERBOSE1:media_stream_manager.cc(1533)] MSPL::OnSpeedLimitChange({this=000063AC0232AD40}, {new_limit=39})
[88664:77012:0924/220508.204:VERBOSE1:media_stream_manager.cc(1533)] MSPL::OnSpeedLimitChange({this=000063AC0232AD40}, {new_limit=38})
[88664:77012:0924/220509.196:VERBOSE1:media_stream_manager.cc(1533)] MSPL::OnSpeedLimitChange({this=000063AC0232AD40}, {new_limit=39})
[88664:77012:0924/220511.275:VERBOSE1:media_stream_manager.cc(1533)] MSPL::OnSpeedLimitChange({this=000063AC0232AD40}, {new_limit=43})
[88664:77012:0924/220512.221:VERBOSE1:media_stream_manager.cc(1533)] MSPL::OnSpeedLimitChange({this=000063AC0232AD40}, {new_limit=44})
[88664:77012:0924/220513.211:VERBOSE1:media_stream_manager.cc(1533)] MSPL::OnSpeedLimitChange({this=000063AC0232AD40}, {new_limit=45})
[88664:77012:0924/220514.207:VERBOSE1:media_stream_manager.cc(1533)] MSPL::OnSpeedLimitChange({this=000063AC0232AD40}, {new_limit=47})
[88664:77012:0924/220515.195:VERBOSE1:media_stream_manager.cc(1533)] MSPL::OnSpeedLimitChange({this=000063AC0232AD40}, {new_limit=48})
[88664:77012:0924/220516.205:VERBOSE1:media_stream_manager.cc(1533)] MSPL::OnSpeedLimitChange({this=000063AC0232AD40}, {new_limit=49})
[88664:77012:0924/220517.203:VERBOSE1:media_stream_manager.cc(1533)] MSPL::OnSpeedLimitChange({this=000063AC0232AD40}, {new_limit=50})
[88664:77012:0924/220518.207:VERBOSE1:media_stream_manager.cc(1533)] MSPL::OnSpeedLimitChange({this=000063AC0232AD40}, {new_limit=52})
[88664:77012:0924/220519.200:VERBOSE1:media_stream_manager.cc(1533)] MSPL::OnSpeedLimitChange({this=000063AC0232AD40}, {new_limit=53})
[88664:77012:0924/220520.204:VERBOSE1:media_stream_manager.cc(1533)] MSPL::OnSpeedLimitChange({this=000063AC0232AD40}, {new_limit=55})
[88664:77012:0924/220521.205:VERBOSE1:media_stream_manager.cc(1533)] MSPL::OnSpeedLimitChange({this=000063AC0232AD40}, {new_limit=53})
[88664:77012:0924/220523.210:VERBOSE1:media_stream_manager.cc(1533)] MSPL::OnSpeedLimitChange({this=000063AC0232AD40}, {new_limit=52})
[88664:77012:0924/220524.200:VERBOSE1:media_stream_manager.cc(1533)] MSPL::OnSpeedLimitChange({this=000063AC0232AD40}, {new_limit=51})
[88664:77012:0924/220526.212:VERBOSE1:media_stream_manager.cc(1533)] MSPL::OnSpeedLimitChange({this=000063AC0232AD40}, {new_limit=50})
[88664:77012:0924/220529.203:VERBOSE1:media_stream_manager.cc(1533)] MSPL::OnSpeedLimitChange({this=000063AC0232AD40}, {new_limit=49})
[88664:77012:0924/220531.211:VERBOSE1:media_stream_manager.cc(1533)] MSPL::OnSpeedLimitChange({this=000063AC0232AD40}, {new_limit=50})
[88664:77012:0924/220532.208:VERBOSE1:media_stream_manager.cc(1533)] MSPL::OnSpeedLimitChange({this=000063AC0232AD40}, {new_limit=49})
[88664:77012:0924/220534.215:VERBOSE1:media_stream_manager.cc(1533)] MSPL::OnSpeedLimitChange({this=000063AC0232AD40}, {new_limit=50})
[88664:77012:0924/220536.224:VERBOSE1:media_stream_manager.cc(1533)] MSPL::OnSpeedLimitChange({this=000063AC0232AD40}, {new_limit=52})
[88664:77012:0924/220537.214:VERBOSE1:media_stream_manager.cc(1533)] MSPL::OnSpeedLimitChange({this=000063AC0232AD40}, {new_limit=51})
[88664:77012:0924/220538.231:VERBOSE1:media_stream_manager.cc(1533)] MSPL::OnSpeedLimitChange({this=000063AC0232AD40}, {new_limit=52})
[88664:77012:0924/220540.220:VERBOSE1:media_stream_manager.cc(1533)] MSPL::OnSpeedLimitChange({this=000063AC0232AD40}, {new_limit=51})
[88664:77012:0924/220543.222:VERBOSE1:media_stream_manager.cc(1533)] MSPL::OnSpeedLimitChange({this=000063AC0232AD40}, {new_limit=52})
[88664:77012:0924/220544.236:VERBOSE1:media_stream_manager.cc(1533)] MSPL::OnSpeedLimitChange({this=000063AC0232AD40}, {new_limit=53})
[88664:77012:0924/220545.235:VERBOSE1:media_stream_manager.cc(1533)] MSPL::OnSpeedLimitChange({this=000063AC0232AD40}, {new_limit=52})
[88664:77012:0924/220546.225:VERBOSE1:media_stream_manager.cc(1533)] MSPL::OnSpeedLimitChange({this=000063AC0232AD40}, {new_limit=51})
[88664:77012:0924/220547.227:VERBOSE1:media_stream_manager.cc(1533)] MSPL::OnSpeedLimitChange({this=000063AC0232AD40}, {new_limit=53})
[88664:77012:0924/220548.226:VERBOSE1:media_stream_manager.cc(1533)] MSPL::OnSpeedLimitChange({this=000063AC0232AD40}, {new_limit=50})
[88664:77012:0924/220550.234:VERBOSE1:media_stream_manager.cc(1533)] MSPL::OnSpeedLimitChange({this=000063AC0232AD40}, {new_limit=49})
[88664:77012:0924/220551.222:VERBOSE1:media_stream_manager.cc(1533)] MSPL::OnSpeedLimitChange({this=000063AC0232AD40}, {new_limit=47})
[88664:77012:0924/220555.226:VERBOSE1:media_stream_manager.cc(1533)] MSPL::OnSpeedLimitChange({this=000063AC0232AD40}, {new_limit=46})
[88664:77012:0924/220556.235:VERBOSE1:media_stream_manager.cc(1533)] MSPL::OnSpeedLimitChange({this=000063AC0232AD40}, {new_limit=45})
[88664:77012:0924/220558.234:VERBOSE1:media_stream_manager.cc(1533)] MSPL::OnSpeedLimitChange({this=000063AC0232AD40}, {new_limit=47})
[88664:77012:0924/220601.236:VERBOSE1:media_stream_manager.cc(1533)] MSPL::OnSpeedLimitChange({this=000063AC0232AD40}, {new_limit=48})
[88664:77012:0924/220602.237:VERBOSE1:media_stream_manager.cc(1533)] MSPL::OnSpeedLimitChange({this=000063AC0232AD40}, {new_limit=47})
[88664:77012:0924/220604.249:VERBOSE1:media_stream_manager.cc(1533)] MSPL::OnSpeedLimitChange({this=000063AC0232AD40}, {new_limit=48})
[88664:77012:0924/220605.242:VERBOSE1:media_stream_manager.cc(1533)] MSPL::OnSpeedLimitChange({this=000063AC0232AD40}, {new_limit=49})
[88664:77012:0924/220606.248:VERBOSE1:media_stream_manager.cc(1533)] MSPL::OnSpeedLimitChange({this=000063AC0232AD40}, {new_limit=50})
[88664:77012:0924/220608.256:VERBOSE1:media_stream_manager.cc(1533)] MSPL::OnSpeedLimitChange({this=000063AC0232AD40}, {new_limit=51})
[88664:77012:0924/220610.243:VERBOSE1:media_stream_manager.cc(1533)] MSPL::OnSpeedLimitChange({this=000063AC0232AD40}, {new_limit=53})
[88664:77012:0924/220612.260:VERBOSE1:media_stream_manager.cc(1533)] MSPL::OnSpeedLimitChange({this=000063AC0232AD40}, {new_limit=54})
[88664:77012:0924/220613.261:VERBOSE1:media_stream_manager.cc(1533)] MSPL::OnSpeedLimitChange({this=000063AC0232AD40}, {new_limit=53})
[88664:77012:0924/220614.264:VERBOSE1:media_stream_manager.cc(1533)] MSPL::OnSpeedLimitChange({this=000063AC0232AD40}, {new_limit=52})
[88664:77012:0924/220615.254:VERBOSE1:media_stream_manager.cc(1533)] MSPL::OnSpeedLimitChange({this=000063AC0232AD40}, {new_limit=51})
[88664:77012:0924/220616.244:VERBOSE1:media_stream_manager.cc(1533)] MSPL::OnSpeedLimitChange({this=000063AC0232AD40}, {new_limit=52})
[88664:77012:0924/220617.265:VERBOSE1:media_stream_manager.cc(1533)] MSPL::OnSpeedLimitChange({this=000063AC0232AD40}, {new_limit=51})
[88664:77012:0924/220618.265:VERBOSE1:media_stream_manager.cc(1533)] MSPL::OnSpeedLimitChange({this=000063AC0232AD40}, {new_limit=52})
[88664:77012:0924/220621.254:VERBOSE1:media_stream_manager.cc(1533)] MSPL::OnSpeedLimitChange({this=000063AC0232AD40}, {new_limit=54})
[88664:77012:0924/220622.259:VERBOSE1:media_stream_manager.cc(1533)] MSPL::OnSpeedLimitChange({this=000063AC0232AD40}, {new_limit=53})
[88664:77012:0924/220623.250:VERBOSE1:media_stream_manager.cc(1533)] MSPL::OnSpeedLimitChange({this=000063AC0232AD40}, {new_limit=54})
[88664:77012:0924/220625.254:VERBOSE1:media_stream_manager.cc(1533)] MSPL::OnSpeedLimitChange({this=000063AC0232AD40}, {new_limit=55})
[88664:77012:0924/220626.253:VERBOSE1:media_stream_manager.cc(1533)] MSPL::OnSpeedLimitChange({this=000063AC0232AD40}, {new_limit=54})
[88664:77012:0924/220630.261:VERBOSE1:media_stream_manager.cc(1533)] MSPL::OnSpeedLimitChange({this=000063AC0232AD40}, {new_limit=53})
[88664:77012:0924/220631.261:VERBOSE1:media_stream_manager.cc(1533)] MSPL::OnSpeedLimitChange({this=000063AC0232AD40}, {new_limit=52})
[88664:77012:0924/220632.258:VERBOSE1:media_stream_manager.cc(1533)] MSPL::OnSpeedLimitChange({this=000063AC0232AD40}, {new_limit=53})
[88664:77012:0924/220633.276:VERBOSE1:media_stream_manager.cc(1533)] MSPL::OnSpeedLimitChange({this=000063AC0232AD40}, {new_limit=51})
[88664:77012:0924/220634.256:VERBOSE1:media_stream_manager.cc(1533)] MSPL::OnSpeedLimitChange({this=000063AC0232AD40}, {new_limit=52})
[88664:77012:0924/220635.267:VERBOSE1:media_stream_manager.cc(1533)] MSPL::OnSpeedLimitChange({this=000063AC0232AD40}, {new_limit=51})
[88664:77012:0924/220637.278:VERBOSE1:media_stream_manager.cc(1533)] MSPL::OnSpeedLimitChange({this=000063AC0232AD40}, {new_limit=50})
[88664:77012:0924/220639.267:VERBOSE1:media_stream_manager.cc(1533)] MSPL::OnSpeedLimitChange({this=000063AC0232AD40}, {new_limit=47})
[88664:77012:0924/220640.269:VERBOSE1:media_stream_manager.cc(1533)] MSPL::OnSpeedLimitChange({this=000063AC0232AD40}, {new_limit=46})
[88664:77012:0924/220641.281:VERBOSE1:media_stream_manager.cc(1533)] MSPL::OnSpeedLimitChange({this=000063AC0232AD40}, {new_limit=45})
[88664:77012:0924/220642.264:VERBOSE1:media_stream_manager.cc(1533)] MSPL::OnSpeedLimitChange({this=000063AC0232AD40}, {new_limit=44})
[88664:77012:0924/220643.280:VERBOSE1:media_stream_manager.cc(1533)] MSPL::OnSpeedLimitChange({this=000063AC0232AD40}, {new_limit=45})
[88664:77012:0924/220644.277:VERBOSE1:media_stream_manager.cc(1533)] MSPL::OnSpeedLimitChange({this=000063AC0232AD40}, {new_limit=43})
[88664:77012:0924/220645.271:VERBOSE1:media_stream_manager.cc(1533)] MSPL::OnSpeedLimitChange({this=000063AC0232AD40}, {new_limit=42})
[88664:88556:0924/220645.276:WARNING:page_discarding_helper.cc(138)] Discarding multiple pages with target (kb): 0
[88664:77012:0924/220646.285:VERBOSE1:media_stream_manager.cc(1533)] MSPL::OnSpeedLimitChange({this=000063AC0232AD40}, {new_limit=40})
[88664:77012:0924/220647.273:VERBOSE1:media_stream_manager.cc(1533)] MSPL::OnSpeedLimitChange({this=000063AC0232AD40}, {new_limit=41})
[88664:77012:0924/220648.283:VERBOSE1:media_stream_manager.cc(1533)] MSPL::OnSpeedLimitChange({this=000063AC0232AD40}, {new_limit=40})
[88664:77012:0924/220649.277:VERBOSE1:media_stream_manager.cc(1533)] MSPL::OnSpeedLimitChange({this=000063AC0232AD40}, {new_limit=41})
[88664:77012:0924/220650.284:VERBOSE1:media_stream_manager.cc(1533)] MSPL::OnSpeedLimitChange({this=000063AC0232AD40}, {new_limit=43})
[88664:77012:0924/220652.273:VERBOSE1:media_stream_manager.cc(1533)] MSPL::OnSpeedLimitChange({this=000063AC0232AD40}, {new_limit=44})
[88664:77012:0924/220653.376:VERBOSE1:media_stream_manager.cc(1533)] MSPL::OnSpeedLimitChange({this=000063AC0232AD40}, {new_limit=48})
[88664:77012:0924/220655.287:VERBOSE1:media_stream_manager.cc(1533)] MSPL::OnSpeedLimitChange({this=000063AC0232AD40}, {new_limit=51})
[88664:77012:0924/220657.302:VERBOSE1:media_stream_manager.cc(1533)] MSPL::OnSpeedLimitChange({this=000063AC0232AD40}, {new_limit=49})
[88664:77012:0924/220658.280:VERBOSE1:media_stream_manager.cc(1533)] MSPL::OnSpeedLimitChange({this=000063AC0232AD40}, {new_limit=50})
[88664:77012:0924/220659.287:VERBOSE1:media_stream_manager.cc(1533)] MSPL::OnSpeedLimitChange({this=000063AC0232AD40}, {new_limit=51})
[88664:77012:0924/220700.274:VERBOSE1:media_stream_manager.cc(1533)] MSPL::OnSpeedLimitChange({this=000063AC0232AD40}, {new_limit=50})
[88664:77012:0924/220702.293:VERBOSE1:media_stream_manager.cc(1533)] MSPL::OnSpeedLimitChange({this=000063AC0232AD40}, {new_limit=49})
[88664:77012:0924/220703.290:VERBOSE1:media_stream_manager.cc(1533)] MSPL::OnSpeedLimitChange({this=000063AC0232AD40}, {new_limit=46})
[88664:77012:0924/220706.298:VERBOSE1:media_stream_manager.cc(1533)] MSPL::OnSpeedLimitChange({this=000063AC0232AD40}, {new_limit=47})
[88664:77012:0924/220713.302:VERBOSE1:media_stream_manager.cc(1533)] MSPL::OnSpeedLimitChange({this=000063AC0232AD40}, {new_limit=46})
[88664:77012:0924/220714.294:VERBOSE1:media_stream_manager.cc(1533)] MSPL::OnSpeedLimitChange({this=000063AC0232AD40}, {new_limit=47})
[88664:77012:0924/220715.300:VERBOSE1:media_stream_manager.cc(1533)] MSPL::OnSpeedLimitChange({this=000063AC0232AD40}, {new_limit=46})
[88664:77012:0924/220716.303:VERBOSE1:media_stream_manager.cc(1533)] MSPL::OnSpeedLimitChange({this=000063AC0232AD40}, {new_limit=45})
[88664:77012:0924/220718.293:VERBOSE1:media_stream_manager.cc(1533)] MSPL::OnSpeedLimitChange({this=000063AC0232AD40}, {new_limit=43})
[88664:77012:0924/220719.318:VERBOSE1:media_stream_manager.cc(1533)] MSPL::OnSpeedLimitChange({this=000063AC0232AD40}, {new_limit=41})
[88664:77012:0924/220721.297:VERBOSE1:media_stream_manager.cc(1533)] MSPL::OnSpeedLimitChange({this=000063AC0232AD40}, {new_limit=40})
[88664:77012:0924/220722.313:VERBOSE1:media_stream_manager.cc(1533)] MSPL::OnSpeedLimitChange({this=000063AC0232AD40}, {new_limit=39})
[88664:77012:0924/220723.306:VERBOSE1:media_stream_manager.cc(1533)] MSPL::OnSpeedLimitChange({this=000063AC0232AD40}, {new_limit=38})
[88664:77012:0924/220725.297:VERBOSE1:media_stream_manager.cc(1533)] MSPL::OnSpeedLimitChange({this=000063AC0232AD40}, {new_limit=36})
[88664:77012:0924/220727.313:VERBOSE1:media_stream_manager.cc(1533)] MSPL::OnSpeedLimitChange({this=000063AC0232AD40}, {new_limit=37})
[88664:77012:0924/220729.316:VERBOSE1:media_stream_manager.cc(1533)] MSPL::OnSpeedLimitChange({this=000063AC0232AD40}, {new_limit=38})
[88664:77012:0924/220731.312:VERBOSE1:media_stream_manager.cc(1533)] MSPL::OnSpeedLimitChange({this=000063AC0232AD40}, {new_limit=39})
[88664:77012:0924/220735.304:VERBOSE1:media_stream_manager.cc(1533)] MSPL::OnSpeedLimitChange({this=000063AC0232AD40}, {new_limit=41})
[88664:77012:0924/220738.309:VERBOSE1:media_stream_manager.cc(1533)] MSPL::OnSpeedLimitChange({this=000063AC0232AD40}, {new_limit=42})
[88664:77012:0924/220740.319:VERBOSE1:media_stream_manager.cc(1533)] MSPL::OnSpeedLimitChange({this=000063AC0232AD40}, {new_limit=41})
[88664:77012:0924/220743.321:VERBOSE1:media_stream_manager.cc(1533)] MSPL::OnSpeedLimitChange({this=000063AC0232AD40}, {new_limit=43})
[88664:77012:0924/220745.325:VERBOSE1:media_stream_manager.cc(1533)] MSPL::OnSpeedLimitChange({this=000063AC0232AD40}, {new_limit=42})
[88664:77012:0924/220747.326:VERBOSE1:media_stream_manager.cc(1533)] MSPL::OnSpeedLimitChange({this=000063AC0232AD40}, {new_limit=43})
[88664:77012:0924/220748.323:VERBOSE1:media_stream_manager.cc(1533)] MSPL::OnSpeedLimitChange({this=000063AC0232AD40}, {new_limit=41})
[88664:77012:0924/220749.314:VERBOSE1:media_stream_manager.cc(1533)] MSPL::OnSpeedLimitChange({this=000063AC0232AD40}, {new_limit=43})
[88664:77012:0924/220750.331:VERBOSE1:media_stream_manager.cc(1533)] MSPL::OnSpeedLimitChange({this=000063AC0232AD40}, {new_limit=46})
[88664:77012:0924/220751.315:VERBOSE1:media_stream_manager.cc(1533)] MSPL::OnSpeedLimitChange({this=000063AC0232AD40}, {new_limit=45})
[88664:77012:0924/220753.317:VERBOSE1:media_stream_manager.cc(1533)] MSPL::OnSpeedLimitChange({this=000063AC0232AD40}, {new_limit=46})
[88664:77012:0924/220754.322:VERBOSE1:media_stream_manager.cc(1533)] MSPL::OnSpeedLimitChange({this=000063AC0232AD40}, {new_limit=47})
[88664:77012:0924/220756.326:VERBOSE1:media_stream_manager.cc(1533)] MSPL::OnSpeedLimitChange({this=000063AC0232AD40}, {new_limit=49})
[88664:77012:0924/220757.337:VERBOSE1:media_stream_manager.cc(1533)] MSPL::OnSpeedLimitChange({this=000063AC0232AD40}, {new_limit=50})
[88664:77012:0924/220758.342:VERBOSE1:media_stream_manager.cc(1533)] MSPL::OnSpeedLimitChange({this=000063AC0232AD40}, {new_limit=51})
[88664:77012:0924/220800.329:VERBOSE1:media_stream_manager.cc(1533)] MSPL::OnSpeedLimitChange({this=000063AC0232AD40}, {new_limit=50})
[88664:77012:0924/220803.342:VERBOSE1:media_stream_manager.cc(1533)] MSPL::OnSpeedLimitChange({this=000063AC0232AD40}, {new_limit=51})
[88664:77012:0924/220804.330:VERBOSE1:media_stream_manager.cc(1533)] MSPL::OnSpeedLimitChange({this=000063AC0232AD40}, {new_limit=50})
[88664:77012:0924/220805.333:VERBOSE1:media_stream_manager.cc(1533)] MSPL::OnSpeedLimitChange({this=000063AC0232AD40}, {new_limit=51})
[88664:77012:0924/220806.338:VERBOSE1:media_stream_manager.cc(1533)] MSPL::OnSpeedLimitChange({this=000063AC0232AD40}, {new_limit=52})
[88664:77012:0924/220807.334:VERBOSE1:media_stream_manager.cc(1533)] MSPL::OnSpeedLimitChange({this=000063AC0232AD40}, {new_limit=53})
[88664:77012:0924/220810.345:VERBOSE1:media_stream_manager.cc(1533)] MSPL::OnSpeedLimitChange({this=000063AC0232AD40}, {new_limit=54})
[88664:77012:0924/220813.348:VERBOSE1:media_stream_manager.cc(1533)] MSPL::OnSpeedLimitChange({this=000063AC0232AD40}, {new_limit=52})
[88664:77012:0924/220814.340:VERBOSE1:media_stream_manager.cc(1533)] MSPL::OnSpeedLimitChange({this=000063AC0232AD40}, {new_limit=51})
[88664:77012:0924/220815.343:VERBOSE1:media_stream_manager.cc(1533)] MSPL::OnSpeedLimitChange({this=000063AC0232AD40}, {new_limit=50})
[88664:77012:0924/220816.341:VERBOSE1:media_stream_manager.cc(1533)] MSPL::OnSpeedLimitChange({this=000063AC0232AD40}, {new_limit=49})
[88664:77012:0924/220817.341:VERBOSE1:media_stream_manager.cc(1533)] MSPL::OnSpeedLimitChange({this=000063AC0232AD40}, {new_limit=47})
[88664:77012:0924/220820.345:VERBOSE1:media_stream_manager.cc(1533)] MSPL::OnSpeedLimitChange({this=000063AC0232AD40}, {new_limit=46})
[88664:77012:0924/220821.349:VERBOSE1:media_stream_manager.cc(1533)] MSPL::OnSpeedLimitChange({this=000063AC0232AD40}, {new_limit=48})
[88664:77012:0924/220822.360:VERBOSE1:media_stream_manager.cc(1533)] MSPL::OnSpeedLimitChange({this=000063AC0232AD40}, {new_limit=47})
[88664:77012:0924/220825.358:VERBOSE1:media_stream_manager.cc(1533)] MSPL::OnSpeedLimitChange({this=000063AC0232AD40}, {new_limit=48})
[88664:77012:0924/220828.354:VERBOSE1:media_stream_manager.cc(1533)] MSPL::OnSpeedLimitChange({this=000063AC0232AD40}, {new_limit=49})
[88664:77012:0924/220830.356:VERBOSE1:media_stream_manager.cc(1533)] MSPL::OnSpeedLimitChange({this=000063AC0232AD40}, {new_limit=50})
[88664:77012:0924/220831.359:VERBOSE1:media_stream_manager.cc(1533)] MSPL::OnSpeedLimitChange({this=000063AC0232AD40}, {new_limit=49})
[88664:77012:0924/220832.350:VERBOSE1:media_stream_manager.cc(1533)] MSPL::OnSpeedLimitChange({this=000063AC0232AD40}, {new_limit=51})
[88664:77012:0924/220833.357:VERBOSE1:media_stream_manager.cc(1533)] MSPL::OnSpeedLimitChange({this=000063AC0232AD40}, {new_limit=52})
[88664:77012:0924/220834.366:VERBOSE1:media_stream_manager.cc(1533)] MSPL::OnSpeedLimitChange({this=000063AC0232AD40}, {new_limit=53})
[88664:77012:0924/220835.369:VERBOSE1:media_stream_manager.cc(1533)] MSPL::OnSpeedLimitChange({this=000063AC0232AD40}, {new_limit=54})
[88664:77012:0924/220836.367:VERBOSE1:media_stream_manager.cc(1533)] MSPL::OnSpeedLimitChange({this=000063AC0232AD40}, {new_limit=55})
[88664:77012:0924/220837.369:VERBOSE1:media_stream_manager.cc(1533)] MSPL::OnSpeedLimitChange({this=000063AC0232AD40}, {new_limit=56})
[88664:77012:0924/220838.371:VERBOSE1:media_stream_manager.cc(1533)] MSPL::OnSpeedLimitChange({this=000063AC0232AD40}, {new_limit=54})
[88664:77012:0924/220839.360:VERBOSE1:media_stream_manager.cc(1533)] MSPL::OnSpeedLimitChange({this=000063AC0232AD40}, {new_limit=55})
[88664:77012:0924/220840.370:VERBOSE1:media_stream_manager.cc(1533)] MSPL::OnSpeedLimitChange({this=000063AC0232AD40}, {new_limit=54})
[88664:77012:0924/220842.364:VERBOSE1:media_stream_manager.cc(1533)] MSPL::OnSpeedLimitChange({this=000063AC0232AD40}, {new_limit=55})
[88664:77012:0924/220845.381:VERBOSE1:media_stream_manager.cc(1533)] MSPL::OnSpeedLimitChange({this=000063AC0232AD40}, {new_limit=54})
[88664:77012:0924/220847.372:VERBOSE1:media_stream_manager.cc(1533)] MSPL::OnSpeedLimitChange({this=000063AC0232AD40}, {new_limit=53})
[88664:77012:0924/220848.370:VERBOSE1:media_stream_manager.cc(1533)] MSPL::OnSpeedLimitChange({this=000063AC0232AD40}, {new_limit=55})
[88664:77012:0924/220849.367:VERBOSE1:media_stream_manager.cc(1533)] MSPL::OnSpeedLimitChange({this=000063AC0232AD40}, {new_limit=54})
[88664:77012:0924/220854.385:VERBOSE1:media_stream_manager.cc(1533)] MSPL::OnSpeedLimitChange({this=000063AC0232AD40}, {new_limit=53})
[88664:77012:0924/220855.386:VERBOSE1:media_stream_manager.cc(1533)] MSPL::OnSpeedLimitChange({this=000063AC0232AD40}, {new_limit=52})
[88664:77012:0924/220901.395:VERBOSE1:media_stream_manager.cc(1533)] MSPL::OnSpeedLimitChange({this=000063AC0232AD40}, {new_limit=51})
[88664:77012:0924/220904.396:VERBOSE1:media_stream_manager.cc(1533)] MSPL::OnSpeedLimitChange({this=000063AC0232AD40}, {new_limit=52})
[88664:77012:0924/220905.389:VERBOSE1:media_stream_manager.cc(1533)] MSPL::OnSpeedLimitChange({this=000063AC0232AD40}, {new_limit=53})
[88664:77012:0924/220906.394:VERBOSE1:media_stream_manager.cc(1533)] MSPL::OnSpeedLimitChange({this=000063AC0232AD40}, {new_limit=52})
[88664:77012:0924/220907.382:VERBOSE1:media_stream_manager.cc(1533)] MSPL::OnSpeedLimitChange({this=000063AC0232AD40}, {new_limit=53})
[88664:77012:0924/220909.391:VERBOSE1:media_stream_manager.cc(1533)] MSPL::OnSpeedLimitChange({this=000063AC0232AD40}, {new_limit=52})
[88664:77012:0924/220910.395:VERBOSE1:media_stream_manager.cc(1533)] MSPL::OnSpeedLimitChange({this=000063AC0232AD40}, {new_limit=51})
[88664:77012:0924/220912.639:VERBOSE1:media_stream_manager.cc(1533)] MSPL::OnSpeedLimitChange({this=000063AC0232AD40}, {new_limit=54})
[88664:77012:0924/220912.639:VERBOSE1:media_stream_manager.cc(1533)] MSPL::OnSpeedLimitChange({this=000063AC0232AD40}, {new_limit=56})
[88664:77012:0924/220916.395:VERBOSE1:media_stream_manager.cc(1533)] MSPL::OnSpeedLimitChange({this=000063AC0232AD40}, {new_limit=58})
[88664:77012:0924/220918.395:VERBOSE1:media_stream_manager.cc(1533)] MSPL::OnSpeedLimitChange({this=000063AC0232AD40}, {new_limit=59})
[88664:77012:0924/220919.390:VERBOSE1:media_stream_manager.cc(1533)] MSPL::OnSpeedLimitChange({this=000063AC0232AD40}, {new_limit=61})
[88664:77012:0924/220920.393:VERBOSE1:media_stream_manager.cc(1533)] MSPL::OnSpeedLimitChange({this=000063AC0232AD40}, {new_limit=62})
[88664:77012:0924/220921.405:VERBOSE1:media_stream_manager.cc(1533)] MSPL::OnSpeedLimitChange({this=000063AC0232AD40}, {new_limit=61})
[88664:77012:0924/220922.397:VERBOSE1:media_stream_manager.cc(1533)] MSPL::OnSpeedLimitChange({this=000063AC0232AD40}, {new_limit=59})
[88664:77012:0924/220923.405:VERBOSE1:media_stream_manager.cc(1533)] MSPL::OnSpeedLimitChange({this=000063AC0232AD40}, {new_limit=60})
[88664:77012:0924/220924.391:VERBOSE1:media_stream_manager.cc(1533)] MSPL::OnSpeedLimitChange({this=000063AC0232AD40}, {new_limit=61})
[88664:77012:0924/220925.391:VERBOSE1:media_stream_manager.cc(1533)] MSPL::OnSpeedLimitChange({this=000063AC0232AD40}, {new_limit=60})
[88664:77012:0924/220926.622:VERBOSE1:media_stream_manager.cc(1533)] MSPL::OnSpeedLimitChange({this=000063AC0232AD40}, {new_limit=61})
[88664:77012:0924/220927.442:VERBOSE1:media_stream_manager.cc(1533)] MSPL::OnSpeedLimitChange({this=000063AC0232AD40}, {new_limit=58})
[88664:77012:0924/220931.412:VERBOSE1:media_stream_manager.cc(1533)] MSPL::OnSpeedLimitChange({this=000063AC0232AD40}, {new_limit=59})
[88664:77012:0924/220933.409:VERBOSE1:media_stream_manager.cc(1533)] MSPL::OnSpeedLimitChange({this=000063AC0232AD40}, {new_limit=58})
[88664:77012:0924/220934.487:VERBOSE1:media_stream_manager.cc(1533)] MSPL::OnSpeedLimitChange({this=000063AC0232AD40}, {new_limit=59})
[88664:77012:0924/220935.440:VERBOSE1:media_stream_manager.cc(1533)] MSPL::OnSpeedLimitChange({this=000063AC0232AD40}, {new_limit=61})
[88664:77012:0924/220936.413:VERBOSE1:media_stream_manager.cc(1533)] MSPL::OnSpeedLimitChange({this=000063AC0232AD40}, {new_limit=60})
[88664:77012:0924/220937.408:VERBOSE1:media_stream_manager.cc(1533)] MSPL::OnSpeedLimitChange({this=000063AC0232AD40}, {new_limit=62})
[88664:77012:0924/220942.421:VERBOSE1:media_stream_manager.cc(1533)] MSPL::OnSpeedLimitChange({this=000063AC0232AD40}, {new_limit=63})
[88664:77012:0924/220944.404:VERBOSE1:media_stream_manager.cc(1533)] MSPL::OnSpeedLimitChange({this=000063AC0232AD40}, {new_limit=61})
[88664:77012:0924/220946.413:VERBOSE1:media_stream_manager.cc(1533)] MSPL::OnSpeedLimitChange({this=000063AC0232AD40}, {new_limit=60})
[88664:77012:0924/220949.420:VERBOSE1:media_stream_manager.cc(1533)] MSPL::OnSpeedLimitChange({this=000063AC0232AD40}, {new_limit=61})
[88664:77012:0924/220952.425:VERBOSE1:media_stream_manager.cc(1533)] MSPL::OnSpeedLimitChange({this=000063AC0232AD40}, {new_limit=60})
[88664:77012:0924/220953.410:VERBOSE1:media_stream_manager.cc(1533)] MSPL::OnSpeedLimitChange({this=000063AC0232AD40}, {new_limit=59})
[88664:77012:0924/220956.414:VERBOSE1:media_stream_manager.cc(1533)] MSPL::OnSpeedLimitChange({this=000063AC0232AD40}, {new_limit=60})
[88664:77012:0924/220958.429:VERBOSE1:media_stream_manager.cc(1533)] MSPL::OnSpeedLimitChange({this=000063AC0232AD40}, {new_limit=59})
[88664:77012:0924/220959.415:VERBOSE1:media_stream_manager.cc(1533)] MSPL::OnSpeedLimitChange({this=000063AC0232AD40}, {new_limit=58})
[88664:77012:0924/221000.433:VERBOSE1:media_stream_manager.cc(1533)] MSPL::OnSpeedLimitChange({this=000063AC0232AD40}, {new_limit=59})
[88664:77012:0924/221001.470:VERBOSE1:media_stream_manager.cc(1533)] MSPL::OnSpeedLimitChange({this=000063AC0232AD40}, {new_limit=58})
[88664:77012:0924/221002.433:VERBOSE1:media_stream_manager.cc(1533)] MSPL::OnSpeedLimitChange({this=000063AC0232AD40}, {new_limit=59})
[88664:77012:0924/221003.430:VERBOSE1:media_stream_manager.cc(1533)] MSPL::OnSpeedLimitChange({this=000063AC0232AD40}, {new_limit=61})
[88664:77012:0924/221005.418:VERBOSE1:media_stream_manager.cc(1533)] MSPL::OnSpeedLimitChange({this=000063AC0232AD40}, {new_limit=60})
[88664:77012:0924/221006.432:VERBOSE1:media_stream_manager.cc(1533)] MSPL::OnSpeedLimitChange({this=000063AC0232AD40}, {new_limit=59})
[88664:77012:0924/221007.426:VERBOSE1:media_stream_manager.cc(1533)] MSPL::OnSpeedLimitChange({this=000063AC0232AD40}, {new_limit=60})
[88664:77012:0924/221009.440:VERBOSE1:media_stream_manager.cc(1533)] MSPL::OnSpeedLimitChange({this=000063AC0232AD40}, {new_limit=59})
[88664:77012:0924/221010.421:VERBOSE1:media_stream_manager.cc(1533)] MSPL::OnSpeedLimitChange({this=000063AC0232AD40}, {new_limit=60})
[88664:77012:0924/221011.441:VERBOSE1:media_stream_manager.cc(1533)] MSPL::OnSpeedLimitChange({this=000063AC0232AD40}, {new_limit=61})
[88664:77012:0924/221014.455:VERBOSE1:media_stream_manager.cc(1533)] MSPL::OnSpeedLimitChange({this=000063AC0232AD40}, {new_limit=63})
[88664:77012:0924/221015.436:VERBOSE1:media_stream_manager.cc(1533)] MSPL::OnSpeedLimitChange({this=000063AC0232AD40}, {new_limit=64})
[88664:77012:0924/221016.842:VERBOSE1:media_stream_manager.cc(1533)] MSPL::OnSpeedLimitChange({this=000063AC0232AD40}, {new_limit=62})
[88664:77012:0924/221018.450:VERBOSE1:media_stream_manager.cc(1533)] MSPL::OnSpeedLimitChange({this=000063AC0232AD40}, {new_limit=60})
[88664:77012:0924/221019.431:VERBOSE1:media_stream_manager.cc(1533)] MSPL::OnSpeedLimitChange({this=000063AC0232AD40}, {new_limit=58})
[88664:77012:0924/221020.440:VERBOSE1:media_stream_manager.cc(1533)] MSPL::OnSpeedLimitChange({this=000063AC0232AD40}, {new_limit=57})
[88664:77012:0924/221021.445:VERBOSE1:media_stream_manager.cc(1533)] MSPL::OnSpeedLimitChange({this=000063AC0232AD40}, {new_limit=52})
[88664:88556:0924/221021.888:WARNING:page_discarding_helper.cc(138)] Discarding multiple pages with target (kb): 0
[88664:77012:0924/221022.443:VERBOSE1:media_stream_manager.cc(1533)] MSPL::OnSpeedLimitChange({this=000063AC0232AD40}, {new_limit=49})
[88664:77012:0924/221024.445:VERBOSE1:media_stream_manager.cc(1533)] MSPL::OnSpeedLimitChange({this=000063AC0232AD40}, {new_limit=46})
[88664:77012:0924/221025.436:VERBOSE1:media_stream_manager.cc(1533)] MSPL::OnSpeedLimitChange({this=000063AC0232AD40}, {new_limit=43})
[88664:77012:0924/221026.450:VERBOSE1:media_stream_manager.cc(1533)] MSPL::OnSpeedLimitChange({this=000063AC0232AD40}, {new_limit=44})
[88664:77012:0924/221028.443:VERBOSE1:media_stream_manager.cc(1533)] MSPL::OnSpeedLimitChange({this=000063AC0232AD40}, {new_limit=45})
[88664:77012:0924/221029.437:VERBOSE1:media_stream_manager.cc(1533)] MSPL::OnSpeedLimitChange({this=000063AC0232AD40}, {new_limit=47})
[88664:77012:0924/221030.447:VERBOSE1:media_stream_manager.cc(1533)] MSPL::OnSpeedLimitChange({this=000063AC0232AD40}, {new_limit=49})
[88664:77012:0924/221031.446:VERBOSE1:media_stream_manager.cc(1533)] MSPL::OnSpeedLimitChange({this=000063AC0232AD40}, {new_limit=51})
[88664:77012:0924/221032.441:VERBOSE1:media_stream_manager.cc(1533)] MSPL::OnSpeedLimitChange({this=000063AC0232AD40}, {new_limit=53})
[88664:77012:0924/221033.450:VERBOSE1:media_stream_manager.cc(1533)] MSPL::OnSpeedLimitChange({this=000063AC0232AD40}, {new_limit=52})
[88664:77012:0924/221034.457:VERBOSE1:media_stream_manager.cc(1533)] MSPL::OnSpeedLimitChange({this=000063AC0232AD40}, {new_limit=55})
[88664:77012:0924/221035.446:VERBOSE1:media_stream_manager.cc(1533)] MSPL::OnSpeedLimitChange({this=000063AC0232AD40}, {new_limit=56})
[88664:77012:0924/221037.441:VERBOSE1:media_stream_manager.cc(1533)] MSPL::OnSpeedLimitChange({this=000063AC0232AD40}, {new_limit=55})
[88664:77012:0924/221038.442:VERBOSE1:media_stream_manager.cc(1533)] MSPL::OnSpeedLimitChange({this=000063AC0232AD40}, {new_limit=57})
[88664:77012:0924/221039.442:VERBOSE1:media_stream_manager.cc(1533)] MSPL::OnSpeedLimitChange({this=000063AC0232AD40}, {new_limit=55})
[88664:77012:0924/221042.442:VERBOSE1:media_stream_manager.cc(1533)] MSPL::OnSpeedLimitChange({this=000063AC0232AD40}, {new_limit=54})
[88664:77012:0924/221043.461:VERBOSE1:media_stream_manager.cc(1533)] MSPL::OnSpeedLimitChange({this=000063AC0232AD40}, {new_limit=55})
[88664:77012:0924/221049.456:VERBOSE1:media_stream_manager.cc(1533)] MSPL::OnSpeedLimitChange({this=000063AC0232AD40}, {new_limit=58})
[88664:77012:0924/221050.466:VERBOSE1:media_stream_manager.cc(1533)] MSPL::OnSpeedLimitChange({this=000063AC0232AD40}, {new_limit=57})
[88664:77012:0924/221051.458:VERBOSE1:media_stream_manager.cc(1533)] MSPL::OnSpeedLimitChange({this=000063AC0232AD40}, {new_limit=58})
[88664:77012:0924/221052.468:VERBOSE1:media_stream_manager.cc(1533)] MSPL::OnSpeedLimitChange({this=000063AC0232AD40}, {new_limit=59})
[88664:77012:0924/221053.456:VERBOSE1:media_stream_manager.cc(1533)] MSPL::OnSpeedLimitChange({this=000063AC0232AD40}, {new_limit=58})
[88664:77012:0924/221055.455:VERBOSE1:media_stream_manager.cc(1533)] MSPL::OnSpeedLimitChange({this=000063AC0232AD40}, {new_limit=60})
[88664:77012:0924/221057.460:VERBOSE1:media_stream_manager.cc(1533)] MSPL::OnSpeedLimitChange({this=000063AC0232AD40}, {new_limit=59})
[88664:77012:0924/221058.463:VERBOSE1:media_stream_manager.cc(1533)] MSPL::OnSpeedLimitChange({this=000063AC0232AD40}, {new_limit=58})
[88664:77012:0924/221059.462:VERBOSE1:media_stream_manager.cc(1533)] MSPL::OnSpeedLimitChange({this=000063AC0232AD40}, {new_limit=56})
[88664:77012:0924/221100.462:VERBOSE1:media_stream_manager.cc(1533)] MSPL::OnSpeedLimitChange({this=000063AC0232AD40}, {new_limit=57})
[88664:77012:0924/221101.473:VERBOSE1:media_stream_manager.cc(1533)] MSPL::OnSpeedLimitChange({this=000063AC0232AD40}, {new_limit=56})
[88664:77012:0924/221106.465:VERBOSE1:media_stream_manager.cc(1533)] MSPL::OnSpeedLimitChange({this=000063AC0232AD40}, {new_limit=55})
[88664:77012:0924/221111.751:VERBOSE1:media_stream_manager.cc(1533)] MSPL::OnSpeedLimitChange({this=000063AC0232AD40}, {new_limit=58})
[88664:77012:0924/221111.752:VERBOSE1:media_stream_manager.cc(1533)] MSPL::OnSpeedLimitChange({this=000063AC0232AD40}, {new_limit=61})
[88664:77012:0924/221111.752:VERBOSE1:media_stream_manager.cc(1533)] MSPL::OnSpeedLimitChange({this=000063AC0232AD40}, {new_limit=63})
[88664:88556:0924/221112.104:WARNING:page_discarding_helper.cc(138)] Discarding multiple pages with target (kb): 0
[88664:77012:0924/221112.476:VERBOSE1:media_stream_manager.cc(1533)] MSPL::OnSpeedLimitChange({this=000063AC0232AD40}, {new_limit=64})
[88664:77012:0924/221113.468:VERBOSE1:media_stream_manager.cc(1533)] MSPL::OnSpeedLimitChange({this=000063AC0232AD40}, {new_limit=63})
[88664:77012:0924/221115.045:VERBOSE1:media_stream_manager.cc(1533)] MSPL::OnSpeedLimitChange({this=000063AC0232AD40}, {new_limit=64})
[88664:77012:0924/221115.477:VERBOSE1:media_stream_manager.cc(1533)] MSPL::OnSpeedLimitChange({this=000063AC0232AD40}, {new_limit=62})
[88664:77012:0924/221116.482:VERBOSE1:media_stream_manager.cc(1533)] MSPL::OnSpeedLimitChange({this=000063AC0232AD40}, {new_limit=61})
[88664:77012:0924/221117.473:VERBOSE1:media_stream_manager.cc(1533)] MSPL::OnSpeedLimitChange({this=000063AC0232AD40}, {new_limit=58})
[88664:77012:0924/221118.487:VERBOSE1:media_stream_manager.cc(1533)] MSPL::OnSpeedLimitChange({this=000063AC0232AD40}, {new_limit=55})
[88664:77012:0924/221119.479:VERBOSE1:media_stream_manager.cc(1533)] MSPL::OnSpeedLimitChange({this=000063AC0232AD40}, {new_limit=50})
[88664:77012:0924/221120.476:VERBOSE1:media_stream_manager.cc(1533)] MSPL::OnSpeedLimitChange({this=000063AC0232AD40}, {new_limit=48})
[88664:77012:0924/221121.484:VERBOSE1:media_stream_manager.cc(1533)] MSPL::OnSpeedLimitChange({this=000063AC0232AD40}, {new_limit=44})
[88664:77012:0924/221122.478:VERBOSE1:media_stream_manager.cc(1533)] MSPL::OnSpeedLimitChange({this=000063AC0232AD40}, {new_limit=41})
[88664:77012:0924/221124.481:VERBOSE1:media_stream_manager.cc(1533)] MSPL::OnSpeedLimitChange({this=000063AC0232AD40}, {new_limit=37})
[88664:77012:0924/221125.496:VERBOSE1:media_stream_manager.cc(1533)] MSPL::OnSpeedLimitChange({this=000063AC0232AD40}, {new_limit=36})
[88664:77012:0924/221126.489:VERBOSE1:media_stream_manager.cc(1533)] MSPL::OnSpeedLimitChange({this=000063AC0232AD40}, {new_limit=37})
[88664:77012:0924/221129.489:VERBOSE1:media_stream_manager.cc(1533)] MSPL::OnSpeedLimitChange({this=000063AC0232AD40}, {new_limit=38})
[88664:88556:0924/221132.190:WARNING:page_discarding_helper.cc(138)] Discarding multiple pages with target (kb): 0
[88664:77012:0924/221132.485:VERBOSE1:media_stream_manager.cc(1533)] MSPL::OnSpeedLimitChange({this=000063AC0232AD40}, {new_limit=39})
[88664:88556:0924/221137.218:WARNING:page_discarding_helper.cc(138)] Discarding multiple pages with target (kb): 0
[88664:77012:0924/221137.490:VERBOSE1:media_stream_manager.cc(1533)] MSPL::OnSpeedLimitChange({this=000063AC0232AD40}, {new_limit=40})
[88664:77012:0924/221138.503:VERBOSE1:media_stream_manager.cc(1533)] MSPL::OnSpeedLimitChange({this=000063AC0232AD40}, {new_limit=42})
[88664:77012:0924/221139.503:VERBOSE1:media_stream_manager.cc(1533)] MSPL::OnSpeedLimitChange({this=000063AC0232AD40}, {new_limit=41})
[88664:77012:0924/221140.498:VERBOSE1:media_stream_manager.cc(1533)] MSPL::OnSpeedLimitChange({this=000063AC0232AD40}, {new_limit=42})
[88664:77012:0924/221141.494:VERBOSE1:media_stream_manager.cc(1533)] MSPL::OnSpeedLimitChange({this=000063AC0232AD40}, {new_limit=43})
[88664:88556:0924/221142.229:WARNING:page_discarding_helper.cc(138)] Discarding multiple pages with target (kb): 0
[88664:88556:0924/221147.266:WARNING:page_discarding_helper.cc(138)] Discarding multiple pages with target (kb): 0
[88664:77012:0924/221147.501:VERBOSE1:media_stream_manager.cc(1533)] MSPL::OnSpeedLimitChange({this=000063AC0232AD40}, {new_limit=44})
[88664:77012:0924/221148.499:VERBOSE1:media_stream_manager.cc(1533)] MSPL::OnSpeedLimitChange({this=000063AC0232AD40}, {new_limit=42})
[88664:77012:0924/221149.543:VERBOSE1:media_stream_manager.cc(1533)] MSPL::OnSpeedLimitChange({this=000063AC0232AD40}, {new_limit=45})
[88664:77012:0924/221150.512:VERBOSE1:media_stream_manager.cc(1533)] MSPL::OnSpeedLimitChange({this=000063AC0232AD40}, {new_limit=46})
[88664:77012:0924/221151.505:VERBOSE1:media_stream_manager.cc(1533)] MSPL::OnSpeedLimitChange({this=000063AC0232AD40}, {new_limit=45})
[88664:88556:0924/221152.265:WARNING:page_discarding_helper.cc(138)] Discarding multiple pages with target (kb): 0
[88664:77012:0924/221152.511:VERBOSE1:media_stream_manager.cc(1533)] MSPL::OnSpeedLimitChange({this=000063AC0232AD40}, {new_limit=43})
[88664:77012:0924/221153.517:VERBOSE1:media_stream_manager.cc(1533)] MSPL::OnSpeedLimitChange({this=000063AC0232AD40}, {new_limit=44})
[88664:77012:0924/221154.504:VERBOSE1:media_stream_manager.cc(1533)] MSPL::OnSpeedLimitChange({this=000063AC0232AD40}, {new_limit=45})
[88664:77012:0924/221155.554:VERBOSE1:media_stream_manager.cc(1533)] MSPL::OnSpeedLimitChange({this=000063AC0232AD40}, {new_limit=47})
[88664:77012:0924/221156.508:VERBOSE1:media_stream_manager.cc(1533)] MSPL::OnSpeedLimitChange({this=000063AC0232AD40}, {new_limit=48})
[88664:88556:0924/221157.317:WARNING:page_discarding_helper.cc(138)] Discarding multiple pages with target (kb): 0
[88664:77012:0924/221158.515:VERBOSE1:media_stream_manager.cc(1533)] MSPL::OnSpeedLimitChange({this=000063AC0232AD40}, {new_limit=50})
[88664:77012:0924/221159.516:VERBOSE1:media_stream_manager.cc(1533)] MSPL::OnSpeedLimitChange({this=000063AC0232AD40}, {new_limit=48})
[88664:77012:0924/221201.510:VERBOSE1:media_stream_manager.cc(1533)] MSPL::OnSpeedLimitChange({this=000063AC0232AD40}, {new_limit=49})
[88664:88556:0924/221202.362:WARNING:page_discarding_helper.cc(138)] Discarding multiple pages with target (kb): 0
[88664:77012:0924/221202.516:VERBOSE1:media_stream_manager.cc(1533)] MSPL::OnSpeedLimitChange({this=000063AC0232AD40}, {new_limit=51})
[88664:77012:0924/221203.523:VERBOSE1:media_stream_manager.cc(1533)] MSPL::OnSpeedLimitChange({this=000063AC0232AD40}, {new_limit=52})
[88664:77012:0924/221204.519:VERBOSE1:media_stream_manager.cc(1533)] MSPL::OnSpeedLimitChange({this=000063AC0232AD40}, {new_limit=53})
[88664:77012:0924/221205.512:VERBOSE1:media_stream_manager.cc(1533)] MSPL::OnSpeedLimitChange({this=000063AC0232AD40}, {new_limit=52})
[88664:77012:0924/221206.525:VERBOSE1:media_stream_manager.cc(1533)] MSPL::OnSpeedLimitChange({this=000063AC0232AD40}, {new_limit=51})
[88664:88556:0924/221207.365:WARNING:page_discarding_helper.cc(138)] Discarding multiple pages with target (kb): 0
[88664:77012:0924/221207.522:VERBOSE1:media_stream_manager.cc(1533)] MSPL::OnSpeedLimitChange({this=000063AC0232AD40}, {new_limit=52})
[88664:77012:0924/221208.531:VERBOSE1:media_stream_manager.cc(1533)] MSPL::OnSpeedLimitChange({this=000063AC0232AD40}, {new_limit=51})
[88664:77012:0924/221209.527:VERBOSE1:media_stream_manager.cc(1533)] MSPL::OnSpeedLimitChange({this=000063AC0232AD40}, {new_limit=52})
[88664:77012:0924/221210.518:VERBOSE1:media_stream_manager.cc(1533)] MSPL::OnSpeedLimitChange({this=000063AC0232AD40}, {new_limit=53})
[88664:88556:0924/221212.391:WARNING:page_discarding_helper.cc(138)] Discarding multiple pages with target (kb): 0
[88664:77012:0924/221212.528:VERBOSE1:media_stream_manager.cc(1533)] MSPL::OnSpeedLimitChange({this=000063AC0232AD40}, {new_limit=54})
[88664:77012:0924/221214.521:VERBOSE1:media_stream_manager.cc(1533)] MSPL::OnSpeedLimitChange({this=000063AC0232AD40}, {new_limit=52})
[88664:88556:0924/221217.415:WARNING:page_discarding_helper.cc(138)] Discarding multiple pages with target (kb): 0
[88664:77012:0924/221217.519:VERBOSE1:media_stream_manager.cc(1533)] MSPL::OnSpeedLimitChange({this=000063AC0232AD40}, {new_limit=51})
[88664:77012:0924/221221.524:VERBOSE1:media_stream_manager.cc(1533)] MSPL::OnSpeedLimitChange({this=000063AC0232AD40}, {new_limit=52})
[88664:88556:0924/221222.453:WARNING:page_discarding_helper.cc(138)] Discarding multiple pages with target (kb): 0
[88664:77012:0924/221222.522:VERBOSE1:media_stream_manager.cc(1533)] MSPL::OnSpeedLimitChange({this=000063AC0232AD40}, {new_limit=51})
[88664:77012:0924/221223.537:VERBOSE1:media_stream_manager.cc(1533)] MSPL::OnSpeedLimitChange({this=000063AC0232AD40}, {new_limit=50})
[88664:77012:0924/221226.538:VERBOSE1:media_stream_manager.cc(1533)] MSPL::OnSpeedLimitChange({this=000063AC0232AD40}, {new_limit=49})
[88664:88556:0924/221227.453:WARNING:page_discarding_helper.cc(138)] Discarding multiple pages with target (kb): 0
[88664:77012:0924/221228.539:VERBOSE1:media_stream_manager.cc(1533)] MSPL::OnSpeedLimitChange({this=000063AC0232AD40}, {new_limit=47})
[88664:77012:0924/221229.530:VERBOSE1:media_stream_manager.cc(1533)] MSPL::OnSpeedLimitChange({this=000063AC0232AD40}, {new_limit=45})
[88664:77012:0924/221230.530:VERBOSE1:media_stream_manager.cc(1533)] MSPL::OnSpeedLimitChange({this=000063AC0232AD40}, {new_limit=42})
[88664:77012:0924/221231.541:VERBOSE1:media_stream_manager.cc(1533)] MSPL::OnSpeedLimitChange({this=000063AC0232AD40}, {new_limit=41})
[88664:77012:0924/221233.545:VERBOSE1:media_stream_manager.cc(1533)] MSPL::OnSpeedLimitChange({this=000063AC0232AD40}, {new_limit=40})
[88664:77012:0924/221236.544:VERBOSE1:media_stream_manager.cc(1533)] MSPL::OnSpeedLimitChange({this=000063AC0232AD40}, {new_limit=39})
[88664:77012:0924/221238.543:VERBOSE1:media_stream_manager.cc(1533)] MSPL::OnSpeedLimitChange({this=000063AC0232AD40}, {new_limit=41})
[88664:77012:0924/221239.544:VERBOSE1:media_stream_manager.cc(1533)] MSPL::OnSpeedLimitChange({this=000063AC0232AD40}, {new_limit=42})
[88664:77012:0924/221240.554:VERBOSE1:media_stream_manager.cc(1533)] MSPL::OnSpeedLimitChange({this=000063AC0232AD40}, {new_limit=43})
[88664:77012:0924/221241.550:VERBOSE1:media_stream_manager.cc(1533)] MSPL::OnSpeedLimitChange({this=000063AC0232AD40}, {new_limit=44})
[88664:77012:0924/221242.553:VERBOSE1:media_stream_manager.cc(1533)] MSPL::OnSpeedLimitChange({this=000063AC0232AD40}, {new_limit=48})
[88664:77012:0924/221244.551:VERBOSE1:media_stream_manager.cc(1533)] MSPL::OnSpeedLimitChange({this=000063AC0232AD40}, {new_limit=49})
[88664:77012:0924/221246.552:VERBOSE1:media_stream_manager.cc(1533)] MSPL::OnSpeedLimitChange({this=000063AC0232AD40}, {new_limit=50})
[88664:77012:0924/221248.544:VERBOSE1:media_stream_manager.cc(1533)] MSPL::OnSpeedLimitChange({this=000063AC0232AD40}, {new_limit=49})
[88664:77012:0924/221249.557:VERBOSE1:media_stream_manager.cc(1533)] MSPL::OnSpeedLimitChange({this=000063AC0232AD40}, {new_limit=50})
[88664:77012:0924/221250.559:VERBOSE1:media_stream_manager.cc(1533)] MSPL::OnSpeedLimitChange({this=000063AC0232AD40}, {new_limit=52})
[88664:77012:0924/221251.563:VERBOSE1:media_stream_manager.cc(1533)] MSPL::OnSpeedLimitChange({this=000063AC0232AD40}, {new_limit=51})
[88664:77012:0924/221252.548:VERBOSE1:media_stream_manager.cc(1533)] MSPL::OnSpeedLimitChange({this=000063AC0232AD40}, {new_limit=49})
[88664:77012:0924/221253.551:VERBOSE1:media_stream_manager.cc(1533)] MSPL::OnSpeedLimitChange({this=000063AC0232AD40}, {new_limit=50})
[88664:77012:0924/221255.562:VERBOSE1:media_stream_manager.cc(1533)] MSPL::OnSpeedLimitChange({this=000063AC0232AD40}, {new_limit=52})
[88664:77012:0924/221256.566:VERBOSE1:media_stream_manager.cc(1533)] MSPL::OnSpeedLimitChange({this=000063AC0232AD40}, {new_limit=53})
[88664:77012:0924/221259.555:VERBOSE1:media_stream_manager.cc(1533)] MSPL::OnSpeedLimitChange({this=000063AC0232AD40}, {new_limit=52})
[88664:77012:0924/221300.572:VERBOSE1:media_stream_manager.cc(1533)] MSPL::OnSpeedLimitChange({this=000063AC0232AD40}, {new_limit=50})
[88664:77012:0924/221301.553:VERBOSE1:media_stream_manager.cc(1533)] MSPL::OnSpeedLimitChange({this=000063AC0232AD40}, {new_limit=49})
[88664:77012:0924/221302.567:VERBOSE1:media_stream_manager.cc(1533)] MSPL::OnSpeedLimitChange({this=000063AC0232AD40}, {new_limit=48})
[88664:77012:0924/221305.574:VERBOSE1:media_stream_manager.cc(1533)] MSPL::OnSpeedLimitChange({this=000063AC0232AD40}, {new_limit=47})
[88664:77012:0924/221306.566:VERBOSE1:media_stream_manager.cc(1533)] MSPL::OnSpeedLimitChange({this=000063AC0232AD40}, {new_limit=45})
[88664:77012:0924/221308.602:VERBOSE1:media_stream_manager.cc(1533)] MSPL::OnSpeedLimitChange({this=000063AC0232AD40}, {new_limit=48})
[88664:77012:0924/221309.627:VERBOSE1:media_stream_manager.cc(1533)] MSPL::OnSpeedLimitChange({this=000063AC0232AD40}, {new_limit=51})
[88664:77012:0924/221310.631:VERBOSE1:media_stream_manager.cc(1533)] MSPL::OnSpeedLimitChange({this=000063AC0232AD40}, {new_limit=54})
[88664:77012:0924/221311.627:VERBOSE1:media_stream_manager.cc(1533)] MSPL::OnSpeedLimitChange({this=000063AC0232AD40}, {new_limit=58})
[88664:77012:0924/221312.635:VERBOSE1:media_stream_manager.cc(1533)] MSPL::OnSpeedLimitChange({this=000063AC0232AD40}, {new_limit=60})
[88664:88556:0924/221312.969:WARNING:page_discarding_helper.cc(138)] Discarding multiple pages with target (kb): 0
[88664:77012:0924/221318.292:VERBOSE1:media_stream_manager.cc(1533)] MSPL::OnSpeedLimitChange({this=000063AC0232AD40}, {new_limit=61})
[88664:77012:0924/221318.292:VERBOSE1:media_stream_manager.cc(1533)] MSPL::OnSpeedLimitChange({this=000063AC0232AD40}, {new_limit=58})
[88664:77012:0924/221318.292:VERBOSE1:media_stream_manager.cc(1533)] MSPL::OnSpeedLimitChange({this=000063AC0232AD40}, {new_limit=60})
[88664:77012:0924/221318.292:VERBOSE1:media_stream_manager.cc(1533)] MSPL::OnSpeedLimitChange({this=000063AC0232AD40}, {new_limit=100})
[88664:88556:0924/221318.296:WARNING:page_discarding_helper.cc(138)] Discarding multiple pages with target (kb): 0
[88664:88556:0924/221318.352:VERBOSE1:device_event_log_impl.cc(198)] [22:13:18.319] Display: EVENT: screen_win.cc:893 Displays updated, count: 1
[88664:88556:0924/221318.356:VERBOSE1:device_event_log_impl.cc(198)] [22:13:18.356] Display: EVENT: screen_win.cc:895 Display[263747310] bounds=[0,0 1536x864], workarea=[0,0 1536x816], scale=1.25, rotation=0, panel_rotation=0 external detected
[88664:77012:0924/221326.591:VERBOSE1:media_stream_manager.cc(1533)] MSPL::OnSpeedLimitChange({this=000063AC0232AD40}, {new_limit=54})
[88664:77012:0924/221327.603:VERBOSE1:media_stream_manager.cc(1533)] MSPL::OnSpeedLimitChange({this=000063AC0232AD40}, {new_limit=52})
[88664:77012:0924/221328.581:VERBOSE1:media_stream_manager.cc(1533)] MSPL::OnSpeedLimitChange({this=000063AC0232AD40}, {new_limit=54})
[88664:77012:0924/221330.590:VERBOSE1:media_stream_manager.cc(1533)] MSPL::OnSpeedLimitChange({this=000063AC0232AD40}, {new_limit=53})
[88664:77012:0924/221331.605:VERBOSE1:media_stream_manager.cc(1533)] MSPL::OnSpeedLimitChange({this=000063AC0232AD40}, {new_limit=52})
[88664:77012:0924/221333.604:VERBOSE1:media_stream_manager.cc(1533)] MSPL::OnSpeedLimitChange({this=000063AC0232AD40}, {new_limit=53})
[88664:77012:0924/221335.594:VERBOSE1:media_stream_manager.cc(1533)] MSPL::OnSpeedLimitChange({this=000063AC0232AD40}, {new_limit=52})
[88664:77012:0924/221337.610:VERBOSE1:media_stream_manager.cc(1533)] MSPL::OnSpeedLimitChange({this=000063AC0232AD40}, {new_limit=53})
[88664:77012:0924/221344.396:VERBOSE1:media_stream_manager.cc(1533)] MSPL::OnSpeedLimitChange({this=000063AC0232AD40}, {new_limit=57})
[88664:77012:0924/221344.396:VERBOSE1:media_stream_manager.cc(1533)] MSPL::OnSpeedLimitChange({this=000063AC0232AD40}, {new_limit=60})
[88664:77012:0924/221344.396:VERBOSE1:media_stream_manager.cc(1533)] MSPL::OnSpeedLimitChange({this=000063AC0232AD40}, {new_limit=59})
[88664:77012:0924/221344.396:VERBOSE1:media_stream_manager.cc(1533)] MSPL::OnSpeedLimitChange({this=000063AC0232AD40}, {new_limit=63})
[88664:88556:0924/221344.399:WARNING:page_discarding_helper.cc(138)] Discarding multiple pages with target (kb): 0
[88664:77012:0924/221344.654:VERBOSE1:media_stream_manager.cc(1533)] MSPL::OnSpeedLimitChange({this=000063AC0232AD40}, {new_limit=64})
[88664:77012:0924/221345.617:VERBOSE1:media_stream_manager.cc(1533)] MSPL::OnSpeedLimitChange({this=000063AC0232AD40}, {new_limit=63})
[88664:77012:0924/221346.632:VERBOSE1:media_stream_manager.cc(1533)] MSPL::OnSpeedLimitChange({this=000063AC0232AD40}, {new_limit=66})
[88664:77012:0924/221347.605:VERBOSE1:media_stream_manager.cc(1533)] MSPL::OnSpeedLimitChange({this=000063AC0232AD40}, {new_limit=67})
[88664:88556:0924/221349.399:WARNING:page_discarding_helper.cc(138)] Discarding multiple pages with target (kb): 0
[88664:77012:0924/221349.623:VERBOSE1:media_stream_manager.cc(1533)] MSPL::OnSpeedLimitChange({this=000063AC0232AD40}, {new_limit=63})
[88664:77012:0924/221350.639:VERBOSE1:media_stream_manager.cc(1533)] MSPL::OnSpeedLimitChange({this=000063AC0232AD40}, {new_limit=64})
[88664:77012:0924/221351.635:VERBOSE1:media_stream_manager.cc(1533)] MSPL::OnSpeedLimitChange({this=000063AC0232AD40}, {new_limit=61})
[88664:77012:0924/221352.604:VERBOSE1:media_stream_manager.cc(1533)] MSPL::OnSpeedLimitChange({this=000063AC0232AD40}, {new_limit=62})
[88664:77012:0924/221353.620:VERBOSE1:media_stream_manager.cc(1533)] MSPL::OnSpeedLimitChange({this=000063AC0232AD40}, {new_limit=60})
[88664:88556:0924/221354.401:WARNING:page_discarding_helper.cc(138)] Discarding multiple pages with target (kb): 0
[88664:77012:0924/221355.610:VERBOSE1:media_stream_manager.cc(1533)] MSPL::OnSpeedLimitChange({this=000063AC0232AD40}, {new_limit=59})
[88664:77012:0924/221356.626:VERBOSE1:media_stream_manager.cc(1533)] MSPL::OnSpeedLimitChange({this=000063AC0232AD40}, {new_limit=57})
[88664:88556:0924/221359.450:WARNING:page_discarding_helper.cc(138)] Discarding multiple pages with target (kb): 0
[88664:77012:0924/221359.633:VERBOSE1:media_stream_manager.cc(1533)] MSPL::OnSpeedLimitChange({this=000063AC0232AD40}, {new_limit=59})
[88664:77012:0924/221400.600:VERBOSE1:media_stream_manager.cc(1533)] MSPL::OnSpeedLimitChange({this=000063AC0232AD40}, {new_limit=57})
[88664:77012:0924/221401.614:VERBOSE1:media_stream_manager.cc(1533)] MSPL::OnSpeedLimitChange({this=000063AC0232AD40}, {new_limit=56})
[88664:77012:0924/221403.608:VERBOSE1:media_stream_manager.cc(1533)] MSPL::OnSpeedLimitChange({this=000063AC0232AD40}, {new_limit=54})
[88664:88556:0924/221404.517:WARNING:page_discarding_helper.cc(138)] Discarding multiple pages with target (kb): 0
[88664:77012:0924/221404.605:VERBOSE1:media_stream_manager.cc(1533)] MSPL::OnSpeedLimitChange({this=000063AC0232AD40}, {new_limit=51})
[88664:77012:0924/221408.460:VERBOSE1:media_stream_manager.cc(1533)] MSPL::OnSpeedLimitChange({this=000063AC0232AD40}, {new_limit=52})
[88664:77012:0924/221410.633:VERBOSE1:media_stream_manager.cc(1533)] MSPL::OnSpeedLimitChange({this=000063AC0232AD40}, {new_limit=54})
[88664:77012:0924/221411.635:VERBOSE1:media_stream_manager.cc(1533)] MSPL::OnSpeedLimitChange({this=000063AC0232AD40}, {new_limit=55})
[88664:77012:0924/221412.623:VERBOSE1:media_stream_manager.cc(1533)] MSPL::OnSpeedLimitChange({this=000063AC0232AD40}, {new_limit=56})
[88664:77012:0924/221414.631:VERBOSE1:media_stream_manager.cc(1533)] MSPL::OnSpeedLimitChange({this=000063AC0232AD40}, {new_limit=58})
[88664:77012:0924/221416.634:VERBOSE1:media_stream_manager.cc(1533)] MSPL::OnSpeedLimitChange({this=000063AC0232AD40}, {new_limit=57})
[88664:77012:0924/221417.638:VERBOSE1:media_stream_manager.cc(1533)] MSPL::OnSpeedLimitChange({this=000063AC0232AD40}, {new_limit=55})
[88664:77012:0924/221418.620:VERBOSE1:media_stream_manager.cc(1533)] MSPL::OnSpeedLimitChange({this=000063AC0232AD40}, {new_limit=56})
[88664:77012:0924/221420.637:VERBOSE1:media_stream_manager.cc(1533)] MSPL::OnSpeedLimitChange({this=000063AC0232AD40}, {new_limit=55})
[88664:77012:0924/221423.643:VERBOSE1:media_stream_manager.cc(1533)] MSPL::OnSpeedLimitChange({this=000063AC0232AD40}, {new_limit=57})
[88664:77012:0924/221424.633:VERBOSE1:media_stream_manager.cc(1533)] MSPL::OnSpeedLimitChange({this=000063AC0232AD40}, {new_limit=59})
[88664:77012:0924/221425.648:VERBOSE1:media_stream_manager.cc(1533)] MSPL::OnSpeedLimitChange({this=000063AC0232AD40}, {new_limit=60})
[88664:77012:0924/221426.636:VERBOSE1:media_stream_manager.cc(1533)] MSPL::OnSpeedLimitChange({this=000063AC0232AD40}, {new_limit=62})
[88664:77012:0924/221430.634:VERBOSE1:media_stream_manager.cc(1533)] MSPL::OnSpeedLimitChange({this=000063AC0232AD40}, {new_limit=64})
[88664:77012:0924/221434.647:VERBOSE1:media_stream_manager.cc(1533)] MSPL::OnSpeedLimitChange({this=000063AC0232AD40}, {new_limit=63})
[88664:77012:0924/221435.654:VERBOSE1:media_stream_manager.cc(1533)] MSPL::OnSpeedLimitChange({this=000063AC0232AD40}, {new_limit=62})
[88664:77012:0924/221437.637:VERBOSE1:media_stream_manager.cc(1533)] MSPL::OnSpeedLimitChange({this=000063AC0232AD40}, {new_limit=61})
[88664:77012:0924/221438.654:VERBOSE1:media_stream_manager.cc(1533)] MSPL::OnSpeedLimitChange({this=000063AC0232AD40}, {new_limit=58})
[88664:77012:0924/221439.639:VERBOSE1:media_stream_manager.cc(1533)] MSPL::OnSpeedLimitChange({this=000063AC0232AD40}, {new_limit=55})
[88664:88556:0924/221439.720:WARNING:page_discarding_helper.cc(138)] Discarding multiple pages with target (kb): 0
[88664:77012:0924/221440.660:VERBOSE1:media_stream_manager.cc(1533)] MSPL::OnSpeedLimitChange({this=000063AC0232AD40}, {new_limit=53})
[88664:77012:0924/221441.784:VERBOSE1:media_stream_manager.cc(1533)] MSPL::OnSpeedLimitChange({this=000063AC0232AD40}, {new_limit=55})
[88664:77012:0924/221442.649:VERBOSE1:media_stream_manager.cc(1533)] MSPL::OnSpeedLimitChange({this=000063AC0232AD40}, {new_limit=52})
[88664:77012:0924/221443.661:VERBOSE1:media_stream_manager.cc(1533)] MSPL::OnSpeedLimitChange({this=000063AC0232AD40}, {new_limit=51})
[88664:77012:0924/221445.658:VERBOSE1:media_stream_manager.cc(1533)] MSPL::OnSpeedLimitChange({this=000063AC0232AD40}, {new_limit=50})
[88664:77012:0924/221446.640:VERBOSE1:media_stream_manager.cc(1533)] MSPL::OnSpeedLimitChange({this=000063AC0232AD40}, {new_limit=49})
[88664:77012:0924/221448.658:VERBOSE1:media_stream_manager.cc(1533)] MSPL::OnSpeedLimitChange({this=000063AC0232AD40}, {new_limit=50})
[88664:77012:0924/221449.644:VERBOSE1:media_stream_manager.cc(1533)] MSPL::OnSpeedLimitChange({this=000063AC0232AD40}, {new_limit=52})
[88664:77012:0924/221450.649:VERBOSE1:media_stream_manager.cc(1533)] MSPL::OnSpeedLimitChange({this=000063AC0232AD40}, {new_limit=53})
[88664:77012:0924/221451.683:VERBOSE1:media_stream_manager.cc(1533)] MSPL::OnSpeedLimitChange({this=000063AC0232AD40}, {new_limit=49})
[88664:77012:0924/221452.653:VERBOSE1:media_stream_manager.cc(1533)] MSPL::OnSpeedLimitChange({this=000063AC0232AD40}, {new_limit=50})
[88664:77012:0924/221453.705:VERBOSE1:media_stream_manager.cc(1533)] MSPL::OnSpeedLimitChange({this=000063AC0232AD40}, {new_limit=51})
[88664:77012:0924/221454.663:VERBOSE1:media_stream_manager.cc(1533)] MSPL::OnSpeedLimitChange({this=000063AC0232AD40}, {new_limit=52})
[88664:88556:0924/221454.839:WARNING:page_discarding_helper.cc(138)] Discarding multiple pages with target (kb): 0
[88664:77012:0924/221455.727:VERBOSE1:media_stream_manager.cc(1533)] MSPL::OnSpeedLimitChange({this=000063AC0232AD40}, {new_limit=55})
[88664:77012:0924/221456.690:VERBOSE1:media_stream_manager.cc(1533)] MSPL::OnSpeedLimitChange({this=000063AC0232AD40}, {new_limit=56})
[88664:77012:0924/221457.681:VERBOSE1:media_stream_manager.cc(1533)] MSPL::OnSpeedLimitChange({this=000063AC0232AD40}, {new_limit=58})
[88664:77012:0924/221458.673:VERBOSE1:media_stream_manager.cc(1533)] MSPL::OnSpeedLimitChange({this=000063AC0232AD40}, {new_limit=59})
[88664:77012:0924/221459.711:VERBOSE1:media_stream_manager.cc(1533)] MSPL::OnSpeedLimitChange({this=000063AC0232AD40}, {new_limit=61})
[88664:88556:0924/221459.909:WARNING:page_discarding_helper.cc(138)] Discarding multiple pages with target (kb): 0
[88664:77012:0924/221501.681:VERBOSE1:media_stream_manager.cc(1533)] MSPL::OnSpeedLimitChange({this=000063AC0232AD40}, {new_limit=63})
[88664:77012:0924/221502.650:VERBOSE1:media_stream_manager.cc(1533)] MSPL::OnSpeedLimitChange({this=000063AC0232AD40}, {new_limit=64})
[88664:77012:0924/221503.657:VERBOSE1:media_stream_manager.cc(1533)] MSPL::OnSpeedLimitChange({this=000063AC0232AD40}, {new_limit=63})
[88664:77012:0924/221504.654:VERBOSE1:media_stream_manager.cc(1533)] MSPL::OnSpeedLimitChange({this=000063AC0232AD40}, {new_limit=62})
[88664:88556:0924/221504.922:WARNING:page_discarding_helper.cc(138)] Discarding multiple pages with target (kb): 0
[88664:77012:0924/221505.652:VERBOSE1:media_stream_manager.cc(1533)] MSPL::OnSpeedLimitChange({this=000063AC0232AD40}, {new_limit=60})
[88664:77012:0924/221506.676:VERBOSE1:media_stream_manager.cc(1533)] MSPL::OnSpeedLimitChange({this=000063AC0232AD40}, {new_limit=58})
[88664:77012:0924/221507.660:VERBOSE1:media_stream_manager.cc(1533)] MSPL::OnSpeedLimitChange({this=000063AC0232AD40}, {new_limit=56})
[88664:77012:0924/221508.669:VERBOSE1:media_stream_manager.cc(1533)] MSPL::OnSpeedLimitChange({this=000063AC0232AD40}, {new_limit=55})
[88664:77012:0924/221509.677:VERBOSE1:media_stream_manager.cc(1533)] MSPL::OnSpeedLimitChange({this=000063AC0232AD40}, {new_limit=52})
[88664:77012:0924/221510.658:VERBOSE1:media_stream_manager.cc(1533)] MSPL::OnSpeedLimitChange({this=000063AC0232AD40}, {new_limit=53})
[88664:77012:0924/221512.662:VERBOSE1:media_stream_manager.cc(1533)] MSPL::OnSpeedLimitChange({this=000063AC0232AD40}, {new_limit=51})
[88664:77012:0924/221513.665:VERBOSE1:media_stream_manager.cc(1533)] MSPL::OnSpeedLimitChange({this=000063AC0232AD40}, {new_limit=52})
[88664:77012:0924/221517.688:VERBOSE1:media_stream_manager.cc(1533)] MSPL::OnSpeedLimitChange({this=000063AC0232AD40}, {new_limit=53})
[88664:77012:0924/221518.675:VERBOSE1:media_stream_manager.cc(1533)] MSPL::OnSpeedLimitChange({this=000063AC0232AD40}, {new_limit=54})
[88664:77012:0924/221519.732:VERBOSE1:media_stream_manager.cc(1533)] MSPL::OnSpeedLimitChange({this=000063AC0232AD40}, {new_limit=57})
[88664:77012:0924/221520.686:VERBOSE1:media_stream_manager.cc(1533)] MSPL::OnSpeedLimitChange({this=000063AC0232AD40}, {new_limit=54})
[88664:77012:0924/221521.666:VERBOSE1:media_stream_manager.cc(1533)] MSPL::OnSpeedLimitChange({this=000063AC0232AD40}, {new_limit=52})
[88664:77012:0924/221522.747:VERBOSE1:media_stream_manager.cc(1533)] MSPL::OnSpeedLimitChange({this=000063AC0232AD40}, {new_limit=53})
[88664:77012:0924/221523.697:VERBOSE1:media_stream_manager.cc(1533)] MSPL::OnSpeedLimitChange({this=000063AC0232AD40}, {new_limit=51})
[88664:77012:0924/221524.711:VERBOSE1:media_stream_manager.cc(1533)] MSPL::OnSpeedLimitChange({this=000063AC0232AD40}, {new_limit=50})
[88664:88556:0924/221525.313:WARNING:page_discarding_helper.cc(138)] Discarding multiple pages with target (kb): 0
[88664:77012:0924/221525.707:VERBOSE1:media_stream_manager.cc(1533)] MSPL::OnSpeedLimitChange({this=000063AC0232AD40}, {new_limit=49})
[88664:77012:0924/221528.709:VERBOSE1:media_stream_manager.cc(1533)] MSPL::OnSpeedLimitChange({this=000063AC0232AD40}, {new_limit=47})
[88664:77012:0924/221529.698:VERBOSE1:media_stream_manager.cc(1533)] MSPL::OnSpeedLimitChange({this=000063AC0232AD40}, {new_limit=42})
[88664:77012:0924/221530.699:VERBOSE1:media_stream_manager.cc(1533)] MSPL::OnSpeedLimitChange({this=000063AC0232AD40}, {new_limit=44})
[88664:77012:0924/221531.702:VERBOSE1:media_stream_manager.cc(1533)] MSPL::OnSpeedLimitChange({this=000063AC0232AD40}, {new_limit=47})
[88664:77012:0924/221540.440:VERBOSE1:media_stream_manager.cc(1533)] MSPL::OnSpeedLimitChange({this=000063AC0232AD40}, {new_limit=50})
[88664:77012:0924/221540.440:VERBOSE1:media_stream_manager.cc(1533)] MSPL::OnSpeedLimitChange({this=000063AC0232AD40}, {new_limit=51})
[88664:77012:0924/221540.440:VERBOSE1:media_stream_manager.cc(1533)] MSPL::OnSpeedLimitChange({this=000063AC0232AD40}, {new_limit=55})
[88664:77012:0924/221540.440:VERBOSE1:media_stream_manager.cc(1533)] MSPL::OnSpeedLimitChange({this=000063AC0232AD40}, {new_limit=100})
[88664:88556:0924/221541.008:WARNING:page_discarding_helper.cc(138)] Discarding multiple pages with target (kb): 0
[88664:77012:0924/221545.702:VERBOSE1:media_stream_manager.cc(1533)] MSPL::OnSpeedLimitChange({this=000063AC0232AD40}, {new_limit=53})
[88664:77012:0924/221546.699:VERBOSE1:media_stream_manager.cc(1533)] MSPL::OnSpeedLimitChange({this=000063AC0232AD40}, {new_limit=49})
[88664:77012:0924/221548.721:VERBOSE1:media_stream_manager.cc(1533)] MSPL::OnSpeedLimitChange({this=000063AC0232AD40}, {new_limit=44})
[88664:77012:0924/221550.719:VERBOSE1:media_stream_manager.cc(1533)] MSPL::OnSpeedLimitChange({this=000063AC0232AD40}, {new_limit=40})
[88664:77012:0924/221552.686:VERBOSE1:media_stream_manager.cc(1533)] MSPL::OnSpeedLimitChange({this=000063AC0232AD40}, {new_limit=42})
[88664:77012:0924/221554.707:VERBOSE1:media_stream_manager.cc(1533)] MSPL::OnSpeedLimitChange({this=000063AC0232AD40}, {new_limit=41})
[88664:77012:0924/221555.696:VERBOSE1:media_stream_manager.cc(1533)] MSPL::OnSpeedLimitChange({this=000063AC0232AD40}, {new_limit=42})
[88664:77012:0924/221556.697:VERBOSE1:media_stream_manager.cc(1533)] MSPL::OnSpeedLimitChange({this=000063AC0232AD40}, {new_limit=43})
[88664:77012:0924/221559.694:VERBOSE1:media_stream_manager.cc(1533)] MSPL::OnSpeedLimitChange({this=000063AC0232AD40}, {new_limit=46})
[88664:77012:0924/221601.721:VERBOSE1:media_stream_manager.cc(1533)] MSPL::OnSpeedLimitChange({this=000063AC0232AD40}, {new_limit=47})
[88664:77012:0924/221603.699:VERBOSE1:media_stream_manager.cc(1533)] MSPL::OnSpeedLimitChange({this=000063AC0232AD40}, {new_limit=48})
[88664:77012:0924/221606.719:VERBOSE1:media_stream_manager.cc(1533)] MSPL::OnSpeedLimitChange({this=000063AC0232AD40}, {new_limit=47})
[88664:77012:0924/221607.719:VERBOSE1:media_stream_manager.cc(1533)] MSPL::OnSpeedLimitChange({this=000063AC0232AD40}, {new_limit=46})
[88664:77012:0924/221608.722:VERBOSE1:media_stream_manager.cc(1533)] MSPL::OnSpeedLimitChange({this=000063AC0232AD40}, {new_limit=45})
[88664:77012:0924/221609.726:VERBOSE1:media_stream_manager.cc(1533)] MSPL::OnSpeedLimitChange({this=000063AC0232AD40}, {new_limit=44})
[88664:77012:0924/221610.702:VERBOSE1:media_stream_manager.cc(1533)] MSPL::OnSpeedLimitChange({this=000063AC0232AD40}, {new_limit=45})
[88664:77012:0924/221611.704:VERBOSE1:media_stream_manager.cc(1533)] MSPL::OnSpeedLimitChange({this=000063AC0232AD40}, {new_limit=47})
[88664:77012:0924/221612.706:VERBOSE1:media_stream_manager.cc(1533)] MSPL::OnSpeedLimitChange({this=000063AC0232AD40}, {new_limit=46})
[88664:77012:0924/221613.721:VERBOSE1:media_stream_manager.cc(1533)] MSPL::OnSpeedLimitChange({this=000063AC0232AD40}, {new_limit=45})
[88664:77012:0924/221614.709:VERBOSE1:media_stream_manager.cc(1533)] MSPL::OnSpeedLimitChange({this=000063AC0232AD40}, {new_limit=47})
[88664:77012:0924/221616.711:VERBOSE1:media_stream_manager.cc(1533)] MSPL::OnSpeedLimitChange({this=000063AC0232AD40}, {new_limit=48})
[88664:77012:0924/221617.725:VERBOSE1:media_stream_manager.cc(1533)] MSPL::OnSpeedLimitChange({this=000063AC0232AD40}, {new_limit=49})
[88664:77012:0924/221618.728:VERBOSE1:media_stream_manager.cc(1533)] MSPL::OnSpeedLimitChange({this=000063AC0232AD40}, {new_limit=50})
[88664:77012:0924/221619.723:VERBOSE1:media_stream_manager.cc(1533)] MSPL::OnSpeedLimitChange({this=000063AC0232AD40}, {new_limit=51})
[88664:77012:0924/221620.733:VERBOSE1:media_stream_manager.cc(1533)] MSPL::OnSpeedLimitChange({this=000063AC0232AD40}, {new_limit=50})
[88664:88556:0924/221621.276:WARNING:page_discarding_helper.cc(138)] Discarding multiple pages with target (kb): 0
[88664:77012:0924/221621.726:VERBOSE1:media_stream_manager.cc(1533)] MSPL::OnSpeedLimitChange({this=000063AC0232AD40}, {new_limit=49})
[88664:77012:0924/221624.729:VERBOSE1:media_stream_manager.cc(1533)] MSPL::OnSpeedLimitChange({this=000063AC0232AD40}, {new_limit=48})
[88664:77012:0924/221625.737:VERBOSE1:media_stream_manager.cc(1533)] MSPL::OnSpeedLimitChange({this=000063AC0232AD40}, {new_limit=49})
[88664:88556:0924/221626.314:WARNING:page_discarding_helper.cc(138)] Discarding multiple pages with target (kb): 0
[88664:77012:0924/221626.712:VERBOSE1:media_stream_manager.cc(1533)] MSPL::OnSpeedLimitChange({this=000063AC0232AD40}, {new_limit=48})
[88664:77012:0924/221627.722:VERBOSE1:media_stream_manager.cc(1533)] MSPL::OnSpeedLimitChange({this=000063AC0232AD40}, {new_limit=47})
[88664:77012:0924/221629.727:VERBOSE1:media_stream_manager.cc(1533)] MSPL::OnSpeedLimitChange({this=000063AC0232AD40}, {new_limit=46})
[88664:88556:0924/221631.384:WARNING:page_discarding_helper.cc(138)] Discarding multiple pages with target (kb): 0
[88664:77012:0924/221631.725:VERBOSE1:media_stream_manager.cc(1533)] MSPL::OnSpeedLimitChange({this=000063AC0232AD40}, {new_limit=48})
[88664:77012:0924/221632.725:VERBOSE1:media_stream_manager.cc(1533)] MSPL::OnSpeedLimitChange({this=000063AC0232AD40}, {new_limit=47})
[88664:77012:0924/221633.740:VERBOSE1:media_stream_manager.cc(1533)] MSPL::OnSpeedLimitChange({this=000063AC0232AD40}, {new_limit=45})
[88664:77012:0924/221634.733:VERBOSE1:media_stream_manager.cc(1533)] MSPL::OnSpeedLimitChange({this=000063AC0232AD40}, {new_limit=48})
[88664:77012:0924/221635.728:VERBOSE1:media_stream_manager.cc(1533)] MSPL::OnSpeedLimitChange({this=000063AC0232AD40}, {new_limit=46})
[88664:88556:0924/221636.454:WARNING:page_discarding_helper.cc(138)] Discarding multiple pages with target (kb): 0
[88664:77012:0924/221636.745:VERBOSE1:media_stream_manager.cc(1533)] MSPL::OnSpeedLimitChange({this=000063AC0232AD40}, {new_limit=47})
[88664:77012:0924/221638.721:VERBOSE1:media_stream_manager.cc(1533)] MSPL::OnSpeedLimitChange({this=000063AC0232AD40}, {new_limit=48})
[88664:77012:0924/221640.729:VERBOSE1:media_stream_manager.cc(1533)] MSPL::OnSpeedLimitChange({this=000063AC0232AD40}, {new_limit=49})
[88664:88556:0924/221641.505:WARNING:page_discarding_helper.cc(138)] Discarding multiple pages with target (kb): 0
[88664:77012:0924/221641.725:VERBOSE1:media_stream_manager.cc(1533)] MSPL::OnSpeedLimitChange({this=000063AC0232AD40}, {new_limit=48})
[88664:77012:0924/221642.733:VERBOSE1:media_stream_manager.cc(1533)] MSPL::OnSpeedLimitChange({this=000063AC0232AD40}, {new_limit=49})
[88664:77012:0924/221643.749:VERBOSE1:media_stream_manager.cc(1533)] MSPL::OnSpeedLimitChange({this=000063AC0232AD40}, {new_limit=51})
[88664:77012:0924/221644.746:VERBOSE1:media_stream_manager.cc(1533)] MSPL::OnSpeedLimitChange({this=000063AC0232AD40}, {new_limit=49})
[88664:77012:0924/221645.735:VERBOSE1:media_stream_manager.cc(1533)] MSPL::OnSpeedLimitChange({this=000063AC0232AD40}, {new_limit=51})
[88664:88556:0924/221646.507:WARNING:page_discarding_helper.cc(138)] Discarding multiple pages with target (kb): 0
[88664:77012:0924/221647.732:VERBOSE1:media_stream_manager.cc(1533)] MSPL::OnSpeedLimitChange({this=000063AC0232AD40}, {new_limit=50})
[88664:77012:0924/221649.731:VERBOSE1:media_stream_manager.cc(1533)] MSPL::OnSpeedLimitChange({this=000063AC0232AD40}, {new_limit=51})
[88664:88556:0924/221651.528:WARNING:page_discarding_helper.cc(138)] Discarding multiple pages with target (kb): 0
[88664:77012:0924/221651.752:VERBOSE1:media_stream_manager.cc(1533)] MSPL::OnSpeedLimitChange({this=000063AC0232AD40}, {new_limit=53})
[88664:77012:0924/221653.757:VERBOSE1:media_stream_manager.cc(1533)] MSPL::OnSpeedLimitChange({this=000063AC0232AD40}, {new_limit=52})
[88664:77012:0924/221655.770:VERBOSE1:media_stream_manager.cc(1533)] MSPL::OnSpeedLimitChange({this=000063AC0232AD40}, {new_limit=50})
[88664:88556:0924/221656.577:WARNING:page_discarding_helper.cc(138)] Discarding multiple pages with target (kb): 0
[88664:77012:0924/221656.763:VERBOSE1:media_stream_manager.cc(1533)] MSPL::OnSpeedLimitChange({this=000063AC0232AD40}, {new_limit=49})
[88664:77012:0924/221658.748:VERBOSE1:media_stream_manager.cc(1533)] MSPL::OnSpeedLimitChange({this=000063AC0232AD40}, {new_limit=48})
[88664:77012:0924/221659.761:VERBOSE1:media_stream_manager.cc(1533)] MSPL::OnSpeedLimitChange({this=000063AC0232AD40}, {new_limit=49})
[88664:77012:0924/221700.753:VERBOSE1:media_stream_manager.cc(1533)] MSPL::OnSpeedLimitChange({this=000063AC0232AD40}, {new_limit=48})
[88664:88556:0924/221701.621:WARNING:page_discarding_helper.cc(138)] Discarding multiple pages with target (kb): 0
[88664:77012:0924/221701.761:VERBOSE1:media_stream_manager.cc(1533)] MSPL::OnSpeedLimitChange({this=000063AC0232AD40}, {new_limit=46})
[88664:77012:0924/221703.768:VERBOSE1:media_stream_manager.cc(1533)] MSPL::OnSpeedLimitChange({this=000063AC0232AD40}, {new_limit=45})
[88664:77012:0924/221705.764:VERBOSE1:media_stream_manager.cc(1533)] MSPL::OnSpeedLimitChange({this=000063AC0232AD40}, {new_limit=48})
[88664:88556:0924/221706.643:WARNING:page_discarding_helper.cc(138)] Discarding multiple pages with target (kb): 0
[88664:77012:0924/221710.767:VERBOSE1:media_stream_manager.cc(1533)] MSPL::OnSpeedLimitChange({this=000063AC0232AD40}, {new_limit=46})
[88664:88556:0924/221711.711:WARNING:page_discarding_helper.cc(138)] Discarding multiple pages with target (kb): 0
